filename,class,source,licence,sha256,dhash
vishalmane109_test_100_15.jpg,100,vishalmane109,CC0-1.0,ca4a31558a0946b71b2e6eb84cdae0f990bdbfcd9c92ad4f7c4bbba65ea6dcab,01a1595933210112
vishalmane109_test_100_20.jpg,100,vishalmane109,CC0-1.0,c0cde333b54d4475b974cd8dfab91342869bd3bcaa6f0fcd31727e1908160c60,9e4dcc5c5ec4453f
vishalmane109_test_100_270.jpg,100,vishalmane109,CC0-1.0,7c2fdf0f9ef654fac5f61a0e8e5c966bc35eea94740976dc5110a89b1077c549,98c824040c0c0e1c
vishalmane109_test_100_3.jpg,100,vishalmane109,CC0-1.0,bf6685aa41aa1d7f1517de127b7755b40361e4508de052ceeba321b47759f730,fe5c9988888b98a9
vishalmane109_test_100_359.jpg,100,vishalmane109,CC0-1.0,177f8b91f48b0cdee01da3eb09f868ca0cdc2539f1f28a251f6a6f289a54e40a,1e5fc7d9c1c1e3ff
vishalmane109_test_100_371.jpg,100,vishalmane109,CC0-1.0,22a472f0d459866b5c1fe555ce4ba7f770dece32f4b3c06fdecbd68b58c381eb,7c78cc04cd4c0b27
vishalmane109_test_100_4.jpg,100,vishalmane109,CC0-1.0,bb792523ad180c0e7c459c24eb0b0493035f4a24e3ef44993ffb705a3ae60ef8,ee2eac9c8c9959ce
vishalmane109_test_100__371.jpg,100,vishalmane109,CC0-1.0,ea2211989db896196e79dce9a3a6e2860216e249a3ed09a2abade66e81093068,35f594949494f011
vishalmane109_test_100__386.jpg,100,vishalmane109,CC0-1.0,946d7569a3ed92ec9218a1db3b782fc39303b1ac37c39cfb4d2a89e2cc487f7e,6e4e8888888ac8f0
vishalmane109_test_100__389.jpg,100,vishalmane109,CC0-1.0,cdeafd3e9a206c8c9d797d25fd97dcffb15cc4f9fe5bd8d121178d24406823a5,82c02088c84858c0
vishalmane109_test_100__415.jpg,100,vishalmane109,CC0-1.0,7b7016d0143b3f181a2be440936af250811334ca2b60668bb347eaf7950b0e41,be368b839890a8f0
vishalmane109_test_100__427.jpg,100,vishalmane109,CC0-1.0,b6ee725e697e34d34cec4c5a380d1c90330f89af4d8f52afc74b4b621d91fea9,fcd9c8f9f1f3f3f2
vishalmane109_test_100__435.jpg,100,vishalmane109,CC0-1.0,edd7d1244dfd4ae07af32eaeaa6307d6349d7777306ca67986a2cdb0b2afa2d2,e7d2f1c4c4c9cbd2
vishalmane109_test_100__437.jpg,100,vishalmane109,CC0-1.0,a3e006abc12c9a0fbd982efbd3682fb4e5ab1da4a72bea2142867556d8f2237e,290e96860e181123
vishalmane109_test_10__206.jpg,10,vishalmane109,CC0-1.0,33b1977eac8b4337e7e2ef3cba529a884571bb9618534bdd05674db5351aade5,c3c1c8eac2925a59
vishalmane109_test_10__247.jpg,10,vishalmane109,CC0-1.0,c2833ed77b9f514e8126610ac9d1dca0045458e02273b1a89d0aec95700afa75,8ccd818587c5458d
vishalmane109_test_10__276.jpg,10,vishalmane109,CC0-1.0,89ed75da0ed15ac504e15624894e989e3ad3df8c2a9feb706f5935ce33025708,6373e2c0e1b17c6f
vishalmane109_test_10__324.jpg,10,vishalmane109,CC0-1.0,50bb64512abd2c326b53b96640f7cdb7e4416e12e0a029d9bfd826da45843f09,cccdc3c5c747cdcc
vishalmane109_test_10__358.jpg,10,vishalmane109,CC0-1.0,86993913f1fb319ef00036384f09fcf58a180b4255596b1306402ac3f3c7417a,70707060607020e0
vishalmane109_test_10__388.jpg,10,vishalmane109,CC0-1.0,6b3a5f9720730065caafcf74aa2dde5b5c5868d645c421bb8cdcd9e0f7c0bc6f,f4353535353134f4
vishalmane109_test_10__443.jpg,10,vishalmane109,CC0-1.0,95bb04b4855be23d485f0b53bec650a9ab72aeadaa9de524479d816bcf89bced,c88223235a30e4c4
vishalmane109_test_200.__1.jpg,200,vishalmane109,CC0-1.0,82cff70660eb39d9f6b99fb20f1ba3c5542e6ba82eaf696100c27bfe19e35f9d,36cd2f9c5cf3c9ee
vishalmane109_test_200.__142.jpg,200,vishalmane109,CC0-1.0,38361dc47348c5b211504e6f7c26e343852189e4979b7b88978a623ee912cefd,64d0b8ac2a6d6c65
vishalmane109_test_200.__143.jpg,200,vishalmane109,CC0-1.0,d081aeb4c581b10c26f06373d60ed023a27a4912bffc842fc68081ef2d055c09,30d8d39baded7e0e
vishalmane109_test_200.__17.jpg,200,vishalmane109,CC0-1.0,cb8335e6f5e5ade536008b4bb83ebebb39715ca0f7772cc9be64eb3c7da32309,9a96ce8e89a9921b
vishalmane109_test_200.__170.jpg,200,vishalmane109,CC0-1.0,67d06173a2381e0bf6dde7e3658350b435d03f3da03a4c45f565babaca59e769,d9c119f064ccd4d4
vishalmane109_test_200.__192.jpg,200,vishalmane109,CC0-1.0,2336cfb5f1a7dc2e2a9ab666ed715c369bfa89d90ee749068b1791b5530f193b,ecdccd0802060b13
vishalmane109_test_200.__206.jpg,200,vishalmane109,CC0-1.0,aac1c48459315452fea3bb04a9a9994c2755d6745fef1fb03230cd6178f2a646,b014f0d4868e8082
vishalmane109_test_200.__225.jpg,200,vishalmane109,CC0-1.0,0f5d063ffe4d83ee277b9ea3920d461a581f85a975aa395746ec3de31d93bf91,f0f0f0bcdc486ee7
vishalmane109_test_200.__254.jpg,200,vishalmane109,CC0-1.0,62eb027aec498e364fe485ba8a86a1b708319353f8e2c633ba15e69e7a4d5048,c88830240c28cbc5
vishalmane109_test_200.__290.jpg,200,vishalmane109,CC0-1.0,f1e651eda1ec8af4ac5ddf3548cbbe5b33194bf79061e0416f0207974701bbab,2042814148404002
vishalmane109_test_200.__338.jpg,200,vishalmane109,CC0-1.0,ab07388eb03f42954e1ae99d30f6894ca5ba1a88dad4166135eef352198a86c4,72b1b0c0e0e4e4e4
vishalmane109_test_200.__37.jpg,200,vishalmane109,CC0-1.0,6b2daad63fad5380a6004ce8e4ba645c2d80f73c510bde56c55dcd057d07569f,f98a0da7b68d9e73
vishalmane109_test_200.__402.jpg,200,vishalmane109,CC0-1.0,2299c270293a044614976ed923fa2d4a3dedffdfdab15938debd6ddf352bd13d,f0e1f17131383c37
vishalmane109_test_200.__492.jpg,200,vishalmane109,CC0-1.0,2b7bf1ba8bdd2af43135ba24a09b3f12596105999d3aa332e9d210b13fd595a0,c038e8c84c848680
vishalmane109_test_200.__87.jpg,200,vishalmane109,CC0-1.0,410d2048042c4f70d314a11eaa8e6d5718ba431e7a3398bad995eeb7a246a05d,00ea2e9e9c59cc00
vishalmane109_test_2000__114.jpg,2000,vishalmane109,CC0-1.0,02b4974b61c4e0f025550cbe89800944bcd2576fcade001dc7a0f074da2f19d0,7034a67534a73530
vishalmane109_test_2000__161.jpg,2000,vishalmane109,CC0-1.0,dfa80c1e96e1e71b8e3b329bd5b3c9e83a72e07723c383d58abd98e96e9cc2ff,e78f2a87c75c5934
vishalmane109_test_2000__240.jpg,2000,vishalmane109,CC0-1.0,1a55e3e85099ed049e2548efec06e4c8ae716ddbd58533fcad754de2896f3d67,ca30cececccca821
vishalmane109_test_2000__261.jpg,2000,vishalmane109,CC0-1.0,1aeffe59648c6a8964f6164c7b84da2f26a391291c20fe6e853a754a10d7ea98,6cb2d0e8fcdccce8
vishalmane109_test_2000__288.jpg,2000,vishalmane109,CC0-1.0,f4a54c01d040a4d17ca6b853ad94088064fd7a823581df8cb2249a8ff9a9aa24,2400000202062625
vishalmane109_test_2000__317.jpg,2000,vishalmane109,CC0-1.0,aaf924de7db04955d6ddcdca8fe783ea2be1e9431033566ff88075fe89ae772a,3627173939333323
vishalmane109_test_2000__359.jpg,2000,vishalmane109,CC0-1.0,a9bcdea370da17dc1b6250ed74cdbe842835ac80c9499229586f6b65be98d6ad,6270f4fcf8f0ece4
vishalmane109_test_2000__37.jpg,2000,vishalmane109,CC0-1.0,f54cbe8aa7fbc8909727d4512178a2dff781956c513e157152c7c569f06a0e23,aa2b979e1e4c6ae1
vishalmane109_test_2000__428.jpg,2000,vishalmane109,CC0-1.0,a5a9b4f8b095ed5b93cbf519b004f70c4197fef34ae747c676eaa8c974c021a6,83d3f1f0c0e0b898
vishalmane109_test_2000__66.jpg,2000,vishalmane109,CC0-1.0,0370d40d5d633f9e8d871dbb070735d1d7702dbeb76b4961c13024f5cd5e1a51,2b2bd5c5b5f47e7e
vishalmane109_test_2000__8.jpg,2000,vishalmane109,CC0-1.0,d8c9e1af2e8d7da3c4dde87c34c0185f94def5c7abd591179814c12026ca8682,6a2e969e9e9c6c6a
vishalmane109_test_20__107.jpg,20,vishalmane109,CC0-1.0,ac9fb97f5482b994069c043610308d8545f9dade7862a12581db9e190fcc00bc,95a5e189c87175ec
vishalmane109_test_20__136.jpg,20,vishalmane109,CC0-1.0,e8dc9e4984bbf0dab32a3dd3676bae9c4be96555672d484b9ebff930b3319e4a,17e2d0e8e8e7bf78
vishalmane109_test_20__226.jpg,20,vishalmane109,CC0-1.0,32ffb3855fa5fa1d997bd1fa6dbc1b0826f8999abd95fe7320278407d7d06a13,18cef3e1c5e3968c
vishalmane109_test_20__295.jpg,20,vishalmane109,CC0-1.0,761e2b0f1fdbc2609394ffe21295c8909b77044c62fdd6c3809478782bf694a3,f8289cdcccc888f0
vishalmane109_test_20__324.jpg,20,vishalmane109,CC0-1.0,ddd0bffe0ce8e3ddebeb144fb16f962bccf7c71f1e47cd807913be6dea726faa,cdc9c9c954762e4e
vishalmane109_test_20__350.jpg,20,vishalmane109,CC0-1.0,0ae85bc02fa051b354e60a9534e305d8e4c4aba0304196ef07a25aa7390381e6,4cc86c9c9c9a8c61
vishalmane109_test_20__36.jpg,20,vishalmane109,CC0-1.0,3057c6df9e10524089a844aa0f5d068c806df70404ffaec505785a73ec4549a9,3715959195c5271f
vishalmane109_test_20__415.jpg,20,vishalmane109,CC0-1.0,0a9c910e28f4f99c93ea65621ae06e068e0fc49abed310c62c46779176e3607c,c7c0c8c8c9c8035b
vishalmane109_test_20__449.jpg,20,vishalmane109,CC0-1.0,6d086d9a7a5055113717dc948117918236ea0fb4d085bdcc0501b7c5f2be735c,b03ce6e4e6e0e0e0
vishalmane109_test_20__65.jpg,20,vishalmane109,CC0-1.0,9ec0edefd302bf1c2427ae1dc8a9755d912a3552df002f69a06a08be4327320f,4cd989c9898b8be9
vishalmane109_test_20__72.jpg,20,vishalmane109,CC0-1.0,56b396222ecffab7329f301ebdeb331c575b9ba977883ec429c91cdad226ca90,ccdd939387cf4f88
vishalmane109_test_20__9.jpg,20,vishalmane109,CC0-1.0,61e78e3045f876be64e45e147337c7c6b0bdc88f5e0cc90852ac52b07ad4923f,626222a2a3233313
vishalmane109_test_500__0.jpg,500,vishalmane109,CC0-1.0,5107eb3f532a61864d06e884102d3fded7795b523fe4946c97ceecb2db7c787c,11050c2f9f5f7f6f
vishalmane109_test_500__114.jpg,500,vishalmane109,CC0-1.0,49eab013670d998d0b2b9a769c9e17a532a418883032c41cb8a60501d2a32a88,b13130a52d6c4444
vishalmane109_test_500__17.jpg,500,vishalmane109,CC0-1.0,d02ac878707cbc8cca00be9e888df56b774342aa5b3e25f788a8e46345714687,1a6a2c1c1c0c6ca9
vishalmane109_test_500__233.jpg,500,vishalmane109,CC0-1.0,b6fe67ae944ba4c1e76823570bff1a92c8cbf5ef49448aa7c5b8a25c7a85324a,a8ecfc5c64644224
vishalmane109_test_500__262.jpg,500,vishalmane109,CC0-1.0,b36fee81a867f5bb8db2ac28273a164d4b4bad30e5a204f33cdfa2acbe64de3f,09d8c54202145561
vishalmane109_test_500__289.jpg,500,vishalmane109,CC0-1.0,cd33e423283d3b69056cdb1ebb3e68ff1b1f5582c99d5ec95f9e0c672adb1755,b1b0992860f0f0f0
vishalmane109_test_500__331.jpg,500,vishalmane109,CC0-1.0,44cfe6810c4896506d3819d3b0890476a2d6129f35e9200127a5a8bb1a8a61ed,3e96d6d9f3f2e3f3
vishalmane109_test_500__37.jpg,500,vishalmane109,CC0-1.0,598b17d7e8e90f869466f73857ccfed244658c84e051b5a4b9bcb850a40c18d0,21ccc9d7c74bcbc0
vishalmane109_test_500__374.jpg,500,vishalmane109,CC0-1.0,31dfaf326ec911b4a9a08929460f45ecc2ba2f1ee1c4632871cc49765444f17e,fef4d6c2f2f164d8
vishalmane109_test_500__429.jpg,500,vishalmane109,CC0-1.0,b89d544be8c9a7a5191f1f8336f70defdd294f0164d110a88a84141e7625c28c,dae4c8c0e0f0f0f2
vishalmane109_test_500__57.jpg,500,vishalmane109,CC0-1.0,8d4b57e801ee8817169a0381e0e202501bfae9c0b598c6e5edb7e120b5298f6b,3b6d5c0c2f9a3e38
vishalmane109_test_50__147.jpg,50,vishalmane109,CC0-1.0,723ff6b1bc71d29ca24bf47442cdaec6f17cf86a5c4219525274963c9f09f7ea,09d9c9cb4accc94f
vishalmane109_test_50__148.jpg,50,vishalmane109,CC0-1.0,45ab8d00279f9776d574e6eccc61c7eff2f113a53b8b935394078cddb1fb3df7,82db96d6c1c3438a
vishalmane109_test_50__183.jpg,50,vishalmane109,CC0-1.0,54a680a5c7ff5f9399d7c3cdeda5fa1687ee8d33bd24d4c206cc767c6aef32d4,446d39393933abd1
vishalmane109_test_50__213.jpg,50,vishalmane109,CC0-1.0,0a983988a85ae366ea3ce32925f641ac5c308ae1fc10f9347cbbe39b35c9a098,078313e333333333
vishalmane109_test_50__267.jpg,50,vishalmane109,CC0-1.0,79c2442386a1713b36f51ab94c4755fe4463f1cc56fbe92aef1ac2f152840990,93c6c5f8fea21a96
vishalmane109_test_50__274.jpg,50,vishalmane109,CC0-1.0,1e21116c8b5a03241947329d11af3d8bf2b209891ed0001689f420af3440f761,c82a3e1e1e1928e2
vishalmane109_test_50__288.jpg,50,vishalmane109,CC0-1.0,08edb5098c09ba67ffca5484025904c9f618b3f1ff4c69e6f50f620f39727607,b32548de83c76db7
vishalmane109_test_50__295.jpg,50,vishalmane109,CC0-1.0,15d866bc640e18950e3ab77364da0aa9aa55f90b1652db43a1a25e7a8a678e6c,5449c9c8c9cbc8f0
vishalmane109_test_50__338.jpg,50,vishalmane109,CC0-1.0,f6eb64c6a4cf3e97c89d7e73bf712fb4202c68a9ae420d7b945028e9ebf991ea,5c5cd9c98ac9c9db
vishalmane109_test_50__345.jpg,50,vishalmane109,CC0-1.0,91d6980dcac6a77f2a1e6b7027e63828644e0694010595d210aa345c5e18a6f4,20e8acdecc6ce480
vishalmane109_test_50__366.jpg,50,vishalmane109,CC0-1.0,1616c4efda51458f43eb64ad8518cf5c881730bee1e5a36e78d4d64aa03d1627,323c68e4e6626446
vishalmane109_test_50__408.jpg,50,vishalmane109,CC0-1.0,b4f9a7ad70e4fe65d7307f186401e65fb680501d475461587558019e12d07d65,b8bcbce4e6e0c0c6
vishalmane109_test_50__442.jpg,50,vishalmane109,CC0-1.0,d0f5d55d2994e5fae3447f1f291b0b3229b809717de5a09f78457630f1a2edc4,c2d05056f0b191d3
vishalmane109_test_Background__302.jpg,background,vishalmane109,CC0-1.0,724a4ff4ad7fa271035ae300a261f57c7cac34d89fb4148f0b7cce94108dcd99,0000000000000000
vishalmane109_test_Background__303.jpg,background,vishalmane109,CC0-1.0,40a90dbe378059ac5b48ceb0857d023fd3dcf105e7436e5226b5fddaae8195fe,f0f0f1f1f1f0f0f8
vishalmane109_test_Background__304.jpg,background,vishalmane109,CC0-1.0,bdcaa3654d8ff75559c7003c1d40b50a54b3b6a281ed8296ec9f7a69e3e96e5b,cec683838c961e0f
vishalmane109_test_Background__305.jpg,background,vishalmane109,CC0-1.0,e6f8a762779e85a36d207e22d775a6a7bc8fe19053e1e7e2fd0e2bfad3052fa5,f2f0f0f1432b4142
vishalmane109_test_Background__309.jpg,background,vishalmane109,CC0-1.0,d9db097afb336c614d891e65007d970d5f31b8b914f2a5e4151f2fa1259333b1,f8fcfcfcfcfcf8ff
vishalmane109_test_Background__310.jpg,background,vishalmane109,CC0-1.0,e0f5ece99d1374a6457784fbb804d8ed09f963bd1e1040256d75d4e7f680cb5c,e5e4e0dadad8d4e6
vishalmane109_test_Background__311.jpg,background,vishalmane109,CC0-1.0,81c7d13b00bea962649518e7d9cc659f5d8b710678aea6b4bda6e257e28a897f,bf81808080008018
vishalmane109_test_Background__312.jpg,background,vishalmane109,CC0-1.0,f6b3a90e50c83fc8577f356232188df2fd904d1d617478efd4467b35c12c5d7a,c9f939dad85c5c1c
vishalmane109_100_100__0.jpg,100,vishalmane109,CC0-1.0,552f415cb8eb8460287a1e79b99a7fe620bd8f54b12a770d40922039cdf8b254,98f46cfcd0dc6cec
vishalmane109_100_100__1.jpg,100,vishalmane109,CC0-1.0,5491dd37be3d8073bbe0d0cc8284861fa5c1ab767c6c169a5d044958b492d09e,a6d4f16370e2e6fc
vishalmane109_100_100__10.jpg,100,vishalmane109,CC0-1.0,e292f32ad7547798dd2209d9afcdf196152f27f187ea24fe647756cfaed28425,c39b33303e9e7ebc
vishalmane109_100_100__100.jpg,100,vishalmane109,CC0-1.0,11250ad6489ecdc29103ec65c02afcc5343a68ae892c8286f8140a013bd2bfc6,fa11b7f3e3f26669
vishalmane109_100_100__101.jpg,100,vishalmane109,CC0-1.0,a98c03eee32ebd195278de6e0f7e6d235980f75a69630f834099becf0eddceba,d198c082d0d37339
vishalmane109_100_100__102.jpg,100,vishalmane109,CC0-1.0,6fce1f143fc737d1389ac5ad1810e3fb409a5a93a0c5eaf9f8b230cd75781499,374f4c7c5c444533
vishalmane109_100_100__103.jpg,100,vishalmane109,CC0-1.0,83fa7eb917ad5b96e8c445428c0ea57502f59afb9b8d90cbd4bd73ffd42322e0,9b65b6327294044c
vishalmane109_100_100__104.jpg,100,vishalmane109,CC0-1.0,e3aaa1dd89148c9669599c29f7f9f5a6ca4974fb3732d5c3440de4a18c6b02d5,ccc9c9cdcd4bc9c0
vishalmane109_100_100__105.jpg,100,vishalmane109,CC0-1.0,2c49d1e5ef11cab3153e0d5e2a0f78e1a9e59aadc597d08e52b92353bf2d1c6d,b9e6f1696964f4e0
vishalmane109_100_100__106.jpg,100,vishalmane109,CC0-1.0,158c0e2b54b790da4404dc93eda187a27939471bbadf2adc8f63c0bee57e41f9,7acc80c8f17e3c9c
vishalmane109_100_100__107.jpg,100,vishalmane109,CC0-1.0,d5bfe0cca95202a381fab9d4ad1413e293409609812c53e3cc1c41090ba57365,5352191bf9c8aca9
vishalmane109_100_100__108.jpg,100,vishalmane109,CC0-1.0,0c9934f432c2dd5d12b0201842c3efce983f93df5a6d04bd13dff1152f37c837,1880907cf9612726
vishalmane109_100_100__109.jpg,100,vishalmane109,CC0-1.0,e314d6a89c13b2fe8d50065a3fa2d24350e9ae3c2cc2535a1241111a0c81f8c8,a9a82988c9f9f8b8
vishalmane109_100_100__11.jpg,100,vishalmane109,CC0-1.0,75ac57ae094df583d9ab8aae9fba482406a3c571fa3d55aadad2033847930728,98dc9d391278f2f0
vishalmane109_100_100__110.jpg,100,vishalmane109,CC0-1.0,d1871da15d4585ae65151cc91afc19461a8965f323f124b46915975f5a738055,f1e0e0e8f8fef6df
vishalmane109_100_100__111.jpg,100,vishalmane109,CC0-1.0,b0a42ded1d2dbc9f1f295192b51e36f050eebe4aca6f28ef965f6c3d4a17ebd7,d0f0a1a2c3c1e4cc
vishalmane109_100_100__112.jpg,100,vishalmane109,CC0-1.0,6c6eebb6b8f40a3a8895436f67c630210faf2fe43a1546ff68c94f3b04266e86,ee2ebc9c8c9949f2
vishalmane109_100_100__113.jpg,100,vishalmane109,CC0-1.0,98fdc20785c2bfaa7eddbef65704295fb952e11d53b8b1ce58a0c5abb443c09f,e6d2e0c8c4ccfbe6
vishalmane109_100_100__114.jpg,100,vishalmane109,CC0-1.0,1312cee5f428262ce0b2d06467f0e4ebfd078551a4b6db7f2eeb2329fe019793,3de4f4f0e4d4d838
vishalmane109_100_100__115.jpg,100,vishalmane109,CC0-1.0,2f6be3977314f35886b9c145764e643c6b5009b691f80e000ce1c0b43f3f4d19,663cccc4c0e4e472
vishalmane109_100_100__116.jpg,100,vishalmane109,CC0-1.0,27379d3ca08066e41564a23e37af3d6d67d1ba4ded821a5fb3cb821c4439a7a2,5260707c38bcd8e0
vishalmane109_100_100__117.jpg,100,vishalmane109,CC0-1.0,0859a26dffb2aad8e3454c88f3877d8482ebca9b9c9c8a1cbce02c59a098587a,78f0ce3c9ace6070
vishalmane109_100_100__118.jpg,100,vishalmane109,CC0-1.0,c0f963e9b0eb527fc12af1399f63b456a257b8c7f58ab30f31e709f2cf5430a7,c1b41c62c0c3f1e0
vishalmane109_100_100__119.jpg,100,vishalmane109,CC0-1.0,d9181f13d87805c0abd667d892e0d2dbe68301b4fff2b8f0ea694d72e162244b,f4f2f2f8f2c6d6cb
vishalmane109_100_100__12.jpg,100,vishalmane109,CC0-1.0,b085997e9773c5a9108da24c0ab760353c0eef13d808f7fd1ea3d61c37b7007f,ec49e1b0be96a689
vishalmane109_100_100__121.jpg,100,vishalmane109,CC0-1.0,12706e29d389b3b63824886216cc0fc4e6b3d33f883e698b26d0e676f69c52d5,d771e886c3ec31d1
vishalmane109_100_100__122.jpg,100,vishalmane109,CC0-1.0,cf6efc8a1063889ad6002506a25384a025abb153da588a0334b789ce13210133,6e727a3b39d8c989
vishalmane109_100_100__123.jpg,100,vishalmane109,CC0-1.0,afa82280ded682df929c38a658f0e748383f49ff4c7f200d63cc97dc08076011,989cec6ecac8c033
vishalmane109_100_100__124.jpg,100,vishalmane109,CC0-1.0,e61568dc456363d68542b7c9ae7723704fe18ac5601199bd91deaa247c21e3bb,667a3ae7d070e08d
vishalmane109_100_100__125.jpg,100,vishalmane109,CC0-1.0,d6a469e11ab60ca63b51f783c7bdb40a8652c6a9f15bdb1c971f88493ad8afde,b7f1dd87c7ecf832
vishalmane109_100_100__126.jpg,100,vishalmane109,CC0-1.0,ec3cb4678b27c87c9275068058a4ca02eed8574446e5ef276d3128f78368d475,686c62e0f1e32198
vishalmane109_100_100__127.jpg,100,vishalmane109,CC0-1.0,781c0cc8d4c464d183ca13d978d88043eeb0e7673a894624c54115044149ba2f,1431f8b0f0f87952
vishalmane109_100_100__128.jpg,100,vishalmane109,CC0-1.0,0dc2056e6ff4c8effdbc24a9a8d9409d9ae3f1c392a61b1636b06ebc5d6a9d7e,3932c8e5c5c5c5b2
vishalmane109_100_100__129.jpg,100,vishalmane109,CC0-1.0,4027c7ac3ea3c42fc7861352ba3d6493501932de84098a0d6a4d937984a0fde1,8a8989878dc7cd88
vishalmane109_100_100__13.jpg,100,vishalmane109,CC0-1.0,fb6600203adee4610c5038b6ef7d1d0924fdbc21821d1504d2922255aa5b73f3,367bf9fb72edf8ff
vishalmane109_100_100__130.jpg,100,vishalmane109,CC0-1.0,2f087a5ac0ab538dc715a8ad706e4eac2e9817fe9c62c717e709b86071ffa16e,1664445456f3a93d
vishalmane109_100_100__131.jpg,100,vishalmane109,CC0-1.0,d368d89177f9c12e2dade735353b906e7e3869fe8c8cb2ba1f18e9b0999aa917,b7b9edcde56656a6
vishalmane109_100_100__132.jpg,100,vishalmane109,CC0-1.0,13a37a9abe0d0d47b8807ed21e864014a23465c5ea1c6bedfeb32101e5caa479,b579f9f0f0f2e2a6
vishalmane109_100_100__133.jpg,100,vishalmane109,CC0-1.0,3d2238fac50df47fa60f01e3523c0eabe39037c928840639a4c340fa727c785b,0373fcfcfcf9dbf6
vishalmane109_100_100__134.jpg,100,vishalmane109,CC0-1.0,ae1f42d107e56038769d40c942dcadd817991f08f7caa55b878f347f013ad93b,313c1d6cec7859bb
vishalmane109_100_100__135.jpg,100,vishalmane109,CC0-1.0,85596e7f06303d57e59ad9a0714cc93d72930d6903df63de03cf29c5dfdfa211,11594505c5cdcddd
vishalmane109_100_100__136.jpg,100,vishalmane109,CC0-1.0,479a873a37ea42b547286f2c0ae0fbf550e819eb315c4b9b144b08f03464c40f,cbcbf1d4cee7e7e7
vishalmane109_100_100__138.jpg,100,vishalmane109,CC0-1.0,18af76a17b50e5e54294cb3af60ae4c76ec0d77e54067f80d178678afa29bdf9,8289898589cf8980
vishalmane109_100_100__139.jpg,100,vishalmane109,CC0-1.0,6b4af4412eb53ea6c6575ad4b5a83f9fb5993b4e122289dfc56e948e82fbaf78,7c0c0d0521e1f1db
vishalmane109_100_100__14.jpg,100,vishalmane109,CC0-1.0,202afae16ee880bfafc3e216f2cf953688a0662de301bf0e593d2e64417c425f,105cbbf9e6ecfd9d
vishalmane109_100_100__140.jpg,100,vishalmane109,CC0-1.0,d15bd29b4d58513e93708f70368d234e65b9d6353e9886fe7b6282dab84ad2b8,1c3cf3f9fbe3eb9b
vishalmane109_100_100__141.jpg,100,vishalmane109,CC0-1.0,f38d184d47ef1db85a20d6478fd9d58d8e6597cbe4f7079eedfafe811386d863,3836debc3cbc9e68
vishalmane109_100_100__142.jpg,100,vishalmane109,CC0-1.0,7d098bfd0655f81dc14ba6a390287541d6152ae034e77055552f82ae8e4c9566,1f7165c9e5998ddf
vishalmane109_100_100__143.jpg,100,vishalmane109,CC0-1.0,ba3a77f1e1d41393f6becb11d4cc075d89beeb3deeff1e8cd7c687e51e47d517,ff6dc989c9494d1f
vishalmane109_100_100__144.jpg,100,vishalmane109,CC0-1.0,0a4d4e18b530aa17bac0a05040a02fc24536e4cbaa1494f7653d7cf92639449a,ff73f9e9e9c3cbcb
vishalmane109_100_100__145.jpg,100,vishalmane109,CC0-1.0,e2be1084ac6b1ffbf950ea254a62dc81bb9c146dc4619007966677760c921209,fcf6be1e1e30f2b2
vishalmane109_100_100__146.jpg,100,vishalmane109,CC0-1.0,32aee17955fa12822e14ad9f35887dcfa8e2fe12a67ed16ccba336f5e349ccf1,38f6c38dc4ebde7e
vishalmane109_100_100__147.jpg,100,vishalmane109,CC0-1.0,f733ef7190c8bc791443a2842f9e56495fed658f966f58558ba8fa28208051af,70e4c3c3e4e36fff
vishalmane109_100_100__148.jpg,100,vishalmane109,CC0-1.0,521bf953a12584510df08948dd51b76e7d07a2f062c436e9259fdab93f938b3f,3470f0e2f88c3c7c
vishalmane109_100_100__149.jpg,100,vishalmane109,CC0-1.0,b575f996c06d671d57320e5338eb1442be10c9979fa978ba5a4e8aeb335cfdde,a1891b4bcfcf7f6f
vishalmane109_100_100__15.jpg,100,vishalmane109,CC0-1.0,e0f812dcb534432c61664de236836cc3b0fd833d868b69507f1cf8b2849d98fc,b0efc5c4fad8da63
vishalmane109_100_100__150.jpg,100,vishalmane109,CC0-1.0,5b2b3dd9fd630e11cd1749c8656d55b5889397b312f19b8dfd9024fbc5cb31d0,3272731b33331f0f
vishalmane109_100_100__152.jpg,100,vishalmane109,CC0-1.0,adf12710d48a461408425fa2266812fbf85af4241bd5a4dd5e8e14163e2298e5,252d1c6e6e0f2fff
vishalmane109_100_100__153.jpg,100,vishalmane109,CC0-1.0,03f81f7122d5a0fc52e032be23e3853380193f6f141b2f98cddaeb598aab7bd9,01073ff864e4f0f0
vishalmane109_100_100__154.jpg,100,vishalmane109,CC0-1.0,2af712e3061c92f787b3e90f6e5f54262fa5915aa9cb44ab2299e778e7340ec6,0e2f26c3c5ecf8c0
vishalmane109_100_100__155.jpg,100,vishalmane109,CC0-1.0,cc2e2ccdf285cd15326b7981fdc145079b38c4d0202eef3a56f2b8df2b2e7f3a,a2b0b8b0b0b88298
vishalmane109_100_100__156.jpg,100,vishalmane109,CC0-1.0,b63bc930e630dc441bcfbbd16d4dee2902f4bbe186ac980e1e8d69f9cd803031,cacaa28282a2a098
vishalmane109_100_100__157.jpg,100,vishalmane109,CC0-1.0,14d7b3779844b11148dedc1583f018b8f512e94032d528d2f05adb0a92cb3156,4343630303232121
vishalmane109_100_100__158.jpg,100,vishalmane109,CC0-1.0,14fe285d29f188d13f37c5015a5aba1e2ebe64db2498d70438d198550b6b002c,0b6b230301212121
vishalmane109_100_100__159.jpg,100,vishalmane109,CC0-1.0,df5ad3c2aaaa79b5c0bf2a9769afd0bc76bbf79dd1e1a84a3d1a5b1cbbf36e70,4757474343032301
vishalmane109_100_100__16.jpg,100,vishalmane109,CC0-1.0,3b93eee03137200a06328162bfce07febec3212adc8cccf8b501fd0e6a7cbadd,f0e0e4e561e2e0bd
vishalmane109_100_100__160.jpg,100,vishalmane109,CC0-1.0,a1d891c4c06259306efd016e660d2aef6428671f0b9192323cd3c77e7626e582,59516dd5d595dd49
vishalmane109_100_100__162.jpg,100,vishalmane109,CC0-1.0,b81061626e190f9a78d74408651d66ab4db4330e80d38a8289f5a3077088c4dc,4070707273674414
vishalmane109_100_100__163.jpg,100,vishalmane109,CC0-1.0,6e985b37d07e34954c183556243512163fedc4a53649bdc9a6454c6faafa36ab,4347430343232301
vishalmane109_100_100__165.jpg,100,vishalmane109,CC0-1.0,73db98e2a558ec1abaf4e7d689e656442ecf5dc7274f5e6438e177bbd345d9b8,c4d33284c9d8d39f
vishalmane109_100_100__166.jpg,100,vishalmane109,CC0-1.0,56de8f5b1a9cba6752b5e191fd160dfc207c72b1614758719364f87e595ce69b,e4b5f1f9c8dcdadc
vishalmane109_100_100__167.jpg,100,vishalmane109,CC0-1.0,89f7faf57a38ee72700ef6976dba47739944ac8739f856dd7573eb66a0b1d7c4,f0c0f0f0f0f1e121
vishalmane109_100_100__168.jpg,100,vishalmane109,CC0-1.0,0323ad7d7e33a1f17e9c458de39acbc96eb2437495187f91dca75ae2ea8ce220,c9a1a260376f371b
vishalmane109_100_100__169.jpg,100,vishalmane109,CC0-1.0,427d1fc0213818772bcc1091a1a7a0357a6ce4297459a0cf5fbbebd080ad1117,f5e1f161e2f97878
vishalmane109_100_100__17.jpg,100,vishalmane109,CC0-1.0,0892d75a22611793c756aab79e575f171abdbc3148dd7e782dc6e4bf873c98d6,806039333175f1d1
vishalmane109_100_100__172.jpg,100,vishalmane109,CC0-1.0,35f8f967de321db8c9a6afb47b4f3acf0f0f5c772ea3df621e0eeb2cfe8dcafb,63f398b0643cbabe
vishalmane109_100_100__173.jpg,100,vishalmane109,CC0-1.0,caa053681641a0438dfbbb43d3dbd852959cb0a4ee9d0027ba3710f2812ad336,7961f0b03839bcb9
vishalmane109_100_100__174.jpg,100,vishalmane109,CC0-1.0,f92acef37e155b252ee02ef0a06e7bb80e1bbccf8998e341f2d712cfc861f3c0,d1f5f2b02cc8e1c3
vishalmane109_100_100__175.jpg,100,vishalmane109,CC0-1.0,389f14bcee452753c42110998e3c69ac183a2d1265f05d952ef79c870e3d8f7d,d9f9f9f1d8984963
vishalmane109_100_100__176.jpg,100,vishalmane109,CC0-1.0,497dd1fa1233590ffc4d7a9430a524644ca8f7e7e938d72c8049fedaf46bd214,4e4e8888888b8ac8
vishalmane109_100_100__177.jpg,100,vishalmane109,CC0-1.0,00085269b2a253f63fd78075946a045c6e49b002c6582e470e0c77d8d0cd6b25,b378e0d0f0e065e7
vishalmane109_100_100__178.jpg,100,vishalmane109,CC0-1.0,f60a28e3518a99f54657721c59bdf2c5735565d59257e137c84b442e5245b098,d8c8c6f1b1333393
vishalmane109_100_100__179.jpg,100,vishalmane109,CC0-1.0,bb316d9b6dc9cd8204f02619bd940f5c354a7a6fc6077111081154d831733417,4dcd79e9e9adbc68
vishalmane109_100_100__18.jpg,100,vishalmane109,CC0-1.0,0f260f865f8f5b1199533dd3d20b375e0174df8ce29e8750861c4ea28fea7391,55f4c2e1e163cc4c
vishalmane109_100_100__180.jpg,100,vishalmane109,CC0-1.0,18d92f6c663f92ace70c155938e4429e51cf672ee329fc7d149ccbba5129a226,78dc2ee6f9f08708
vishalmane109_100_100__181.jpg,100,vishalmane109,CC0-1.0,c0868aad869234cacbc5cde0f17e326bd1b1dd206b0a674e112649ea82590820,2c666b8d8c1ebe96
vishalmane109_100_100__182.jpg,100,vishalmane109,CC0-1.0,ae08a48e875c6cdb84b1feda1e699f9328da6a17a43bd64081d5713d28df701c,79c9a5a5a2d56763
vishalmane109_100_100__183.jpg,100,vishalmane109,CC0-1.0,d482848dcfa384530cfe7a3633bba51d00280581e8e19f17b0bfe172ed47c5ce,61c38323e4955212
vishalmane109_100_100__184.jpg,100,vishalmane109,CC0-1.0,7d6b8e241076d18ae24f6da01101ee3ca000a8cb4ec226cc19df0cd04c278cc7,44cc4e4e56566169
vishalmane109_100_100__185.jpg,100,vishalmane109,CC0-1.0,b93c1222337c30b05fd03cdd1a74d75ddf46462eaa473c04b693dea4aa7fd3e3,c09080c9703431e1
vishalmane109_100_100__186.jpg,100,vishalmane109,CC0-1.0,7b8af13f07fa157f9201e5a9ae61d7781e75c03c0413c6b25488b148ed585ca8,432f6b6b4b633307
vishalmane109_100_100__187.jpg,100,vishalmane109,CC0-1.0,270ec967cbf9ee18a3c49fbc0019063bec7d08fe2dde86f65c4d9f112a1cde8b,374d89cacaa08010
vishalmane109_100_100__188.jpg,100,vishalmane109,CC0-1.0,de9b1a37084dafb3a558b96de0b53b9c4e02db816868a9dacf097778adbc17ac,464743edb9928c0c
vishalmane109_100_100__189.jpg,100,vishalmane109,CC0-1.0,0878f419e30930aab848d80db908b734b47db7365e675ebbf199f37475e0014e,e5a02f2f531b2d39
vishalmane109_100_100__19.jpg,100,vishalmane109,CC0-1.0,44f834b56bef9b365b8e4b7b52beffc425a6b008ee275291391b36eb1c434800,73c2e9e9e9f98e48
vishalmane109_100_100__190.jpg,100,vishalmane109,CC0-1.0,a5e653511d1b2404762de070847756d7311bab522c20d41903242df9aa69c8db,8fc8d8b8aa25992d
vishalmane109_100_100__192.jpg,100,vishalmane109,CC0-1.0,1e68c60816610405c246cff4588ef092b46d7d2f224b30881b43bc14a8b9c532,40c0f170703080c0
vishalmane109_100_100__193.jpg,100,vishalmane109,CC0-1.0,7677cac269480dd90b53faec20a1701c038db7e0586e3c0ebacba87e9cd4a33b,c4dc564e567671d1
vishalmane109_100_100__194.jpg,100,vishalmane109,CC0-1.0,a18d1e9d8f2fcbad11042630b640b0786219bc166b5ba999121ad4707519b652,f1f0f0f078d8b09c
vishalmane109_100_100__195.jpg,100,vishalmane109,CC0-1.0,57c4bab2d4978c0ba4ad00b60f742084ecb742add3cf6f4b629673cb299c5f98,9ed690c8c88bc978
vishalmane109_100_100__196.jpg,100,vishalmane109,CC0-1.0,7e8117a32601ee1e4e634a758bd4ba1a1fe4398d33278979bc8bfdbc174f1ff7,e0e030f9f0f0e3a3
vishalmane109_100_100__197.jpg,100,vishalmane109,CC0-1.0,4522406d20741858a22dbcc40ab1b12b6729acc1de3c538c59b66cbd4227e935,41c3c0c8c8b090c9
vishalmane109_100_100__198.jpg,100,vishalmane109,CC0-1.0,9055cfbbd66295b98731a35978d32fbb2cf85c905c49116e40eb8f1d66e3f2bd,f2e6cde565c1e4ec
vishalmane109_100_100__199.jpg,100,vishalmane109,CC0-1.0,64a9a11c4b2e7894f910550d06fbfe6a4fe21e44107c97f90bce403161ace587,8380a86878d8d8d8
vishalmane109_100_100__2.jpg,100,vishalmane109,CC0-1.0,7e12a620361437498bf3e21e34eed794cd8c618678a13183266364b49cf735a4,2f2ebe9e9c594a9e
vishalmane109_100_100__20.jpg,100,vishalmane109,CC0-1.0,e05aafb0ebbf9278fe7ebbaf1473fcb3b3b2f1c893c2b5adcc197cbb0923c060,c4d4d848d9931f81
vishalmane109_100_100__200.jpg,100,vishalmane109,CC0-1.0,159b1e0afb9c56d8cd3efbcd8921c2a1eaf70c2c24649324fce5b75c81f79e23,933331684cd0c9a8
vishalmane109_100_100__201.jpg,100,vishalmane109,CC0-1.0,11960653325ec347c0bb4f2111d11bb4067e637f1bb6895071d1358d79c46aa9,4953b13838785152
vishalmane109_100_100__202.jpg,100,vishalmane109,CC0-1.0,13c4fcde8cb00d99543f8233f76b2a45bda50a98b6f0a06e3c0ca80bcfff8a9b,2e3c9c1c0c190968
vishalmane109_100_100__203.jpg,100,vishalmane109,CC0-1.0,5502ada7386e08ec46ed39727b4314ee3c3a2e15ac8ccc226d8e8276531e507a,4941b33030715848
vishalmane109_100_100__204.jpg,100,vishalmane109,CC0-1.0,aa4d5203527e2609370f6ebe5ccadd7d5c6a46748890e7a7c7fa4b14d798e54a,0830e0e294f92454
vishalmane109_100_100__205.jpg,100,vishalmane109,CC0-1.0,bcdbe49ffb148a8a3cd67cb00d12f8fb29d549769fb9bb4d0b7d6aa5bb62e2db,6945933134787058
vishalmane109_100_100__206.jpg,100,vishalmane109,CC0-1.0,7c4f910667a4a56f6f6ac322f10dc7fe76fb48189ebfeb397f5b6f8f2d8fb575,6549c8ecac849250
vishalmane109_100_100__207.jpg,100,vishalmane109,CC0-1.0,8dca39fc1adc96e9b1b637118c17dad0ddb8bda330b3a39a164181d6073d1fb5,07636367e769293b
vishalmane109_100_100__208.jpg,100,vishalmane109,CC0-1.0,3a83bb01e6fe7a4c68d19392099562ef589d061f709560e07ca24e816afe9288,07016901a5b93939
vishalmane109_100_100__209.jpg,100,vishalmane109,CC0-1.0,755fe59715b90be7fcf87c2a663fd3089f761bfebc8ec709b82e06bf46d343a2,07031115d5999b99
vishalmane109_100_100__21.jpg,100,vishalmane109,CC0-1.0,57a0d6a4ac502d422df66d04ae8ec6a10b58129b8b2c02321ded35664558a834,c49484cc3cbc7238
vishalmane109_100_100__210.jpg,100,vishalmane109,CC0-1.0,4167005b83f22f734c61639ee6454e97409a3519d1611b36b1d34cfc9f064662,07435959d9d99993
vishalmane109_100_100__211.jpg,100,vishalmane109,CC0-1.0,c4cd8578e5c4c45d9efc15e7529e5ef283706a8b542d6ac953c57387738ed775,07414959f9393b1b
vishalmane109_100_100__212.jpg,100,vishalmane109,CC0-1.0,748012508c400b25ad4d8e08f1866bd28eb802aa1bb84f64d857a08ac08fb627,47070381f18bcb9b
vishalmane109_100_100__214.jpg,100,vishalmane109,CC0-1.0,b0377e8985f506b573ce3e52ff2ca44eef8c876ef4e5654f5f57c3b7afcd8f17,4703cbcbcb5b9333
vishalmane109_100_100__215.jpg,100,vishalmane109,CC0-1.0,620854888ad0056ca1531ebf188d97a44b5db72b25d987dfce56c94bbf76a15d,472b0babf139232b
vishalmane109_100_100__216.jpg,100,vishalmane109,CC0-1.0,291b048e030c6d2b2bcb73d2ddbace30bea51209ae825551069f9a5ba2570dbd,28e45678d646f6b4
vishalmane109_100_100__217.jpg,100,vishalmane109,CC0-1.0,1442f444d7b5cf388e45f6dadf5d7f9188a236620ff8d35ef6a31e056da1f614,072373e5f19b9b9b
vishalmane109_100_100__218.jpg,100,vishalmane109,CC0-1.0,109e966884a01310ecadc9f6be1e9107733dddfd7ee7a76f0f04facf141bbe3d,074353c3c3db93b7
vishalmane109_100_100__219.jpg,100,vishalmane109,CC0-1.0,9ff39e4da5279bfcc2f4938912df54ff9b2822533516d2effd166ffdfebd6567,8e8685cdcd9d3633
vishalmane109_100_100__22.jpg,100,vishalmane109,CC0-1.0,4ebe033d80efe81b3896e1978160e60c2e1625c8974a0a2c4c53c68d75ca4dd0,e8d8f9f0f8783020
vishalmane109_100_100__220.jpg,100,vishalmane109,CC0-1.0,a5a3af9a2352ddfeb42de11a08827af9c46c00f797e721da740ddb3ec16e9f39,0e1b13db8b8b9797
vishalmane109_100_100__221.jpg,100,vishalmane109,CC0-1.0,e220fcc842ce568b2e676454e4f90b5c0d584ceebea2e44eef62fa2104c5abcb,0687cbc9db93232b
vishalmane109_100_100__222.jpg,100,vishalmane109,CC0-1.0,b968ab0152125c90ce414aa38496dab32eda45b7cf9370d731f795f0747511b7,4d251d1d0d09294d
vishalmane109_100_100__223.jpg,100,vishalmane109,CC0-1.0,504ad28b222607844e4ce0dc569575d119866dba26ba8d372d7111f4cec86d3b,47c3cbca9894b637
vishalmane109_100_100__224.jpg,100,vishalmane109,CC0-1.0,476715e16f3609b0c48b90579653a5731dadf766be2957f2cec59e711779c25e,e13cf4c4f979caa8
vishalmane109_100_100__225.jpg,100,vishalmane109,CC0-1.0,034ee423518902063663bb81d0962f9e8ae1f5269c588968e704f164003cc624,d1a1f0f9b939e6c9
vishalmane109_100_100__226.jpg,100,vishalmane109,CC0-1.0,8db71a06035f28fb143e8ee2516544f6fac3123363a83c259f0d8f1094782a2a,d1e279b8f071e309
vishalmane109_100_100__227.jpg,100,vishalmane109,CC0-1.0,3082122c2fc3712abff4e8ad51c4370ed81c513befd6cbebaa845e95060e3599,8ba0e1c0e0f09899
vishalmane109_100_100__228.jpg,100,vishalmane109,CC0-1.0,ed6f96f736d2d6ccb0daa2dc7073e90bd951fb0aeddc6160a5a88df8801d71b6,f746e6f0f879b236
vishalmane109_100_100__229.jpg,100,vishalmane109,CC0-1.0,195aaa130f8f588cd4182fd50108cd97d95420e4c1bf3aebdba1e29a89727f3f,ed7161f9edeff9fb
vishalmane109_100_100__23.jpg,100,vishalmane109,CC0-1.0,4e791c93b4d995dfc89f5ff8edc33bec5348fe60f1c28118fd10b92abbf003d4,4d75f9c9c9c9e1c0
vishalmane109_100_100__230.jpg,100,vishalmane109,CC0-1.0,da6c91ad0331d52b90c26732ea48ad5810b154975681aa30f30e8a073717a19e,4c2d1d1d0d494ccc
vishalmane109_100_100__231.jpg,100,vishalmane109,CC0-1.0,e214c270d86f194f4f9c374f6f493aad4f316dafb4dcc6ea1d9fa2f01f22e526,0a895d39b91953d9
vishalmane109_100_100__232.jpg,100,vishalmane109,CC0-1.0,b09a8eda34e1d6031ad89d55957c1654b3db6b2288af8b160cf4ea5e2fe87747,8104f270f4f4e080
vishalmane109_100_100__233.jpg,100,vishalmane109,CC0-1.0,7955970c9014d0362da215d4f7c1269aa616c2907e9cf772ce7c352559e36601,e0b0abe262e46039
vishalmane109_100_100__234.jpg,100,vishalmane109,CC0-1.0,aaaff04b42c9c4757e2094b520003074e263c26ac12fa1853fd0c883c865e069,7dfa3839f3f90a36
vishalmane109_100_100__236.jpg,100,vishalmane109,CC0-1.0,3698e50314c9b0fd6ccbd9ae9ec147b18ec2258d9e2861d615301fc69321a22c,9796040c14141474
vishalmane109_100_100__239.jpg,100,vishalmane109,CC0-1.0,45a79cdaf710553e95423d4d6a417e07d92f1b6fec96c163708c08f4e8553878,cece888888cad8a2
vishalmane109_100_100__24.jpg,100,vishalmane109,CC0-1.0,01d550cdf4618b1222f2a7e8cfade764ad931426b2a1348e79b3b18c7075c248,9c2e2c9c1d598c1c
vishalmane109_100_100__241.jpg,100,vishalmane109,CC0-1.0,246fdb172b1f41cdf00092d9c0d269b8ceccc88245c4c3c3c42e849d1f2ae992,654d898989cb6916
vishalmane109_100_100__245.jpg,100,vishalmane109,CC0-1.0,e8e3024bede5272084a37b9c773f43958858d85cd31ca616f8732a7de00ee242,8cee2e9c1c194c8c
vishalmane109_100_100__247.jpg,100,vishalmane109,CC0-1.0,7b4052eebc086ea754b95cd1a4554852e4438e69848d3defdf9be81802a40de0,c34dcc4e4e563671
vishalmane109_100_100__25.jpg,100,vishalmane109,CC0-1.0,99fb932e45b406f741d59ecd5908357ed703af95d3710f887731b739ee92a0ec,b795ec7878f9cdc6
vishalmane109_100_100__250.jpg,100,vishalmane109,CC0-1.0,7b1b73739d75ff4160055a2e2369f473a31a61b67e1e16e679a3de7aa3ce593f,494e8989898b8bb9
vishalmane109_100_100__251.jpg,100,vishalmane109,CC0-1.0,3f6d9c26ba9d0bf3fcce179a74a19d8bb92ab59defea245a01d61048bc5071cc,a04f4989cb59f04b
vishalmane109_100_100__252.jpg,100,vishalmane109,CC0-1.0,4491fb6e33a2c54bde438e816f56dea9de981d4eabf26a618f0339e2b81e0b93,666a3c9c8c13d98d
vishalmane109_100_100__254.jpg,100,vishalmane109,CC0-1.0,a9ea57caf50c155c4cf827d05b7b86bc7a57bbe6d39b9e9bf3ae9c9b200f0b34,9694dc5cdc593994
vishalmane109_100_100__258.jpg,100,vishalmane109,CC0-1.0,1ef5fa9ae8930ab56a67f18ed89be12b835688370f29caf30cc6c2a1c00070cc,8131515151515113
vishalmane109_100_100__26.jpg,100,vishalmane109,CC0-1.0,dafd55f910bb9986ba9b3e7ce5a74ac7d5c63ebcd9ff4b1788bda1f89a906873,cccce5f5ec70f4f0
vishalmane109_100_100__262.jpg,100,vishalmane109,CC0-1.0,5011693517d78e76b7ecbd18e4059e423e1007ad4327b9c67dfee45284f26cc4,812151515559591f
vishalmane109_100_100__266.jpg,100,vishalmane109,CC0-1.0,a28e640afd13c787de2c7a09a7060ebfe7a3089b8d46be11d3a1a3da6b703eaf,6d4dc989cb495156
vishalmane109_100_100__268.jpg,100,vishalmane109,CC0-1.0,4a8da97d1662317666bae1e6827e3f11fc49d56be2cd3c9d1c848ae5a6ce09cf,4f6d2d9d9d49cc9a
vishalmane109_100_100__27.jpg,100,vishalmane109,CC0-1.0,247f198cfb7f8ce1c978cd06f1fae6d4443cdfc03bb279fa10b5c4761176d88e,d9f8f9d9d9f0f1f0
vishalmane109_100_100__272.jpg,100,vishalmane109,CC0-1.0,9b308ae0d362d3dd7e59481583daf2acff5afeb23bbe106ef7f14c8adeaf0b68,0f444e4e4e563261
vishalmane109_100_100__274.jpg,100,vishalmane109,CC0-1.0,5c6cdb912a1a06b5362f839fed3e09f37fb5a11fa8870eebc94584a865d64894,7dfe9b998fcf9efe
vishalmane109_100_100__275.jpg,100,vishalmane109,CC0-1.0,5ef8c5098719f4e0dc7f784dcd2254b9a2171a118bc6705886266b22f617d8dc,aedcccfcdec4c402
vishalmane109_100_100__28.jpg,100,vishalmane109,CC0-1.0,187103037c48e088da0fac8882af101e506c4071d8350834bca68f173b871e14,4e4c9989888a8ae9
vishalmane109_100_100__280.jpg,100,vishalmane109,CC0-1.0,cdfa93cc7c8dcfa6579e9ae17c879de41d955d59866ef01e1d37a27b35788c29,ee2ebc9e9c9948ce
vishalmane109_100_100__281.jpg,100,vishalmane109,CC0-1.0,9ac67ca47a48faa9fca8dd92b4d4ea172b93ea5a7ef957148ef417dc6d3859c7,cc888989868ccd89
vishalmane109_100_100__282.jpg,100,vishalmane109,CC0-1.0,4eb50250c04f01ad2a572864954381e8bd3f0f1425dae716ab2a0c93957b8355,b8f4e0d8f235ccf9
vishalmane109_100_100__283.jpg,100,vishalmane109,CC0-1.0,6c816521859ea73d0a6a063831a34002a2239cc505ff05bfea635321674e4742,e174f0f030f3e4cc
vishalmane109_100_100__284.jpg,100,vishalmane109,CC0-1.0,1171f82410d2f2341eeb0365f3997dd88b700915196d649a5555f94185ac59d3,7870f3f1e0e06419
vishalmane109_100_100__285.jpg,100,vishalmane109,CC0-1.0,4d785cdcdb78dace5c2abeb42c530d6af509288b60cd429e857a5f55749b10f6,0d727078f0332c7c
vishalmane109_100_100__286.jpg,100,vishalmane109,CC0-1.0,c9891df3325470523bedb4dd6af0e4e37b66af9f1c394f4df5f4fc161cf4e3fe,3778fc70f872599f
vishalmane109_100_100__287.jpg,100,vishalmane109,CC0-1.0,3d8fa46c30876406b317cdd66a56deb779851d68e875ff874746cdb8bf3bfec1,78f0e0c0f9b83971
vishalmane109_100_100__288.jpg,100,vishalmane109,CC0-1.0,df93801284f73591afd24fccde186f0864f49587064ccc8323ad6f4531033388,2d1d0b2b4b4b4b4b
vishalmane109_100_100__289.jpg,100,vishalmane109,CC0-1.0,a2a4975aadfff26bf3794698e639813424b560f17b3243f8e0fc87e0fcf8f3da,2b1b1b3b0b4b0f03
vishalmane109_100_100__29.jpg,100,vishalmane109,CC0-1.0,ac922dbf8cc3d0dea7022b01b44913fc1b54f6bd7753621379679addc66e1af1,68dc44e2e6f2f0c0
vishalmane109_100_100__290.jpg,100,vishalmane109,CC0-1.0,76b46f0b7283ac201004193a46973bf6aff68c578f0be784ad07e53b453689bd,2ebc1dcc88898d89
vishalmane109_100_100__291.jpg,100,vishalmane109,CC0-1.0,16a60b58b891a3329c21b99d78206bea87a13af7a95dc1d38b28d1072ceb6348,898f9e96939592b2
vishalmane109_100_100__292.jpg,100,vishalmane109,CC0-1.0,a2c689bb908590dce1aa1b99983fca3c8f3122bd9a20384cb2c4dd3c566581e5,ec2d3d3d9d594cc4
vishalmane109_100_100__293.jpg,100,vishalmane109,CC0-1.0,bac20aa63150c638b0f505fdecf8c1afbd5b5b06122fe2115692645e53d10980,ccc9c9c9cd4bc8b2
vishalmane109_100_100__294.jpg,100,vishalmane109,CC0-1.0,826f0a6881e6619e26ea039943a12d625ae60283454e458e2403c4c34c55f34a,8c6e2ebc9c59ce00
vishalmane109_100_100__295.jpg,100,vishalmane109,CC0-1.0,00034c78e0ac9a83369855ce33960cbac2634a259c5459cc34360499ea7e46d7,2ebc1dd889c9c7c9
vishalmane109_100_100__297.jpg,100,vishalmane109,CC0-1.0,b6fd2943347cd0f9b53f4d21d301b37649e185cade3406b90895f1ae7999852d,bc9c59ce88c9c4c7
vishalmane109_100_100__298.jpg,100,vishalmane109,CC0-1.0,cc1ff1e63bd88ba7198f23be3ce2db04d7115a5670b097c14d8148fe9df2566f,2b1f0b2b2b0b0f2b
vishalmane109_100_100__299.jpg,100,vishalmane109,CC0-1.0,9b7a61c5cf2216e7f9cb3b7bf54251ef9823c150c9ff6aa626f829a25a973ec5,2d9c9ce9cbcb4f4a
vishalmane109_100_100__3.jpg,100,vishalmane109,CC0-1.0,c8e140a1280da04ed423b1aa65c70d88692fd67a76ef3747a0a2a5e74483f6ad,e0d0a1e2e2033838
vishalmane109_100_100__300.jpg,100,vishalmane109,CC0-1.0,f6b73fbc77c82e4d50b66048259774002202bb19bd6e22f778b5ac582b92f91b,150d0d2d25292521
vishalmane109_100_100__302.jpg,100,vishalmane109,CC0-1.0,2e501d09f7a7f9947469e8696d053469e29bb55abd83da3ca70187d2a4675af0,4e6f2e2e2e1dd88a
vishalmane109_100_100__304.jpg,100,vishalmane109,CC0-1.0,e9ff6b9db74337c916515202f6aa233032084651fc5266d6689922d637eb838a,ef6f3eb6961d4cca
vishalmane109_100_100__305.jpg,100,vishalmane109,CC0-1.0,7376cb05538f7debc5b0e4d0962a03697020437df16a0e7481305a74160ba87e,4e4c8989898bc8e9
vishalmane109_100_100__306.jpg,100,vishalmane109,CC0-1.0,aa20acc5f5cad30205d9b277247512350abc8da7a52c14679bfabf0aeb71ea71,2ebe1dc82e3c9d59
vishalmane109_100_100__308.jpg,100,vishalmane109,CC0-1.0,bbdc3b59f5ba7960db364ffc94dbda047de2bf2527321b2b781c3ce3b00f2b0f,dcfc9090d0cc90b2
vishalmane109_100_100__309.jpg,100,vishalmane109,CC0-1.0,2e14495d1eef8115cf5822ccefda9bab651e2faa06f9310d5b8190fc11f4f0e2,251d0d2d2d292721
vishalmane109_100_100__31.jpg,100,vishalmane109,CC0-1.0,86b5c7fd03c31dff5ed08c682c7642068f6d5ef6ef40cee7d6f3fc0d353decb1,cef3f1e86be9e173
vishalmane109_100_100__310.jpg,100,vishalmane109,CC0-1.0,37603ce0c2a8ee2bc7d63c2c1633eb0a582e57d295afb98670411e4ab631aaf2,b77362d199f9b1a1
vishalmane109_100_100__311.jpg,100,vishalmane109,CC0-1.0,2532ed9e8a7972e9f5bcc32908adc63c49990c23a1c7b52120a6dbd8262407b1,2e2e9c59c8898dc9
vishalmane109_100_100__312.jpg,100,vishalmane109,CC0-1.0,e63950a5bb9de6e6fcc2b133945a851c2c1076fb363a42432421b59beb580c28,2eb69dca8989cfc8
vishalmane109_100_100__313.jpg,100,vishalmane109,CC0-1.0,9c50b8fdbfdbf34c50ea6ed7cb4e6bea7b6d847dc16249e50ba20aa1f55c28d0,ac9c8eeccccacac8
vishalmane109_100_100__314.jpg,100,vishalmane109,CC0-1.0,a85c447d716cf1fa108f29d6d30249db7382574eebf92e153964ff88eb9413da,ee2fac9c8f095cc8
vishalmane109_100_100__316.jpg,100,vishalmane109,CC0-1.0,8cde27502eb08b6617ccc4b5f9a8056f2345239f880cd845f158f7035803ab3d,2b5155194f4d4527
vishalmane109_100_100__317.jpg,100,vishalmane109,CC0-1.0,45756cb1799863f5c662b33b3ab86f178a76c91c4a19cd911e541a44ce320d6f,cb4be3b377652f8d
vishalmane109_100_100__318.jpg,100,vishalmane109,CC0-1.0,85a099400113c1336f5b5c0ec31fcc939feef62ca64704316ccd759c330dde2b,f3621b1b131395d5
vishalmane109_100_100__319.jpg,100,vishalmane109,CC0-1.0,bbc5b2e89104f7641516309083e06d14e63068705e9e4d6847b6a2a22d07f297,8a899982888a8989
vishalmane109_100_100__32.jpg,100,vishalmane109,CC0-1.0,0d3da2f259b601a90d1bd9c5b9bf3a289f252d8c5d73d13424261ad8abff8377,33f2e0e4f0b7f1f8
vishalmane109_100_100__320.jpg,100,vishalmane109,CC0-1.0,67eb467334f179e870d92d847166f8c782764071127915e463599d9789c59a4a,80a0b4949c98f8e4
vishalmane109_100_100__321.jpg,100,vishalmane109,CC0-1.0,6daa8123bceb13ed07e7b0ae575049386ae2ac0f6c14b6d9ac91f84704a14a41,21ed95958595c911
vishalmane109_100_100__322.jpg,100,vishalmane109,CC0-1.0,12a730d735592b74fed576952ff962d582d31fe9ad530903fdc092395065d89c,00ee2ebc9c59cc00
vishalmane109_100_100__323.jpg,100,vishalmane109,CC0-1.0,94f8dc4a47a1ba60d3b5382d824d97823054d111ceec99604c8c877c358cad6e,9e9edc4c5e39145e
vishalmane109_100_100__324.jpg,100,vishalmane109,CC0-1.0,c6f43f91d5f4255d83f98e9a70a1a218c2755cf7d785586b006ccac0cd8bc39e,1709632315692331
vishalmane109_100_100__325.jpg,100,vishalmane109,CC0-1.0,27ef297596c175845a7b5b6362d65cf1edc6d963f149f4996cf0e0365bab1402,3d0d0f2b2b6b2323
vishalmane109_100_100__326.jpg,100,vishalmane109,CC0-1.0,d822a713053afb858db3857ab4a622513d089e04cb1359335b8216017ba713da,2eac1d588c898dc9
vishalmane109_100_100__327.jpg,100,vishalmane109,CC0-1.0,8ecde8094e5392e08e8a19e45bbadb2e3fcbad1ff49cd3185fbb7a82a0b0c1bd,cc6e2e1e160d694e
vishalmane109_100_100__328.jpg,100,vishalmane109,CC0-1.0,38337ab81aa416845b714bd3dc420989874521c02094af4460988d80380f6260,ccdcdce4c4c8ccc4
vishalmane109_100_100__329.jpg,100,vishalmane109,CC0-1.0,9251f5cc3af865e23cc22848e8fee2c08f3d8b32164c0d0d29df821faec402e5,332f9d07078f8b89
vishalmane109_100_100__330.jpg,100,vishalmane109,CC0-1.0,a7f9b34ae48f336796d03f11b7612615f175526c26a2639bbf7f2cab02b12183,cc6e2eac8c19de8e
vishalmane109_100_100__331.jpg,100,vishalmane109,CC0-1.0,596737d5022d9cf8592e2c92740ac5611507699ae51ee98305057b0f0e9e4c83,98415971312a0949
vishalmane109_100_100__332.jpg,100,vishalmane109,CC0-1.0,e04ab5e01e37250c86638b04f5efaffd3ee1434f5c353d98dbb0df3467a20768,be1a30301212d296
vishalmane109_100_100__334.jpg,100,vishalmane109,CC0-1.0,62170bed6ff8a73908cb513502b33274b84f18580b0fcb786e18f0069fd2ea80,159594150fded607
vishalmane109_100_100__335.jpg,100,vishalmane109,CC0-1.0,328a68ee05b0b782626bb17575db0356bb34fc0801b0f14b9c7cd1e3545ea352,e8dc98c7c3626a66
vishalmane109_100_100__336.jpg,100,vishalmane109,CC0-1.0,9f28f92d2c60e9cfcddd5de4b8b342f329519f89119b7973e51cf0b077c416aa,4dcc4e4e4e563471
vishalmane109_100_100__338.jpg,100,vishalmane109,CC0-1.0,c13e6fa5d0b6aac61db9e1b366b6823215477705b59081e07b720b6d1e4b89db,caa0a48484c8e0dc
vishalmane109_100_100__339.jpg,100,vishalmane109,CC0-1.0,3933e196fee68443da9e958c57a88bb152b3de5ffe0b6491768f113dccb90c6e,f8aaac9c8c8de8ea
vishalmane109_100_100__34.jpg,100,vishalmane109,CC0-1.0,993f3aeb660e37be70f99bbcbf9dd92c10bd3f7eec946543d933d2c89d3c07dc,ccc9c9c8c4cfc980
vishalmane109_100_100__340.jpg,100,vishalmane109,CC0-1.0,80da3689ed025b9346e9b447f89370bf8c2bb32d31d507966dbf26bf51c5d610,6f6f6d4d8989c3e1
vishalmane109_100_100__341.jpg,100,vishalmane109,CC0-1.0,dbbbd2249ae584773add6502e60af664dd33a5d91c62548f2d49f4f3e79828ed,f8dcd8e1f0c8c0ea
vishalmane109_100_100__343.jpg,100,vishalmane109,CC0-1.0,a2d3857035756714b70dbde6eda74af47d3fc3ca86387c4e9e7f17072f1e83c0,5e4e99898983cae1
vishalmane109_100_100__344.jpg,100,vishalmane109,CC0-1.0,0ca6785c0b4fdbbff513da65226e56dd199d64768450d331bac88c2cde6f96ac,fc888a98dc6e36b9
vishalmane109_100_100__345.jpg,100,vishalmane109,CC0-1.0,3cd826606bcdc757f77e53f832a39a5df3ab74e580a90c510c8b2e43ef28dccd,aaed0f0b1f1384cd
vishalmane109_100_100__347.jpg,100,vishalmane109,CC0-1.0,a8fdf17a1988ec64af42b3bb2cb8678e99f2d09fb157e34677305c036ac896a3,e5395a9c25e6cd89
vishalmane109_100_100__348.jpg,100,vishalmane109,CC0-1.0,dca90259a94e1aaac03947a3663f018dc7314a2ad7e29df3f704894c04cc6e62,f0f05343535341f0
vishalmane109_100_100__350.jpg,100,vishalmane109,CC0-1.0,e5038e938e3fc9277d6020dee94b30c0a02473cdafadbe704978651433bcacb3,783fbf1b1be5e549
vishalmane109_100_100__351.jpg,100,vishalmane109,CC0-1.0,9f2018b898f2f3b980f4fefe1b44ec50d7c50a20dcd03ee79ec0f30613b383df,4d2d1d1d1d1b695d
vishalmane109_100_100__355.jpg,100,vishalmane109,CC0-1.0,b51ff893fdc9e8344041559749efe12180c9446d55e87bb8b41a478221c0ab66,9918c444c4d73379
vishalmane109_100_100__356.jpg,100,vishalmane109,CC0-1.0,17f689ebf322711c77a9aa7fa83d794a8373ca3fc6cfc1c90a5ca3a5d8ca6090,980e8b8b8999168a
vishalmane109_100_100__357.jpg,100,vishalmane109,CC0-1.0,581244a1e64ba2ce93b2feebf52f1ca8acaf4bcf6a41ac293f6317db29d9755a,6c4889c989cbe009
vishalmane109_100_100__358.jpg,100,vishalmane109,CC0-1.0,e4c69c1990cd972eaa943a22dc409fceb965a87ce4e48f01208b4052c8855d40,ee2e9e1d588ec9c9
vishalmane109_100_100__359.jpg,100,vishalmane109,CC0-1.0,4f5beba2ce6168fe7fdb3e12df68ab6f917ab452492b39217e4b6e458d7a2d19,cc8b89898dcbc980
vishalmane109_100_100__36.jpg,100,vishalmane109,CC0-1.0,97313b8306c61a37029138636beabad7d530836f94cbfda95eb7bf41a00a24a6,6e2ebcbd9e9d59ca
vishalmane109_100_100__360.jpg,100,vishalmane109,CC0-1.0,92de1576c5896fdcf97a5c3487d618e0e124722a72b0d870d7040c0bd9f47a7b,8281981c9cdc7a9c
vishalmane109_100_100__361.jpg,100,vishalmane109,CC0-1.0,5302e4e4a58bc2f45fdfb42d88b4854e254d0054eae1d3ecdb06b150a3beb105,aeae9cc8ca88ca88
vishalmane109_100_100__362.jpg,100,vishalmane109,CC0-1.0,3bf0194199acc0b6547af10db1668160478689c5632947ad8f998ba371699667,ccd45e4e565671c1
vishalmane109_100_100__363.jpg,100,vishalmane109,CC0-1.0,aaf9745f55d6e03d00bbcac4bce6edba657c48ea004dcf3348c3e216ba574e0e,9991919166261676
vishalmane109_100_100__365.jpg,100,vishalmane109,CC0-1.0,ee21b59ecee3fff17cf583b1826e4267b964a0b7563398d23017644c69248594,9c19588e8c898985
vishalmane109_100_100__366.jpg,100,vishalmane109,CC0-1.0,0c5f310779e3673c1482be3cb5549411cd0edc2b33fca739e261235cf57aba4e,6eea2ea4a6acc98c
vishalmane109_100_100__367.jpg,100,vishalmane109,CC0-1.0,dd2cf79963f141066c9e13701a956fcf8611b7b965f9ef0de86bac8b03ef60ca,6d89c9694d4d256b
vishalmane109_100_100__368.jpg,100,vishalmane109,CC0-1.0,fa6ee81ce0d6b9b0c1473056008275d478eb44678b998899f1377c0cef02c01c,076347898bc36323
vishalmane109_100_100__369.jpg,100,vishalmane109,CC0-1.0,e25cd83d8e2ada2745d9fd0743d87bf5a3642ed3f1d294bc1b9d6352e7cccdc2,412b9c9494802101
vishalmane109_100_100__37.jpg,100,vishalmane109,CC0-1.0,561d69709a0ffee0d9f5fa111ff2384dafa468559c4fa1dde0ae7023768eb743,fdf17b6efcfafccc
vishalmane109_100_100__373.jpg,100,vishalmane109,CC0-1.0,ad560cf8b3355b1a713f81db9792312a556785930f1a4e9ee98a1024e87a920e,eceda9898b83adad
vishalmane109_100_100__374.jpg,100,vishalmane109,CC0-1.0,7dfefae7b6e9255b35a44ddd8090ee65a6bb5a9a0208d2602a2d4d4889c6e27d,f6969a9393929688
vishalmane109_100_100__375.jpg,100,vishalmane109,CC0-1.0,b11df0bc4909d154fea5631803c471192163a52e86cccbebdf033841578fbc08,259594959594d517
vishalmane109_100_100__376.jpg,100,vishalmane109,CC0-1.0,837aa5f02cc642f9ac45234650ecb7d1f8533c93e8718fe2129a4e8f92bb50aa,c8e8f8fcfcd8f8f8
vishalmane109_100_100__377.jpg,100,vishalmane109,CC0-1.0,8edcf6de6c4db87c8322a0845a3790e1ea28cee6439ad3e96e3aeefc4fc7cb2e,505150607a78b8fc
vishalmane109_100_100__378.jpg,100,vishalmane109,CC0-1.0,ace01efce52f60e257dc20e32e253786d956f2268e2d80e67a0eb8027dc7cdde,980f66f8b2e2f9f9
vishalmane109_100_100__379.jpg,100,vishalmane109,CC0-1.0,7f80b8ddd135bef263a1b46d71e5c78e79f35b06bed5a016646247d8d8afc5c4,3677775e6d6f7f5e
vishalmane109_100_100__380.jpg,100,vishalmane109,CC0-1.0,6e8267b931b949605d52a7806c49f69d6286d1d02fe7fce51f1951b11b00d286,aad9694e898989e8
vishalmane109_100_100__381.jpg,100,vishalmane109,CC0-1.0,c63a5919fe57a6e5b831f1ffe0b54499899d0282bc6fe1a4ba5ee593ab752113,f33b1b1b1b1395d9
vishalmane109_100_100__382.jpg,100,vishalmane109,CC0-1.0,4667da157884908a024feb9a6c6689fcea78ed4fecbbddb68b298376221e83ef,2e75d6d6c6d46c67
vishalmane109_100_100__383.jpg,100,vishalmane109,CC0-1.0,b8e92fed3f4998940390bdd67260e50aef7169c9f48beacde33cc68ba0116b41,634f898989cbc969
vishalmane109_100_100__384.jpg,100,vishalmane109,CC0-1.0,66e5c65f964e0584733f2689d029ed881103af9ab6ba9f90514f123a410d4d11,12274e6e246db484
vishalmane109_100_100__385.jpg,100,vishalmane109,CC0-1.0,9a59258239b95f4a7c6fb5c4179287348d5107b4bd837550110f139661d28c7f,26160e2c45454545
vishalmane109_100_100__390.jpg,100,vishalmane109,CC0-1.0,b7598e51992411f2431343af6182443ccfef7df58462d74e8f1cf92f9c86b01d,80e0208898485840
vishalmane109_100_100__398.jpg,100,vishalmane109,CC0-1.0,55c2a19ac91c2be21d5cd8be26469eba4cba213befb5732844604150dd43d9e4,c0e4aceeecacd01c
vishalmane109_100_100__4.jpg,100,vishalmane109,CC0-1.0,1b524e6630069cc2db782092ed3602de436876b4b946946fc941371c70f6004b,d0e2f2f17838983e
vishalmane109_100_100__40.jpg,100,vishalmane109,CC0-1.0,abaae32598307d95caf6f3d8f4a25bc763353df5f143aefaef1de7385b2b6d80,4070b0bccefee644
vishalmane109_100_100__401.jpg,100,vishalmane109,CC0-1.0,940f7ea8e63d5f93b760d310f5d71e822f629866640f154e7707811e7f74032c,c0ececacec2cd03c
vishalmane109_100_100__403.jpg,100,vishalmane109,CC0-1.0,01de9ed2136117cc4f5ba2e725f0a68d537df2a85e2ba0041b8aa60b101c98b8,08e6f6f6b6a6ee37
vishalmane109_100_100__405.jpg,100,vishalmane109,CC0-1.0,260aaf5915aeda34df90a47ebf278fd961e3a4eb9bb06867b1d794ffb87857f6,b0e262929ad9d0ac
vishalmane109_100_100__407.jpg,100,vishalmane109,CC0-1.0,d7f7ab73a6f2859801e3d977aa997735154acb5c61e8b60a66f485211bf14a9a,b0e2629292d1d098
vishalmane109_100_100__409.jpg,100,vishalmane109,CC0-1.0,a4ad68609deb0ead4043723e66925e4cdc373084952de235b89515cea94270a3,b292d2d2d080c0d4
vishalmane109_100_100__410.jpg,100,vishalmane109,CC0-1.0,c1bd4f1cf770804bd64cbcef68bed1ba273237a244813701ec7812bc338ba720,d8e028888848c8d8
vishalmane109_100_100__411.jpg,100,vishalmane109,CC0-1.0,5f3b0979181eb6813f3e0c5bd3b1761a299117cfe2cff4593c09b9dd68737b48,ecece4b6a2f9f94d
vishalmane109_100_100__412.jpg,100,vishalmane109,CC0-1.0,41a1cd7bc672ce1ecddab6914cac508e87d966e5127fb6fbef1cda42394fb208,7cece4d692b9e96d
vishalmane109_100_100__413.jpg,100,vishalmane109,CC0-1.0,0416a8548a7efb90cbefa90b9c3f0e71175a182c19b9eac596e3edaa02b21526,edbcf4f4c2d3796d
vishalmane109_100_100__417.jpg,100,vishalmane109,CC0-1.0,82247dc8d037cf16c3d1f6352090e1ae65218f158a538451ca17e33f7ab23ae3,b6368bc19890e0f0
vishalmane109_100_100__419.jpg,100,vishalmane109,CC0-1.0,5635cc0a4b760a70e67898e608a2798c5a5a10546eec84d15664c6f38d3b522f,71f1f9686d461603
vishalmane109_100_100__42.jpg,100,vishalmane109,CC0-1.0,9294fe82ffaf430d2b200e66aaf0b06a23b974d6e9ead18eaf4594402a0f8c90,86f2eae8e6f7edcf
vishalmane109_100_100__420.jpg,100,vishalmane109,CC0-1.0,ff757685d4164cc58ba5e40dfa36bf14f19c7b7cc949a57062facd979e3732d3,d8c0e4a486828995
vishalmane109_100_100__421.jpg,100,vishalmane109,CC0-1.0,a880c9e0dff8d1be401176cea433e0381eaa52f88ef7637c905a2b88521cb60e,e8e2f0f2d28c8466
vishalmane109_100_100__423.jpg,100,vishalmane109,CC0-1.0,21b1b306fe4f23748a141801ba91e0bd9cf3ee2da5fdfc93995fbfdb7f545a8d,e8e2f0f0f2888c76
vishalmane109_100_100__424.jpg,100,vishalmane109,CC0-1.0,edb89e50b684e7445621358f269d08248562753a00e71eade7adaf07968d0c7a,e86098c8c8ecbcb6
vishalmane109_100_100__426.jpg,100,vishalmane109,CC0-1.0,ff368d588545a379f5d267d918a5289385638b6b1716522b49685be548cc0730,070f0cc686869e9d
vishalmane109_100_100__429.jpg,100,vishalmane109,CC0-1.0,6e3e8e086b039bc9c91d47429f0e6184fb9f70a89f0112efd63bdb39d201e2e0,20e3e7a7ce686202
vishalmane109_100_100__430.jpg,100,vishalmane109,CC0-1.0,8d4f781d1d09c9588ddbac385107baffe85b89235802e24d72b436bc302561d8,e4e5a7e74e696a8a
vishalmane109_100_100__431.jpg,100,vishalmane109,CC0-1.0,5231732d517c0c83031951c912d200dde2f9eaf2d65661d8c3ebd06ae7092f43,6e78704e6eae8fca
vishalmane109_100_100__432.jpg,100,vishalmane109,CC0-1.0,321fad8a2dc19bd7eaa321eabf8556f45771e5202c3b3956cab381e78d3540b7,e2e47c383432c989
vishalmane109_100_100__433.jpg,100,vishalmane109,CC0-1.0,0b5adb4d93d9846f6c3804631bd8018545c949dded350e9016459e1349b28bb7,cd8bbcbc9c98f0c2
vishalmane109_100_100__434.jpg,100,vishalmane109,CC0-1.0,ebc6ed58b693569b2988e25f441989b1a94f6e4f536c00f56f52b7db2492d878,1824243c646460cc
vishalmane109_100_100__436.jpg,100,vishalmane109,CC0-1.0,b3cc8c749a75372da8be74d964f294b62865548c6b48c7aa4c48c97aeb81aa83,bebcfc0c0c8c1212
vishalmane109_100_100__438.jpg,100,vishalmane109,CC0-1.0,fa9d44c5360e240bf664764a926983451869ac1d1baf81cdc19f6d236e303462,e4e152b76662e2e3
vishalmane109_100_100__439.jpg,100,vishalmane109,CC0-1.0,8decf8b588091ffed76d340d235b5eee8bac5257dfe6e2996124ac4ea7e4c7e8,e281855c5d6dc898
vishalmane109_100_100__440.jpg,100,vishalmane109,CC0-1.0,025edd56e393100650a679ffaa2e30bf2817117827cf96d6c3755ad29c9e044f,0e9a9a13d4c2cbec
vishalmane109_100_100__441.jpg,100,vishalmane109,CC0-1.0,f6292ea8b0ea6c73dfd835924814a58984e99ceebba269bb1bd15541bd462c85,8c3406cedc929212
vishalmane109_100_100__442.jpg,100,vishalmane109,CC0-1.0,03d3fae7c83d754b4700f14f857d53d749a42d52ee856a1935e8179074eb65bd,c0c0a0989c1c3627
vishalmane109_100_100__443.jpg,100,vishalmane109,CC0-1.0,de3fa8a3bdb64d04e37d52d225ee6208c59fad0ae9179e7d25f352bffec0e6ff,faf4e4e4e4fdfeff
vishalmane109_100_100__444.jpg,100,vishalmane109,CC0-1.0,6122d97a325ae43480351e96faf6ca88b398e3d7131de30be921ea336cfa76e7,e0f8e0e0e0e68690
vishalmane109_100_100__445.jpg,100,vishalmane109,CC0-1.0,aae7e13d9d3deec0c39bb9b0e276da93d29b5a88b726d63730f38c5a96c95cbb,87bcf0e4e4f0e0e4
vishalmane109_100_100__446.jpg,100,vishalmane109,CC0-1.0,a9e83aaa33cbf3b8d6d2d745f537dd21346c158cef59064a96e567849559675f,3ffffdcdcacecad8
vishalmane109_100_100__447.jpg,100,vishalmane109,CC0-1.0,55f123604b63bca34994967eec1d5eb32015b31c9a3a6cfbcbecb8499c63ee6f,b098ccc2c8c0e8cc
vishalmane109_100_100__449.jpg,100,vishalmane109,CC0-1.0,11e9f722e971c8e870644791ed0575cbd1b95fb655480d71c3afa2536c8d9f6f,68b0d8c6c0c8f063
vishalmane109_100_100__45.jpg,100,vishalmane109,CC0-1.0,d9680e580d1c1c9f99a0cdecbd25bd297df2008078ef039348a1917b008c490b,7024f8f85ccc0336
vishalmane109_100_100__46.jpg,100,vishalmane109,CC0-1.0,1fcca19b57bf2c087bc4f897dd7886e83f2b3c6cae4a574f67f9af50f52e999d,4474f2f0f2264e64
vishalmane109_100_100__47.jpg,100,vishalmane109,CC0-1.0,1bf5f0a61ca1b0db61d612c92e4a769143456a0a75cb57cee53cf0fdc8265bfc,22d1e1f1d3c3cb97
vishalmane109_100_100__48.jpg,100,vishalmane109,CC0-1.0,5f24d652a9aa5033fd1de2745a4dcd32c48f65b954266c26ab49153a4d79cf49,6664d0d0d8e9c10b
vishalmane109_100_100__49.jpg,100,vishalmane109,CC0-1.0,268ac8e7f8ff7bc521b86bfbc95ec42ce77c8c1b06d2a882d94b966c31ae2b0d,c8f071f1f0f0f127
vishalmane109_100_100__5.jpg,100,vishalmane109,CC0-1.0,4be0bc56e711c698c4bc9bfc4453abd8bda25c8143eb29f14a9c835d5a377b5a,5fdbf1b9a1ffeccc
vishalmane109_100_100__51.jpg,100,vishalmane109,CC0-1.0,8b48213d3cf8da5303d503b7987be5b3681f89f322198a09adaccd27bb5d06cb,09d8f061e9e0c01e
vishalmane109_100_100__52.jpg,100,vishalmane109,CC0-1.0,97f6c5d7b68e334de401a860f7ca8e85300ca5989adf94dab4106aa230de6b65,f1e1f0e1f0f8ac39
vishalmane109_100_100__53.jpg,100,vishalmane109,CC0-1.0,04ed9dae8884b144632fe01a924ad1afea96084263e9847425d034908033dbb2,9af2e0e1e1e0e00d
vishalmane109_100_100__54.jpg,100,vishalmane109,CC0-1.0,fd3a354deb2bd09f5d21442b37b993f3b5436126151e56ecdb7b0fd5afb36ec4,686e4e8988888ae8
vishalmane109_100_100__55.jpg,100,vishalmane109,CC0-1.0,d0033b3b61d246c722f3147b3b39d24691f4e8e84f2aed796c83aad4890303d7,f8f9f84a4adad020
vishalmane109_100_100__56.jpg,100,vishalmane109,CC0-1.0,40ed3e0104fcf6341fbb99a21e2811ed4d8e335edd48376303d335d2653c056e,000030acd67e3c78
vishalmane109_100_100__57.jpg,100,vishalmane109,CC0-1.0,e447a771e278c048f2a464a421669afd199ab70fadd590fbd0a9aec476737a3e,f08f9d27c7e2cad8
vishalmane109_100_100__58.jpg,100,vishalmane109,CC0-1.0,e4ef744475da1084e351d0233b72039864a06e5c1ef2e1293510ccccfb93e881,77f1484a4ac8d8a0
vishalmane109_100_100__59.jpg,100,vishalmane109,CC0-1.0,4383e6ebc1478e1579cf87666a71140304bd1fd04b32f2d306c3a12f36ca2bec,f4b2327830e1a3a6
vishalmane109_100_100__6.jpg,100,vishalmane109,CC0-1.0,cab1b7d2afee05b53891e35ec15ef29745b4f88825c4ac5ba77a8cf5b9bc1ddf,8dd8c859c9e1830e
vishalmane109_100_100__60.jpg,100,vishalmane109,CC0-1.0,b0d66c66f8a6432ecb693b276d53f87da8d9bc88120acc47d5d5cbcef919c9b7,f0e8d8b272b898dc
vishalmane109_100_100__61.jpg,100,vishalmane109,CC0-1.0,f80f6235d48d892fb87d8db6adadb13e7ba75d7837a2b855007c7aa5263f0fa0,d0b823d2d1d03333
vishalmane109_100_100__62.jpg,100,vishalmane109,CC0-1.0,7273dab07393f1509d72f45ac8c983183be810584483a8092efaa2546a2de450,8040c0c0c0729868
vishalmane109_100_100__63.jpg,100,vishalmane109,CC0-1.0,9a94fe969979b93b72f58a953ca6116f0cfc2c5eb155b8ebd7fa44a31d4b9a9e,bcb4f1f1387cf0b0
vishalmane109_100_100__64.jpg,100,vishalmane109,CC0-1.0,be23fa43a12dc5fb519cb5a2b2bc5e5b60bcb962845fca91db0af309604c0464,907066e263bf7d63
vishalmane109_100_100__65.jpg,100,vishalmane109,CC0-1.0,19a2fcfb00377719c0e61621e072a07d4dfd8da97e4820a2266a517165941dfd,ddccde6e6e16b9dc
vishalmane109_100_100__66.jpg,100,vishalmane109,CC0-1.0,aa00d4fad80ec41955a719d494f04da87739f72d6022cc809fb5191a2ba8692d,71797c24d1e3cbfb
vishalmane109_100_100__67.jpg,100,vishalmane109,CC0-1.0,7962966bda5a29aab8ab4d38df56955f76caa4a283a208b335d84c616cd5ed63,80381abcb7bdaff2
vishalmane109_100_100__68.jpg,100,vishalmane109,CC0-1.0,da5ab62c53b73d6ba7a00ed1cb8c4fb5bb42675e6d4ec917522b35c1410f0a9a,f2e2f24a6a1a8ccc
vishalmane109_100_100__69.jpg,100,vishalmane109,CC0-1.0,903ea0d2bd36e83fc0a1a306bc76ca484c1e69826644ee64244af6163a8c90a7,90e8e4eccaec24e0
vishalmane109_100_100__7.jpg,100,vishalmane109,CC0-1.0,f96afb2e6de0e7d1e49c326ca042e8626821d2d364a2e746fda18bf14259448e,e991f1683171c871
vishalmane109_100_100__70.jpg,100,vishalmane109,CC0-1.0,16ebff01ac94ea3a4433adec346dd7de2bbe3d03cfcc915f8086a1d6bb1b6346,72f3f2666692e373
vishalmane109_100_100__71.jpg,100,vishalmane109,CC0-1.0,5137f5e5645f377ccf8b2e17c5019c84aebf52175a51b5dd7919c8a8ffadd77f,20d079fde3e7f6e5
vishalmane109_100_100__72.jpg,100,vishalmane109,CC0-1.0,da4fad350102bd06d32af8d726ebef51a91c345adb0532f0d77e413fcf4ed5a1,fcfbf9e3e3e3fffc
vishalmane109_100_100__73.jpg,100,vishalmane109,CC0-1.0,fd5f183c7be3c9d1eb30fb80c2e34b9fba4345513a65621c5698982d4e3b1423,78e818184c8c78fc
vishalmane109_100_100__74.jpg,100,vishalmane109,CC0-1.0,b083ab0013110b9083b4438ff0442b3397ed055b9694c9d22b11a269b73c8f73,489ed6c0c4c3e68e
vishalmane109_100_100__75.jpg,100,vishalmane109,CC0-1.0,b90069923c60b888d349d52e75d579a68d42fde96edecc0c74d615c27f779c35,a8f9f4f63b161c7c
vishalmane109_100_100__78.jpg,100,vishalmane109,CC0-1.0,3f58adf3a15f8b94aa79d2de8523c1d72bdc0085ee35993366affb780c931476,f0980c0e1f364e9c
vishalmane109_100_100__79.jpg,100,vishalmane109,CC0-1.0,1bfa7da526d2ef767f5fb5edf7ce170cc9c3b244c8738e920df2e0d635793cb6,f8f8988c8eb6fcf0
vishalmane109_100_100__8.jpg,100,vishalmane109,CC0-1.0,6c1025260a9982ff7252bd71f6242320cf52f2410aae35aa99746a19981e006e,e5b5b9d8e6e68e3c
vishalmane109_100_100__80.jpg,100,vishalmane109,CC0-1.0,b3024a9fbd72ef78c532a50022f93e5c7dfbf2caefc88a762677f459ff7d1ad6,64e6b3090c0600c1
vishalmane109_100_100__81.jpg,100,vishalmane109,CC0-1.0,4f15174bf9b025b8e1d42c12ffa1e91584f5ba203a6d5c71a1b1c8bcc76fb2f3,01f4e4f0e4c4c7e3
vishalmane109_100_100__82.jpg,100,vishalmane109,CC0-1.0,783b82eba84292eab4c44daf76288aaf90956b3e0fe934a087ce992b491abac2,fd69c8e28060f40e
vishalmane109_100_100__83.jpg,100,vishalmane109,CC0-1.0,a778776434d39fa0ffe933aec933a7266814e9edd1aa01dd72fa9c08e0e607ca,982761c2e0790a60
vishalmane109_100_100__84.jpg,100,vishalmane109,CC0-1.0,1cea33d1338944492d2e309493953506d7f1c7da8481970c0f99d76871aaad55,4ddc44c6ee7070f8
vishalmane109_100_100__85.jpg,100,vishalmane109,CC0-1.0,aae0faa71b62b7efdd908069ee473553ed27745c735ad7199713ee437b0e2b23,78a466e63e376664
vishalmane109_100_100__86.jpg,100,vishalmane109,CC0-1.0,8d1f6eb7e27dedd4eee89cd8eb30087607ed54321ee5cb3de6d7ec30fa52dc7b,e40c19183c3ffcc0
vishalmane109_100_100__87.jpg,100,vishalmane109,CC0-1.0,6fe6bea7e7f6f3ad1cd848c28c39f9b611f721607bb88a927acf2fedca1a6826,2dc4d49494d4d809
vishalmane109_100_100__88.jpg,100,vishalmane109,CC0-1.0,5d3f8b2f9094b77d437d10c59f1190d585fa6b6e03631ecfeaade4e01bcbd89b,adb9f86878f0f0e0
vishalmane109_100_100__89.jpg,100,vishalmane109,CC0-1.0,b13cd0609d1070afb3dcf20545ba7fb21e2eb29bdb9d481f13c8b98764697c08,04f016363ecdd973
vishalmane109_100_100__90.jpg,100,vishalmane109,CC0-1.0,7ba8358b788c51eaab7f2aab9aa19e6eeb63b4bd471fcffc1a94548d0ba56546,40a0d09c2c6b7b33
vishalmane109_100_100__91.jpg,100,vishalmane109,CC0-1.0,89af0b5702f6b00efae1f7543e5285ad3b322af005d9a583bfc18df39eca1904,f87131a383c3db8f
vishalmane109_100_100__92.jpg,100,vishalmane109,CC0-1.0,0f46b0ab5551c1f856533a75c0815263fc1371c4f9a2efff965a370fbbde1a21,e6bdfc383e787ee3
vishalmane109_100_100__94.jpg,100,vishalmane109,CC0-1.0,7d355ec02ef964d2a2d4b29e630b5fcfd90b34964967903d515ac3f29db4c0a1,53d0f07073fafac0
vishalmane109_100_100__95.jpg,100,vishalmane109,CC0-1.0,916d38ca5e9e6d2780cc0e0d9c994dd57dd26cf3c513bc0730e54311435e7ab0,1c383d73bebe3f33
vishalmane109_100_100__96.jpg,100,vishalmane109,CC0-1.0,5c9e2a324dc86dac23f4c2965f7c3044463de9ae3682c27cc0e114c58aa42b6f,00f0e09e8e0f0e8d
vishalmane109_100_100__97.jpg,100,vishalmane109,CC0-1.0,1ce7f89f797dd8b55f422afe0f3b8068e5b5ba4ce9726c49b1c6000fb51f4ceb,09e0c0c667733134
vishalmane109_10_10__0.jpg,10,vishalmane109,CC0-1.0,8dd4f4683da340ec19943251c784f0d7bd7fea23e4ac57152f4e5cf1270e0a30,10e8b0f0e8f076f8
vishalmane109_10_10__1.jpg,10,vishalmane109,CC0-1.0,25240d1ea6682161e327f13d984733512cdd8be4c8fe9f72e7cd8f65164666ca,74f8e0e0a8d0d0fc
vishalmane109_10_10__10.jpg,10,vishalmane109,CC0-1.0,d0625b695db2294370d42a592b2c9ef3bc7741208fe57b58f0c2d598e1c48a81,3388cecdce4f21a4
vishalmane109_10_10__100.jpg,10,vishalmane109,CC0-1.0,d6992bdcfceb9df5436bb33d9283a90ff877b80c3e46d1ee766d9f3062953677,edc978b4de2d70f8
vishalmane109_10_10__101.jpg,10,vishalmane109,CC0-1.0,e5f43ab714dfa4f2d6d975bf08b0ba13ed45ff9c839cd5a0a27f77ed7aa634b1,e3a36968c9d8f070
vishalmane109_10_10__102.jpg,10,vishalmane109,CC0-1.0,89d8ed5d0be1a04cee2b0647790a6fa7011a22075a6b92d967045da2ee61cccc,d94361e0e2d2fc1c
vishalmane109_10_10__103.jpg,10,vishalmane109,CC0-1.0,713129aba3c243804e4088b53c171fbe6296ccb359a99f8e714af579664c8094,272731c1e9f0944d
vishalmane109_10_10__104.jpg,10,vishalmane109,CC0-1.0,9077f4c44e2e2f2a4a8bc066cc16af4fd5d7b5b4fb386cabda94c7363da7c87e,882b26262626062a
vishalmane109_10_10__105.jpg,10,vishalmane109,CC0-1.0,977836af297851659185624bc98de9c16c7b31e3357235c44e78ebfe7676fba8,cec888c07a58dadb
vishalmane109_10_10__106.jpg,10,vishalmane109,CC0-1.0,96c4f7eca86ac1dc3321db479cd0d6fec91ef4d09ed22ef6c61a11afa293f950,031b01e0b9327e9e
vishalmane109_10_10__107.jpg,10,vishalmane109,CC0-1.0,3fa0ee911a751baa3213256fe6f7fe1785d6b7751fd6dd9c2a0d92ae0a9de935,9c98d838ecdc7161
vishalmane109_10_10__108.jpg,10,vishalmane109,CC0-1.0,1e101fcd84c1539f2507debd776ff4633297afa52ab52c550f47c060b9d6b42e,dcc7e5f4f67271b1
vishalmane109_10_10__109.jpg,10,vishalmane109,CC0-1.0,8054b2c426a26e424f53b27527a973d2547bb8143f7572de5182e4ca2baf674a,6e26d2ccebf3e864
vishalmane109_10_10__11.jpg,10,vishalmane109,CC0-1.0,65ceacab8dc685c71f075d35dddf8b178b93596eaac6abd2dfaa5e14a6cac6ca,3298f8f9b0074968
vishalmane109_10_10__110.jpg,10,vishalmane109,CC0-1.0,98b440de9adc468a8a3ab5c5eb7b8fdd036917db3236eeb646cc9f1088dbeb0d,00385ecfdf3fff6d
vishalmane109_10_10__111.jpg,10,vishalmane109,CC0-1.0,b07b98719f70ccad4ab7647353cecf9061dfe8a4fbd51125ba3a4fbfb99f5de5,ebcdc8c2c2c2c0e8
vishalmane109_10_10__112.jpg,10,vishalmane109,CC0-1.0,e077e930564c58bc1c46d8bc426394c6753487892bb2ea4bdca9374f02673ae8,ff173e7f7f7ef8f8
vishalmane109_10_10__113.jpg,10,vishalmane109,CC0-1.0,9463a41354452abc55785781045eb88cc07777d9a68657c6755861d2acce7606,271f3e767ffef8f8
vishalmane109_10_10__114.jpg,10,vishalmane109,CC0-1.0,6dd77e8a9841d90cf6e489a7c33cc3d31395d369dab5a632ec175862b4aa070a,07f33e3f7f6f670f
vishalmane109_10_10__115.jpg,10,vishalmane109,CC0-1.0,ce369194ed94fdcf9277b706f5848d666a22f286fbdc22cb08c2695078363533,32f0e1d9f8ffbdf0
vishalmane109_10_10__116.jpg,10,vishalmane109,CC0-1.0,fdad4e9dc40936eeac742606dda460dbbf0109bacd26de289c722169750aa9fc,503430e060240081
vishalmane109_10_10__117.jpg,10,vishalmane109,CC0-1.0,df7408d3a655019fd243a726a5e0b16701221003035b4523c37df555a15222f7,cc8993c9a9a78293
vishalmane109_10_10__118.jpg,10,vishalmane109,CC0-1.0,52c4d5dbd8aedab31a27f7e00eea0aee125df4b514d83daec9e2488a619a7e7c,f2f3d664e46666a6
vishalmane109_10_10__119.jpg,10,vishalmane109,CC0-1.0,50c06781f32c094c51ae97f83a37386382942118d1ad01a0f0da16b11b7e004a,4cd1d189ac848381
vishalmane109_10_10__12.jpg,10,vishalmane109,CC0-1.0,c3b2538acdffc9a08ac7f7ae6952ada34347d3b9d11fa3b20d49da1883d700d8,3b1f0b2b07070f33
vishalmane109_10_10__120.jpg,10,vishalmane109,CC0-1.0,2db3a6daf02b58c97ec6cb007e96dc310255a54788d713796aee247d37f80127,049264440e1c1a0b
vishalmane109_10_10__121.jpg,10,vishalmane109,CC0-1.0,d64c7aca2935f2ae064fc82b235f74797d04c66299ce9bda1bd8c8b79feaac4a,4002928e8e888080
vishalmane109_10_10__122.jpg,10,vishalmane109,CC0-1.0,1b6bf1af466a1821c4e453e20203994ab0f148056883967d44f582a983a89455,0000000a23333278
vishalmane109_10_10__123.jpg,10,vishalmane109,CC0-1.0,7fda42cbdf6845314372ef06265424f4afb61cab6b737628759d0b03aaab9019,c3f1dcde9ebef9fd
vishalmane109_10_10__124.jpg,10,vishalmane109,CC0-1.0,f53e9c18946c91ebbee8e088181d65047e523345767d6b3382a7ff0af1ae0a4c,d35363633b9bbedc
vishalmane109_10_10__125.jpg,10,vishalmane109,CC0-1.0,717fb6d6a9226d8e4229c23b96eb2f318e18ae3b96ef5b638cfbd895e6d5f59d,7934f2cafad3f7ee
vishalmane109_10_10__126.jpg,10,vishalmane109,CC0-1.0,57e136f80f920caf0d9693ef77abcfff8389d6c68310e051a7be2cb0dda59283,3919cdc9cbc92539
vishalmane109_10_10__127.jpg,10,vishalmane109,CC0-1.0,84339de2182b5abf97adcfec5a081dbf9bb921733ca7c3634321907e83b0ce7f,701c78e6721e7ee7
vishalmane109_10_10__128.jpg,10,vishalmane109,CC0-1.0,c631815f036d42722788b270003de81c2987dbe0082253f6f354a9ed83788fa3,9d8e67f3990f9e7c
vishalmane109_10_10__129.jpg,10,vishalmane109,CC0-1.0,0112f3f2ad3d370324ea298255c7a43e749cad47b60fb8274bc751b71b16fa94,7dbffbd989a9ad7c
vishalmane109_10_10__13.jpg,10,vishalmane109,CC0-1.0,86bb71bbc51a906ae80b954ea09e0e35fdad6b139de21c3e5753bd582e668010,918dc4f3b277e793
vishalmane109_10_10__130.jpg,10,vishalmane109,CC0-1.0,332ca40923507d1b28d1ed4cdb63f4d6655cfa764c2751ca11a3f8c9c9c3f67c,fcfeffab6b5b1333
vishalmane109_10_10__131.jpg,10,vishalmane109,CC0-1.0,0d85431d701eac85b5be8754ab5ecf033e7a465e4f5ffb6c609dcace164c4499,1e9e9ce6e373171e
vishalmane109_10_10__132.jpg,10,vishalmane109,CC0-1.0,3764665a3556c380f98e303e68fcf7d8aba0f24d6df220d3f285f870ca3c0690,fcfcecbcdc9c98fc
vishalmane109_10_10__133.jpg,10,vishalmane109,CC0-1.0,43d1b9a8b8e895909f16190e6b716a8a643cdff2f59165157632dee02062a05b,0427f6f6f6f6e0f0
vishalmane109_10_10__134.jpg,10,vishalmane109,CC0-1.0,c61e7933989e5e191576ddded8259819221457a1d491e9f2019c57e6d04aceb5,0810e8f37ee42c63
vishalmane109_10_10__135.jpg,10,vishalmane109,CC0-1.0,467f99eca1d055fc061828a1f532f2cd620217ff723161f4b79246bc3fc2dcdb,14bcf979fbc64423
vishalmane109_10_10__136.jpg,10,vishalmane109,CC0-1.0,ea45bde98312076e2b216d48c200cac8e236a17455bc5e1a668f161eb1ab6504,27a171e3e3f3c606
vishalmane109_10_10__137.jpg,10,vishalmane109,CC0-1.0,ad8bc86ab446cdf9f5004ab788615568fcf59440388466a0747fc2afb6220726,113130e2e7f8e202
vishalmane109_10_10__138.jpg,10,vishalmane109,CC0-1.0,0ce275e340c4e59f637c81c7f33ee14a5bd09d6cdac86de3121b5663a877da1e,3333fae8e8cc9e49
vishalmane109_10_10__139.jpg,10,vishalmane109,CC0-1.0,a14cc8b00c4b7b12c03242fae93c001dfc94d7c9f2091c62ca6aad278f93cae0,e167f9ecfffcb661
vishalmane109_10_10__14.jpg,10,vishalmane109,CC0-1.0,bfb33e3c35e1cbe176b0dee7a1dbc74e4b76113c9c3012ac0afc951704bbd6d0,3998d8f9f9797161
vishalmane109_10_10__140.jpg,10,vishalmane109,CC0-1.0,55610630b90f780e46118388aa2f67ef801ae20fa02dfd97e944e2ab9c6a999c,c2c2f262d17979f9
vishalmane109_10_10__141.jpg,10,vishalmane109,CC0-1.0,c0d39cb534ccf0ada128e58e4b3a356fd8f5ba21bdc9837ff7e1bec474fb629d,11d1f1fdf8decc24
vishalmane109_10_10__142.jpg,10,vishalmane109,CC0-1.0,864e6b13479623803b8545436c9f5a6fc39135c37610925ffdb5fac91bdfa9d2,1afef3736fe5e5ca
vishalmane109_10_10__143.jpg,10,vishalmane109,CC0-1.0,663486b9da474583f2f77d9d08dd683a3ada0f8024de44e521c6f23643ec5e48,4f4fc149cbcbc34f
vishalmane109_10_10__144.jpg,10,vishalmane109,CC0-1.0,3743a4a6feb11cd036e8135b8adee3df3bbf3db6246aca6e73da4920410a9158,11316169f9facf24
vishalmane109_10_10__145.jpg,10,vishalmane109,CC0-1.0,e6c90185e6a31a6550fa50fe9ee8a46d1adde2c6990bd495fda88cc59f9ad331,84767dfcf971d69d
vishalmane109_10_10__146.jpg,10,vishalmane109,CC0-1.0,2bd6c063da2827c6ae95c5f78c41c47dc828cd02e90c00a3e7b509e5b0ad3b59,6cbdb97ef4f4b61d
vishalmane109_10_10__147.jpg,10,vishalmane109,CC0-1.0,37f4ef6bb9c53016d1638d77d4310a0f41ef56a5771ceed25995fde2295f21d6,9c8ee1e0f0fc88c4
vishalmane109_10_10__148.jpg,10,vishalmane109,CC0-1.0,dd626886d0622577f0f329f3cd6195eede335fe7de0d7b16af756a6ff7aab33b,8c8bf07878789892
vishalmane109_10_10__149.jpg,10,vishalmane109,CC0-1.0,3b9286adb6aebdc51773537fd963de0b6a84956c7bf9b059b3c7ce2104ae6769,ececcecacaca8267
vishalmane109_10_10__15.jpg,10,vishalmane109,CC0-1.0,7ceee38d9e698fcb94887ed4ac2c58d3c4c3cd56af049cd54e816acd00a350ef,c8f8e96969f171c0
vishalmane109_10_10__150.jpg,10,vishalmane109,CC0-1.0,2618debed05ab33263f92f2261498bec8a43dbc75377120c44d00589aba26c1a,61f8ccfcf8f1f091
vishalmane109_10_10__151.jpg,10,vishalmane109,CC0-1.0,4d49b975ff8939df569f823c1483ff60785061a22b2e3bf7de6dc1fc7fccb4b9,01c6cece8acaba05
vishalmane109_10_10__152.jpg,10,vishalmane109,CC0-1.0,6fe7926ca2254ec097f773b6c184756dbacf8ef87c7f6f1e562bb8efe98c8347,1b132948c8d37766
vishalmane109_10_10__153.jpg,10,vishalmane109,CC0-1.0,c410f99dc410b2802ae6f2bbc23f49afb460c75f0c83362a4dfec7635a2ac324,933634ed4cf186a2
vishalmane109_10_10__154.jpg,10,vishalmane109,CC0-1.0,cac7e433d0cf85e1c8c6f763738b342a0300104c4b45190f90b885890251c068,e0e4e4e064503c34
vishalmane109_10_10__155.jpg,10,vishalmane109,CC0-1.0,20c83371c52daea4b03d470f214221a1f265cf3d6202b0bb5219436d2de4e05d,727bfdf9e766acb3
vishalmane109_10_10__156.jpg,10,vishalmane109,CC0-1.0,0dfd0111b6a03ea740cbe586d13b2f68f189a197e538b231f62744ad64f1403a,460676766763f4cb
vishalmane109_10_10__157.jpg,10,vishalmane109,CC0-1.0,1123d5d9003fb20dac40f62129daa7bd8f05c3761d5069cdea8ca187376f55d8,c7f749e864e8f0f8
vishalmane109_10_10__158.jpg,10,vishalmane109,CC0-1.0,a2d87965978c1aed4e6ca9a46db9d6d7d86c543b73bd46d5102ff9ffb873443b,a3a1c19891b0d2d4
vishalmane109_10_10__159.jpg,10,vishalmane109,CC0-1.0,77ba7660b9cbe3cc57aab570cad67712f6e23c5ccd80ad578b2bda8484335182,c58cc0c88181839b
vishalmane109_10_10__16.jpg,10,vishalmane109,CC0-1.0,884029b55df27223b0eac23971ff0e2a05283b93fa540ab79b0d21ecad4cc759,155dc989cbc33114
vishalmane109_10_10__160.jpg,10,vishalmane109,CC0-1.0,6706c45f2819ba279d22941c29e0f5161ee3c026f3aef03346711b798814b69a,004ccd89c9cbe302
vishalmane109_10_10__161.jpg,10,vishalmane109,CC0-1.0,edd17b46aef0730dbaa8b3ee6a630c405c41929a767dcb611b566518f690c01f,35f8e0e160b4a8e1
vishalmane109_10_10__162.jpg,10,vishalmane109,CC0-1.0,3a43536390ed033575e9ca5958cbe725cc3d2e8a98f5a5f5f7644fcb252e855e,9b9b9050c2c32564
vishalmane109_10_10__163.jpg,10,vishalmane109,CC0-1.0,15e210b23c57d03670d8282d35fd89b1250742d6be2acf0692e8f401597b431e,2e64e9d8f0c0e933
vishalmane109_10_10__164.jpg,10,vishalmane109,CC0-1.0,afa4157ff831599306da6018cc2905f510cc4b6d4fe417e595731e193bbf262e,3879f8c8e9f3ffdd
vishalmane109_10_10__165.jpg,10,vishalmane109,CC0-1.0,317b3b47d5e7dac16eabedb9cbea9162b19571087582b7de4239a6aebd68c515,109c838183834256
vishalmane109_10_10__166.jpg,10,vishalmane109,CC0-1.0,f8bb620a4b85d6752b3570306380b09beddbb64c3cc5eee4fa9df64cb4565ac2,53e2e8e0f1f0cedb
vishalmane109_10_10__167.jpg,10,vishalmane109,CC0-1.0,5f35efb4ad2ac76760347c4e701ecc6fd7dfbe0f5f8877a0945f50d7e921ac0d,230d0c3d1f1f3b27
vishalmane109_10_10__168.jpg,10,vishalmane109,CC0-1.0,ab8d852288ab71e4836a530f86433bf7f5d0b8eea93ca0bab445e546e6717de0,b29aa28484c0c084
vishalmane109_10_10__169.jpg,10,vishalmane109,CC0-1.0,1c2c458c1057e5d13efe207ff14c7f710fc1166373b0058762f975d3f2e1f3c8,0313490545656901
vishalmane109_10_10__17.jpg,10,vishalmane109,CC0-1.0,b1ca437928f2a416b709e87db57641dc4fb5e3942e6fa9829c52ee5164704e88,c8e6e0dcf1f3b733
vishalmane109_10_10__170.jpg,10,vishalmane109,CC0-1.0,979d0c174d97bc569d83bd50a8fdebd5725cc4103bfffe177425127d4285d457,01232929292b0b03
vishalmane109_10_10__171.jpg,10,vishalmane109,CC0-1.0,24cd1f96e224826368567bf1bd03569df5b3c2440426887f17467f57daf94a0f,0161696161695b1b
vishalmane109_10_10__172.jpg,10,vishalmane109,CC0-1.0,cd24b12ea2115cdd82d6139beb0ef16280e455c47216aa6ada5a8346e5dbf946,2b0b03233b0d0d2b
vishalmane109_10_10__173.jpg,10,vishalmane109,CC0-1.0,a420e92153607d52b08e9489b92de062bf499b18b0833f8f6f729cd783ef2de1,1c367264ae567273
vishalmane109_10_10__174.jpg,10,vishalmane109,CC0-1.0,57bcd4522ee526a71ca346c2461a5c8e542ec1cfbe191e2f60c5f7b022b5fcef,1a7274f0727465a6
vishalmane109_10_10__175.jpg,10,vishalmane109,CC0-1.0,af47a3414b03bcb6f40f892c3c3f381be40e117aabe90b8f912960ed167e98d5,d8683c9cbcb838f8
vishalmane109_10_10__176.jpg,10,vishalmane109,CC0-1.0,ac54601ca702c26efb9621914d12b6507eab0390a8380383ce98e1738545c4b8,fbc3f9f9e1c9cfff
vishalmane109_10_10__177.jpg,10,vishalmane109,CC0-1.0,8be3858e126eb0901e2337f75d3979bac1cb38cd623c4b05539c80302575d8fd,48f3f3e1e1c199dd
vishalmane109_10_10__178.jpg,10,vishalmane109,CC0-1.0,d53bffef214de00a1b261255e4d5dc636951ddb6ace0a2e5beecd4003564585c,4f4bc9ab4b43374e
vishalmane109_10_10__179.jpg,10,vishalmane109,CC0-1.0,2a4eb36e82f6d9af63f3acf92d18de0b9b8d7a49681edaa37f8fd95519a21114,d33267fc39fbf3f1
vishalmane109_10_10__18.jpg,10,vishalmane109,CC0-1.0,916a7847cbed546d78a872d14fd8f4a1bee5930d22ac79244336a0d813a16c96,d8cce4dcf8f8e8f8
vishalmane109_10_10__180.jpg,10,vishalmane109,CC0-1.0,f218c6af5141a6395d7c1cea3814c6f703aa11b2327b28d6950865096c158e23,62cb31e969213177
vishalmane109_10_10__181.jpg,10,vishalmane109,CC0-1.0,300dbcd11639f360f39fffd6744e07ce94dadcf275126211e184baffa51d4d15,66d69c8c9ca9a99b
vishalmane109_10_10__182.jpg,10,vishalmane109,CC0-1.0,bd868e5740ab43cfe5b67b25efa531fed9d00c0f2979508bcc3a8db2218d5081,eab8bca96d7a71f0
vishalmane109_10_10__183.jpg,10,vishalmane109,CC0-1.0,6004e7d9774300e69477946f98afdb1870398f1c4f03a69dff1558939eda5594,e6b071f8f8785a1c
vishalmane109_10_10__184.jpg,10,vishalmane109,CC0-1.0,59f0f0c2a0222a8dd5a128f31cdbc81e722b5275e20c996debce0958ef8b6916,e0989090d0d0e0e0
vishalmane109_10_10__185.jpg,10,vishalmane109,CC0-1.0,757381e1aae87dea99e3d1c4c3330afb7c6265ba3b22bb4835d98831dbe963ac,b2167ecc8e8e8f16
vishalmane109_10_10__186.jpg,10,vishalmane109,CC0-1.0,fff771f128cbe037cbec0650a5d47780807690c08906daf4f210855246c2e42d,78d9b5b1b1d9f878
vishalmane109_10_10__187.jpg,10,vishalmane109,CC0-1.0,01cfd5222cc56f93654d10900130792dcbf0bd5f47aacc53eb1e98528de79fb4,86d1f1e16160081c
vishalmane109_10_10__188.jpg,10,vishalmane109,CC0-1.0,099b39dc18032f4e8412b04000123ffdb8be6c8b8cff280bb197909e7dadb1a3,a321dbcad169e956
vishalmane109_10_10__189.jpg,10,vishalmane109,CC0-1.0,c76b713b71bf28e935e300abc4bca4257288cc8905b1d0d5983301fa8c7f690e,733adb91f6c6db23
vishalmane109_10_10__19.jpg,10,vishalmane109,CC0-1.0,43908bb0902724ea5085ed58c823d96482b0f23bfed8d33effbe7bd301732827,d9f1f0f0ecb3674f
vishalmane109_10_10__190.jpg,10,vishalmane109,CC0-1.0,a1a86484e75a33af6e24fc1acb22b2e2d8de7526d85be67a278dd53f4a444f7d,c5db8989898983ba
vishalmane109_10_10__191.jpg,10,vishalmane109,CC0-1.0,bcd1f37475ac0d09f3e19480df807501179af45dd3160079b6ef9883e4771f18,c70ed3dba436969e
vishalmane109_10_10__192.jpg,10,vishalmane109,CC0-1.0,7689704ecc577fb0cf857fd8fd58e59471a2240de73363f4ada7c40c6b6760a7,b2e263c1c16060c8
vishalmane109_10_10__193.jpg,10,vishalmane109,CC0-1.0,1c6fe03bd6cda12f3bd6335efa74345248cb5224fd80160bd14c4392ccff8c3f,d2f2b1b938141416
vishalmane109_10_10__194.jpg,10,vishalmane109,CC0-1.0,ceb4835189298fc6031d3290dcf509d1f598267a1f59d35e5e3b8d8d81cbf295,c0f0f0e1e1e1c96d
vishalmane109_10_10__195.jpg,10,vishalmane109,CC0-1.0,4673781c0a1dc7607fed182dc984e43a5f5f9bacf5cb918e8dc6fb64a08462fa,f9d9fec6f2f4febf
vishalmane109_10_10__196.jpg,10,vishalmane109,CC0-1.0,d5d123adc99a2fa5823fcfc8f95f70d271ad18e5bd41515140f5fe518af05d65,f376c8c8e8a09dc8
vishalmane109_10_10__197.jpg,10,vishalmane109,CC0-1.0,e137243f3f32f29aebf01138f261d2ef7cf1e234a3f1657fabb17c0c11620d4a,63e3f3b139391983
vishalmane109_10_10__198.jpg,10,vishalmane109,CC0-1.0,ac1d8e5222e774e38bdd89246ab5e29ca22d19a08fad8b7320b4c449fb3be100,a3a181b8b1d0d2d0
vishalmane109_10_10__199.jpg,10,vishalmane109,CC0-1.0,aec21264efdbe592ec2578a0a92786378212a5e94472a6c29463d2d5012bb7ec,7371e8c8ccb8b128
vishalmane109_10_10__2.jpg,10,vishalmane109,CC0-1.0,0077741d9e58bf275b875ca097409743820e4134282b7becbf0d67aace31850c,b9e1c2c0c1d1cc8e
vishalmane109_10_10__20.jpg,10,vishalmane109,CC0-1.0,e4596e8a4fab42a99097ec05cb056b4dd88a27fda041443cbbc757ba4f71ec30,31b9f1f9f1b9d383
vishalmane109_10_10__200.jpg,10,vishalmane109,CC0-1.0,a491354857cca47c7be2ebe5ece8b7f1c48b0bc8e676cd5f22e91e73c7338093,cce4d0d9ec585c4c
vishalmane109_10_10__201.jpg,10,vishalmane109,CC0-1.0,359f1c5e2bc9228926f972c5cb43be02e3280c158b20ddd8f555ef3ea22983ef,8a99b9297970988c
vishalmane109_10_10__202.jpg,10,vishalmane109,CC0-1.0,c28d1ec0500a523883923b99d682b161db10f0004b4a7bcc6efb173d5012de44,8881a13971b09888
vishalmane109_10_10__203.jpg,10,vishalmane109,CC0-1.0,0f4f985f0ab31decbd021837d886554224b03bdb022eebcca5087ac89442b3eb,0d2c6070f0b0b09c
vishalmane109_10_10__204.jpg,10,vishalmane109,CC0-1.0,82936eb6d3405ac4078df2d12cce79c578eb56ce05f43b3273b8b68f075e0424,46cfc189c98bc3cb
vishalmane109_10_10__205.jpg,10,vishalmane109,CC0-1.0,b4a62a7725db56be1318553694489470b4bf83449f3ca03bf85f973d4e15b7fb,939331606070b199
vishalmane109_10_10__207.jpg,10,vishalmane109,CC0-1.0,33d47148c6a3344f94a66a92b432a8be52877daa9d2f94644158dece540ba323,0e0686c646262b91
vishalmane109_10_10__208.jpg,10,vishalmane109,CC0-1.0,552122e6b30e760c1d5839c3a84d97f470e565cc318cac1f0beb9a7c130e8178,8e0626e656564a4b
vishalmane109_10_10__209.jpg,10,vishalmane109,CC0-1.0,3f8f87f2f2f6c4c4133c2fcbc0abecd5bebb72eda1cd32b0a88ad08b1e055fd4,8c24e46454544ecb
vishalmane109_10_10__21.jpg,10,vishalmane109,CC0-1.0,99dc17bac0d0115c224d779d9159d16300b1892d7befab083a33663f947ba278,f1f0f0f2f3f13e0e
vishalmane109_10_10__210.jpg,10,vishalmane109,CC0-1.0,42c676f1ad1f035508c35e8a4a18deb51e8dbf88defdb7e98ffeb50bfa3c5ffc,0c04d464745414d2
vishalmane109_10_10__211.jpg,10,vishalmane109,CC0-1.0,43a7eb9c94e89b0cd4a65c576f7567844ffa304fe308e4e6de7e5314fa6af391,20d8cccccccce4e2
vishalmane109_10_10__212.jpg,10,vishalmane109,CC0-1.0,220c7e343da477124fdb75a66b3670455c313bdd6f4fd3c024f2e00a3019db5d,4ddf8189898b83ab
vishalmane109_10_10__213.jpg,10,vishalmane109,CC0-1.0,96bb1adb320946c69b7cfbcf53e3bf157b33ea202d394dfe2eceae848b8ce010,0c04d4e4341c5263
vishalmane109_10_10__214.jpg,10,vishalmane109,CC0-1.0,4d744e695920c5ef70f9631ebe185ca9276a87dbc77160be4451a67e64b07f94,4c0486d262321418
vishalmane109_10_10__215.jpg,10,vishalmane109,CC0-1.0,2b0f2fd3dddc1c49c3d87320cacb6969925b466d64b8e0cea07bcb1f58cc2cdf,4c0486d272282808
vishalmane109_10_10__216.jpg,10,vishalmane109,CC0-1.0,4ab24550273c1f8a0221b613c8b92a7759ee9cdfc205e71f58044e4fad464f8d,4c0486926828080c
vishalmane109_10_10__217.jpg,10,vishalmane109,CC0-1.0,6eaeac875c9f16bde270fc6231340e4fc3e90dd69ce6c8e4d883ed2ba532b570,4c0686c0702a1a1a
vishalmane109_10_10__218.jpg,10,vishalmane109,CC0-1.0,ea0a79969b3266ae3af1f045786ef203786d747b2952d4df4e010c64e3104961,190d0c24f4f43034
vishalmane109_10_10__219.jpg,10,vishalmane109,CC0-1.0,9961f88b88f4d046daddb78e03b415c760fe85c3800afb2a1aa37c889c8a258f,19890c24b0595c5c
vishalmane109_10_10__22.jpg,10,vishalmane109,CC0-1.0,1712506acd3094a744167e433f341441bf37f065f3f67d8e05397d4f58f81dc9,d989e1f0f0d91f7e
vishalmane109_10_10__220.jpg,10,vishalmane109,CC0-1.0,bfaa89f91caaf368414323cd775bac2b7b054635679c1f12cd76255ef16cbb77,19090c0881a9b494
vishalmane109_10_10__221.jpg,10,vishalmane109,CC0-1.0,3aa3658788a213872ccab86fb28106d7a7b1eaf8974912084a24ba849f2b675f,1014fcddecf8f4d6
vishalmane109_10_10__222.jpg,10,vishalmane109,CC0-1.0,4a3b69a7d839ddede36ef21c1eff7a69dafde5bb9b79cfed18b2f435f27cbe1b,2747949494d8c927
vishalmane109_10_10__223.jpg,10,vishalmane109,CC0-1.0,711c40d104155f38f2c1adf5b56074651e7a7d3a39ff08b77579f56fbdba4e11,e060e0f6acaea2c2
vishalmane109_10_10__224.jpg,10,vishalmane109,CC0-1.0,6070bc8bbee88d0e2998bcc990b0d99b8e4be889c0871de069558ecd5701b088,0d0e262eec6b6f6f
vishalmane109_10_10__225.jpg,10,vishalmane109,CC0-1.0,aa129637997271e0e274b16db4abf2fc68cc4531d3d66ef189a6d9670092acb1,0f0e1a0acace4e2b
vishalmane109_10_10__226.jpg,10,vishalmane109,CC0-1.0,14ba1b0ae0c30d02889638ef9d8f28dd0adaa9f58c8f9c297e4b8ae0204042be,1d0e660fcdf5332b
vishalmane109_10_10__227.jpg,10,vishalmane109,CC0-1.0,ef8a18f444cafbe8aba2b87e10ffa3b6477ec86e9182137749e6b5c5413e02ec,8f1771f978f697f4
vishalmane109_10_10__228.jpg,10,vishalmane109,CC0-1.0,ab06a96ed83119405f35ff087b70c66349742d107704f7c7f6ca06007ea48f67,3afaf8f87cf4e8d8
vishalmane109_10_10__229.jpg,10,vishalmane109,CC0-1.0,d0ec36742f381c92f36ffee3a077b2946b011938ab06b65a20b057b0d0497f03,31cbe1f0f87c747c
vishalmane109_10_10__23.jpg,10,vishalmane109,CC0-1.0,1385f9a3f37b1415e3fa4e8e81dd14cc22f63ea2e6f72266a4f73a2493604643,c8e9e9e8f8f1b19e
vishalmane109_10_10__230.jpg,10,vishalmane109,CC0-1.0,c28672522a2ae3e1cfc4c0d1e7aeb84328ab74425ee75650aad7d235aa03fa5c,6cf4f0d9e9f898e8
vishalmane109_10_10__231.jpg,10,vishalmane109,CC0-1.0,835e421e3f392720020ce3835fbcc10a1240d6724c15de77dafa6fd1ff94cc31,c1f9f8d9e9f5f960
vishalmane109_10_10__232.jpg,10,vishalmane109,CC0-1.0,732d95da0d6a11ada553dbf1ddbdaeb1f01aa541d3754fcf462efd2e9704f5ba,ace8f070f8fd7660
vishalmane109_10_10__233.jpg,10,vishalmane109,CC0-1.0,7dff8259ff89ac67253004920695b67e7c79aa0ae1e2bab5baf70952f23f23bc,3f5f9496945b0737
vishalmane109_10_10__234.jpg,10,vishalmane109,CC0-1.0,0b7a92909629dc767130e98f9fc48a7a2150608dd78aa78dbb6a84078210dd95,e159e9f870f1f06e
vishalmane109_10_10__235.jpg,10,vishalmane109,CC0-1.0,0046a302e9fcbf9e287a311bed6919d5870b82120f2c4bbf6f856d208de8c8a7,3068f8f07870bc3c
vishalmane109_10_10__236.jpg,10,vishalmane109,CC0-1.0,66d9157bb28f733bf5b295b719562fbfa1be1e2e6c4a53bae1128deb12e2e16e,dccde5e9f1f170f0
vishalmane109_10_10__237.jpg,10,vishalmane109,CC0-1.0,efb504800e84cf8b1116e29bfa2c156c4c9d61ef77909381c9a6486698f69845,b9c4c5c4f0e5e330
vishalmane109_10_10__238.jpg,10,vishalmane109,CC0-1.0,979cf079e1cc900af3400a0c80661c1c4af49275abfe8abd33a4f38ae85477ef,c89e72f8c97134d8
vishalmane109_10_10__239.jpg,10,vishalmane109,CC0-1.0,7e14cc696d29b65512f2a978e7dadf3e093bbdeb4367131944d28bf308e09c7a,c079f8f0f02ce0f8
vishalmane109_10_10__24.jpg,10,vishalmane109,CC0-1.0,709f699d64804d9ff2cfd5b0490df606d78775f17d9dffd3f68b71260ad0911d,32161e696868cc84
vishalmane109_10_10__240.jpg,10,vishalmane109,CC0-1.0,941e317d617594840b92b24d2538a0e7f8aa603fcccc0f7222870ee513e35106,6868e87871f1e370
vishalmane109_10_10__241.jpg,10,vishalmane109,CC0-1.0,730f65f8acacf2acf8895d40ce1c31f0602680ef7d04bff97a32489289809af3,c8f0d3e3e6e3e2f0
vishalmane109_10_10__242.jpg,10,vishalmane109,CC0-1.0,d3d3b68dd77f7ea4eb1a9f3841d0a91485a0481b6cb9ce66c372e26a02612302,c0e8f8dccceca1d8
vishalmane109_10_10__243.jpg,10,vishalmane109,CC0-1.0,d1f81ffed4d0be2cf7e0449bf549ab1808bad22bce268cda930dfbb14cc164a4,c050307464fd86f0
vishalmane109_10_10__244.jpg,10,vishalmane109,CC0-1.0,4198bb672848d57a130cdde301807e55ffaaae7a95c550795bbf82153039cc3e,fcf2c323273eb048
vishalmane109_10_10__245.jpg,10,vishalmane109,CC0-1.0,b5aab6137f2ac183ec2c472774aac07eab378a8afe5ce5694a845e651d3f75ce,6058d9f1e1f1417c
vishalmane109_10_10__246.jpg,10,vishalmane109,CC0-1.0,9010e24e5811f768e3253bab2f093ce784bf68f74b9c859b2d56d8541df7327a,e00c2076e6cfc338
vishalmane109_10_10__248.jpg,10,vishalmane109,CC0-1.0,f9301e4c2c1b5f5ff54875d9049f31ca14a4c465e82c1d377970e1ad88adbe38,cb6bca6b31d0e0e0
vishalmane109_10_10__249.jpg,10,vishalmane109,CC0-1.0,38d266cd36544c1f2e91501410dcbb4de36b0d59b6b3f5e8c348d468c85d56c2,c82c2c9c1c1cdecc
vishalmane109_10_10__25.jpg,10,vishalmane109,CC0-1.0,f09a3e900a17bf749ec06c3fd1306f7dd922834f17b38842dbe4467bd52bd93f,c9e3a4a6e6cfcfcb
vishalmane109_10_10__250.jpg,10,vishalmane109,CC0-1.0,f6f5efbce45cd8e5256e94a2f3c71aa1b16f94e6bd6b180c953441870c778b62,eee4e1e3e3c1e4e2
vishalmane109_10_10__251.jpg,10,vishalmane109,CC0-1.0,ca72378251c7f0598b9087f25565a881059d16b3ac2419cc743bee429080cbb7,f0d06d51d3cb4d47
vishalmane109_10_10__252.jpg,10,vishalmane109,CC0-1.0,480f50b5158ad1787366260e70ef7caab0dead7edb431555331d6ca0ed1c1286,397dccc8dcf5bddc
vishalmane109_10_10__253.jpg,10,vishalmane109,CC0-1.0,8aa6aa4ee8894b65ec6f26207c1eb7f1d74296b6b23bad87d25f97bad1245dc0,4b65b171f9e86d6c
vishalmane109_10_10__254.jpg,10,vishalmane109,CC0-1.0,72edf68738e6d9f114a3b37f5e82131a640a5dbb95e9c9b4338ccd31434767a6,31a1e3d8f0d3b4f6
vishalmane109_10_10__255.jpg,10,vishalmane109,CC0-1.0,ad70746d1f847e82b4d68938769759f0f95aa68afcb6a7470b466ca73147001b,555c0eac2c2c0c75
vishalmane109_10_10__256.jpg,10,vishalmane109,CC0-1.0,2a8085c24e57da8d86f8db44fd58dbb8c09b9d9a72fb17f15e034ce60138591a,67b56666ceccfed2
vishalmane109_10_10__257.jpg,10,vishalmane109,CC0-1.0,4bd7d5f72ead540cb15c7da66344ecfdaf89972f379c1e1c506c73aee0869117,0b160e8e3e0e430b
vishalmane109_10_10__258.jpg,10,vishalmane109,CC0-1.0,367542d07f67c09de53e080613817b6348aaceb3336e44d4ac0fdf3dc6b2fbf3,399191919b912531
vishalmane109_10_10__259.jpg,10,vishalmane109,CC0-1.0,dd3eedb8b9b0e5de9d0032372ef11474807d754701438b4cb5dd15b347f51406,d080c0c4ccd01212
vishalmane109_10_10__26.jpg,10,vishalmane109,CC0-1.0,6623004fb58bd31c85464dcb871000f032c5d28828772d3fb7ae32ac135cbca0,d9f9c8e4f6ff7e3f
vishalmane109_10_10__260.jpg,10,vishalmane109,CC0-1.0,972ff76a860aa543aadf9be4240f53ecac63d673fbbefdaff6c46931f6e00c61,cb7c6ecaceddcbcf
vishalmane109_10_10__261.jpg,10,vishalmane109,CC0-1.0,0fef4b665fb1a483e0988723cedd71ec257134c9c093ff33153fe657ef9689e0,090c262606165001
vishalmane109_10_10__262.jpg,10,vishalmane109,CC0-1.0,1526a62edd8ccb12fd52cc22e9cfa19565ba9e296ccd703901d5635b7066846c,8080c1c3c1108000
vishalmane109_10_10__263.jpg,10,vishalmane109,CC0-1.0,566e46023864f31f007c6da63a2689b028621ca39a0556998fc7cb1219370eee,4ccd898989c9c34b
vishalmane109_10_10__264.jpg,10,vishalmane109,CC0-1.0,23449c0146bcff5ca05ce06194a2037b762a0a132976f09f5aae46062f84dfe7,dd7c767e76766870
vishalmane109_10_10__265.jpg,10,vishalmane109,CC0-1.0,1aeccd1c08ff7ead6e99c3f91b601ba282d656a1f55c7394ead88435deee7ab7,21ad2e72f0863e3b
vishalmane109_10_10__266.jpg,10,vishalmane109,CC0-1.0,201aa37bebac3e4596d6ea67cf375c04eb045dd26b0b4358c25ead55608d10c4,db79d8701ad0d0d2
vishalmane109_10_10__267.jpg,10,vishalmane109,CC0-1.0,85a285b061a25b97b18e0c4c7223dae2c19a60c4a65109956ed0f5f764594be2,c7898bc31c8c2c05
vishalmane109_10_10__268.jpg,10,vishalmane109,CC0-1.0,7961cf424d73f33547d23d3ac01df0a16d1296e9238e1449d0c959ae6b4dd2ea,e0b3b2fad79290f0
vishalmane109_10_10__269.jpg,10,vishalmane109,CC0-1.0,8a1aa92a54272678fab7e916527cddfefff698c50e42ff0974bdf23a7046919d,08604c4c8189cb53
vishalmane109_10_10__27.jpg,10,vishalmane109,CC0-1.0,1a839ceebec2d18bfd571d1d0c7f1f5da3de87eb7222eed7bccbe6f2c1882e01,d9d9d96878f1f193
vishalmane109_10_10__270.jpg,10,vishalmane109,CC0-1.0,296afd1ded1dfaca069653a5df661f7efb6b294f950a58a78565b00b7ad177af,b2204cd84848c9cc
vishalmane109_10_10__271.jpg,10,vishalmane109,CC0-1.0,0b58635cd544c9f745acddd7a5e636bf7868fe2a3ab57a1890369c3bfbeb102b,c4e8bc9c9c98cccc
vishalmane109_10_10__272.jpg,10,vishalmane109,CC0-1.0,f5487799c17e6cd5aa58b3b813ce6cb2223ae01e21f0dda5cee358462d5cf6f4,a7f54cccccecec6a
vishalmane109_10_10__273.jpg,10,vishalmane109,CC0-1.0,f4d04b9a2fc37d0f5f3c8d3bc2381f4040c10dd7296aeb32547005577f461d59,4e4b850809898929
vishalmane109_10_10__274.jpg,10,vishalmane109,CC0-1.0,d927f9114250708eb29434dcf15f931979d2431c158c448e5db0d74563fba74d,9abed6d4d4d8b292
vishalmane109_10_10__275.jpg,10,vishalmane109,CC0-1.0,52fcf3ef4053e9b3e28dd90d5c297e646297ea856594767f839f57bfc9f82322,0500330d0d0d2d13
vishalmane109_10_10__277.jpg,10,vishalmane109,CC0-1.0,c58a90e776d51fd483c336e6d4b0ecfc36d5c7e6b9cbe0558a4a7e7ef42e7a5d,937273c1c02082cc
vishalmane109_10_10__278.jpg,10,vishalmane109,CC0-1.0,bee7e9ddb89a89535854f3f25594d48a6d0857a8548fd70ff82ffceabbd072e3,3f0e2626160f27a6
vishalmane109_10_10__279.jpg,10,vishalmane109,CC0-1.0,297d686a650ef2edd08268665838ff7a133e3976901d3aff4773b324d4c4ef9f,154c0c0c2c2c4537
vishalmane109_10_10__28.jpg,10,vishalmane109,CC0-1.0,9ab3c6647336c17363633533f93918b1ab78df4142784aeca9afb8f6c50315be,87c4e1e1e6e6ce96
vishalmane109_10_10__280.jpg,10,vishalmane109,CC0-1.0,c913e63bcba46a617fe779721fe3093904cdfd2072012c2359ce911b94e69b9a,d6d6777331b1b930
vishalmane109_10_10__281.jpg,10,vishalmane109,CC0-1.0,24afa589e0bfbf0b9dad1cb6cb9528e74ac42ca67e0bc9a43ba56697c723d84f,4ccf8589898b8b29
vishalmane109_10_10__282.jpg,10,vishalmane109,CC0-1.0,2508286598833724556632f53fddf402ce3a0bbf0c433b4b455843b52414323c,6bc1382ac8ebecf4
vishalmane109_10_10__283.jpg,10,vishalmane109,CC0-1.0,20b182f167dc299be59e200d5289b19809fb7f981b354ebed9e5285175077383,ececc8c8c4c4e8b0
vishalmane109_10_10__284.jpg,10,vishalmane109,CC0-1.0,2feb6681abf6460781bfc2c26d55c5607c20eb6d6331b6a5f0a532c165e4b276,3c7cd83c9c9a9cb1
vishalmane109_10_10__285.jpg,10,vishalmane109,CC0-1.0,27a17fa83a4222576376db3d70dfea0ad3eb7db56e7be91198ed0926bfa99631,cc2a3a1e1a1e0e2a
vishalmane109_10_10__286.jpg,10,vishalmane109,CC0-1.0,2d0fce5379dad7e8358d50b87cad04de8037646e9e2bb657e55fffb60a3e1c9f,828ec68490c086ac
vishalmane109_10_10__287.jpg,10,vishalmane109,CC0-1.0,ad80841290ba60ea89b3a84b997b8b6cdfeec1c6dbe0db1878f5f9aaad9911bd,f1f1f0f0f969fcbe
vishalmane109_10_10__288.jpg,10,vishalmane109,CC0-1.0,e1f3cf6c75cc94cda14290b2ca60baaec3d45e2e15309594fd81a62d6b3ceecd,cdc787913333d04b
vishalmane109_10_10__289.jpg,10,vishalmane109,CC0-1.0,9beab235d2f9e3f4f7d55ea7e7f9601bf688d06a1c2c28cd1fffd47b9abae989,ccc9c3c5c743cdd0
vishalmane109_10_10__29.jpg,10,vishalmane109,CC0-1.0,0fe662c2a2a5dc1e7f60f5b8598a6ac7570afde254143137e9f6c97f3f054fc5,a7e0f1f1f8fae8b2
vishalmane109_10_10__290.jpg,10,vishalmane109,CC0-1.0,1f2274c638589b7149d704546b7ec02e34bf46fa464332d23a2eddc54e47cbe1,b76543c3c3c3cbe9
vishalmane109_10_10__291.jpg,10,vishalmane109,CC0-1.0,f7bba23f718d5f6eb8e57cc692bb2d137897952afb589755d093013c6f96cbf2,b869b9b9b35a5a18
vishalmane109_10_10__292.jpg,10,vishalmane109,CC0-1.0,af862fd09c0a60cd0eb1932d653a13b6b1867b0f1b356cb061b7c03183e45416,dcd6cdc5c5c745cc
vishalmane109_10_10__293.jpg,10,vishalmane109,CC0-1.0,7e315a14091176a33aeae2034aa380fda1b9e3ea5ea49250632c00f9aecf7e38,391584c8c8cca525
vishalmane109_10_10__294.jpg,10,vishalmane109,CC0-1.0,f3c6d8c7d383cafe5ed8310d121755abb8ec8ab1a6b20d0cdbb496a39af6f889,82ccce86cac3b088
vishalmane109_10_10__295.jpg,10,vishalmane109,CC0-1.0,be81cbec3b51f5f146cc4a31bbaf392f9c3bdfbd2c0b2f04ddcad60e2107893f,ea7879d9c1c5cdc9
vishalmane109_10_10__296.jpg,10,vishalmane109,CC0-1.0,03430b77257d5f4e1d5d27631efbf493ae44afcbbf0c6be13cc0c251ceaecb03,92ba9e9e9e9c9a98
vishalmane109_10_10__297.jpg,10,vishalmane109,CC0-1.0,a62960a410e45f401b2d1e891d3ea46044929c5ff309f7d69972086a7690dba8,3f7838f8d8dff6fb
vishalmane109_10_10__298.jpg,10,vishalmane109,CC0-1.0,ce4fe4ec98707ed40ab1d922936491c625cf2f7d1fadc4d10892ddb843559edf,e8bc9cd8c8c2c6c8
vishalmane109_10_10__299.jpg,10,vishalmane109,CC0-1.0,c88499b70dda51445afe259851f1b7d26459a06b1ffd49454ab0c4d55a2de653,60604c4c8189cbc3
vishalmane109_10_10__3.jpg,10,vishalmane109,CC0-1.0,0edba6fca9914f2f505012364f5859974ba27df53a78001e3fdd2d4a87a85ba2,4bd56169f10b9d3c
vishalmane109_10_10__30.jpg,10,vishalmane109,CC0-1.0,2c703d7cdce1ca9774e95132f05ce2f631243d91b180310c7a96824580de01c6,25a1c1e1d05c1c26
vishalmane109_10_10__301.jpg,10,vishalmane109,CC0-1.0,226c0a786b121b21b9958265f683dba2c31c13593f178b63b996e16310e88612,6c3c1c8c4909891f
vishalmane109_10_10__303.jpg,10,vishalmane109,CC0-1.0,b16a6935d7ee6c2d0b3bc37b7a0b1e6e5844a33f4d79bb112e0fac6e70882ecf,683c1c98ccc5c5cd
vishalmane109_10_10__305.jpg,10,vishalmane109,CC0-1.0,966b30a465422c0f41f8a5e813e7765d356c812439d594100d639d3a1915496a,189b5b3b3b339b8b
vishalmane109_10_10__308.jpg,10,vishalmane109,CC0-1.0,b4943d8fa563aa7c6439e65f7a8f59d8f0209f72ea7311771d7a6b5dc3b0352e,e8ccc4cc8c8292d2
vishalmane109_10_10__31.jpg,10,vishalmane109,CC0-1.0,cbfcde111ff55b4238bd0a15523748cbb636e511955d2ce47a5968dba6afe326,b0d4b4bcdcec2e22
vishalmane109_10_10__310.jpg,10,vishalmane109,CC0-1.0,cef274930406fbb1a2cc2c9624cb534f1fa42846382e6a38ead11a41a552c0eb,dc6c2cbc1c1c19dc
vishalmane109_10_10__311.jpg,10,vishalmane109,CC0-1.0,770f174f027195221dcca8db39307840fd969b8a6404a254f23dc249b063fd77,233b1b1b2b27272b
vishalmane109_10_10__312.jpg,10,vishalmane109,CC0-1.0,fa5b1b806c9c9c6412d20879e90d1f0fb612e0182a652e64857ca34b8bd75c96,a81d98ccecc8c2e0
vishalmane109_10_10__313.jpg,10,vishalmane109,CC0-1.0,233925496352c0479e0b0627c7f1d17f6bdc7d83a25a5e611601cb9f0368b37e,0cce2e2c9e0ccc84
vishalmane109_10_10__315.jpg,10,vishalmane109,CC0-1.0,c1658307a8838f452e568e2cf0191b39dfef2751fded8a03ab0406ec1c8101b1,dc6d3d3d1d19dcc4
vishalmane109_10_10__317.jpg,10,vishalmane109,CC0-1.0,c3b9c66584938e275b8651fcbaede076b4f62bb53c47aa046848424316e47d4a,3b1b1b3b4b470773
vishalmane109_10_10__319.jpg,10,vishalmane109,CC0-1.0,05e2e89c99c1238dd713d318bc14fad0700d286848a305972845f3b9a3a28401,062f1f6566d1991b
vishalmane109_10_10__32.jpg,10,vishalmane109,CC0-1.0,dd34157eb86a00d795100089179bf061daa722145d4a85ed56432b9707213105,d8b9d8e8e8f8f8f1
vishalmane109_10_10__320.jpg,10,vishalmane109,CC0-1.0,298e916e15d3c27bec432175ba52a5fce22bb08a6f9bf0f86b7b05ce5a0c6021,fcc9cbc7c763c9fc
vishalmane109_10_10__321.jpg,10,vishalmane109,CC0-1.0,1c45edb2515c18746955131228b7ade06af671099e2da581145266d439b2c2c3,4c4989898989cbcb
vishalmane109_10_10__322.jpg,10,vishalmane109,CC0-1.0,7c82fc8ccf17366596e93fc1ac0683c272de32d4ab4c3add6c9c8a93c39097c2,d07d3c5c1c181cbc
vishalmane109_10_10__323.jpg,10,vishalmane109,CC0-1.0,4d697fd39c103086d9630089fa43f1b4c7beab8de37a9149f2c21ddbf8bf1bee,626a99996a6a8819
vishalmane109_10_10__325.jpg,10,vishalmane109,CC0-1.0,4dc5d85043363b64d10b7fcfd71c0e4cb9dcc214f95a720a884396f49137baa5,80a82c948ca8e0d0
vishalmane109_10_10__326.jpg,10,vishalmane109,CC0-1.0,d5200dad8b6ca06be8daa69ad8fb528f4f2acbe2ac5af20e4c53e6783b501299,01494949494d6949
vishalmane109_10_10__327.jpg,10,vishalmane109,CC0-1.0,2dbeaaa9bf242704785e7964fa6896ff4bd7e86dc146cdb77084ccd2a7775bc0,dcfcccceca8acac0
vishalmane109_10_10__328.jpg,10,vishalmane109,CC0-1.0,9c8b39fc360dd4191f7cf8cdc6fbdd50d028f053b413d8b95ab2b3b307169856,8c8e8eaeaba3e1ae
vishalmane109_10_10__33.jpg,10,vishalmane109,CC0-1.0,548ba846d543de3e1b68127977513d96941ccde31222dd5e717ad70ade1b7a88,4dcdcf4fcfc94b4b
vishalmane109_10_10__331.jpg,10,vishalmane109,CC0-1.0,7bd7be52a0d7b9f10ca3a268a33bd0372e96b42974a468038290090a1917eb49,3b1b1b2b2b632323
vishalmane109_10_10__332.jpg,10,vishalmane109,CC0-1.0,14133922c63164d14e76025cb113626e35971975233e5d2f8cc0b0bcaaa5ac81,299c18d8cac7c649
vishalmane109_10_10__333.jpg,10,vishalmane109,CC0-1.0,a97a6cbb4644dc75a5db0022dceca9b6b24c83c414b35ce2e47700eb919d0f5d,9bc5ec486c604c4f
vishalmane109_10_10__334.jpg,10,vishalmane109,CC0-1.0,e1b0b09f7357d56f78e0f1dad580e9af9163305e50ee80b49cae3498b1003658,6c3d1dccccc9c743
vishalmane109_10_10__335.jpg,10,vishalmane109,CC0-1.0,e61215fad03942156e20d4984dd5635c106ff052f025ae64a7f2b8beb2fe7aa4,ce89cbc39c8c2c4d
vishalmane109_10_10__336.jpg,10,vishalmane109,CC0-1.0,45eb9e8fb06ac752b2da3e469f16ec02a8aa3dbcdfa935b15823114e1e53929e,d4687c9cbc38f8f4
vishalmane109_10_10__337.jpg,10,vishalmane109,CC0-1.0,0b20c7f16307adc0fef83e6f2ebd5f1a2217d9946789d0d563424788151ff5bb,32e2f371e1b12949
vishalmane109_10_10__338.jpg,10,vishalmane109,CC0-1.0,48c9377d35a442eb6a2b0f351355357044e3eec7779211502d9c9f29e00b95bd,094fc90909898b09
vishalmane109_10_10__34.jpg,10,vishalmane109,CC0-1.0,83b2bb9e9850fb78da4601fbbac9c823c6f97f9521f3cb5e4ceb4aa1508d58ba,d9c9e8e8607076e7
vishalmane109_10_10__340.jpg,10,vishalmane109,CC0-1.0,f0271dd977a15796bc9b0d468934dfb1a5f012ce96000b454e29706687708d47,c8dc98c8c2c2c2c0
vishalmane109_10_10__341.jpg,10,vishalmane109,CC0-1.0,3d24e3dd76355f3816e1ab43d6016ab2dfdfa1858fd812cb93011cc004bc04ef,cdcdc181c9cbc3c9
vishalmane109_10_10__342.jpg,10,vishalmane109,CC0-1.0,12aaebc48be393698eaa7d465b9e41f973a70e20846f20e204480a224fd6db4a,6c2c9c18ccc9c5c7
vishalmane109_10_10__343.jpg,10,vishalmane109,CC0-1.0,3034199c8b12f3078dc424fbf9ec504dbafd6ff4f82edd794641104070550bb8,00452d1d1d197d40
vishalmane109_10_10__344.jpg,10,vishalmane109,CC0-1.0,60dcd3bcd0665edb8b7ed6e9ad3fcf704b8988f95b75fecc0cd7a60435fb3c07,e3f9dccecacac2c0
vishalmane109_10_10__345.jpg,10,vishalmane109,CC0-1.0,eec68172ec1556ed4d17419a1c015c7b3b33caec3e10c1c6f551d7f69ccd54e1,ecdcdcccccc4c4cc
vishalmane109_10_10__346.jpg,10,vishalmane109,CC0-1.0,9733d035ae2853b6f1136c79e2810fc401cc30d4735d27278cfdeca27db6ed1f,cdc5c5cc6c1c1c1c
vishalmane109_10_10__347.jpg,10,vishalmane109,CC0-1.0,6532f7735b05a909fef6768a353494e422b13e8a6c8c70a1a4d9c6d89018ebc3,448c8cac2c2c06d4
vishalmane109_10_10__349.jpg,10,vishalmane109,CC0-1.0,159ee4372c7e1dc1197e749a6986d5caa79a6a5d09912c9e0a80e631e018045b,20901460cc546cec
vishalmane109_10_10__35.jpg,10,vishalmane109,CC0-1.0,21915374c717a70062e209638cd1c614bcb444afa22d567b411840e31cfac674,9799f9e9e82e7777
vishalmane109_10_10__350.jpg,10,vishalmane109,CC0-1.0,d6bff715e70beffa61a3a0f0e4312ad1b1c913ab76591fa7d0cb2d0bba212170,1407272721393337
vishalmane109_10_10__351.jpg,10,vishalmane109,CC0-1.0,2a5942aa4aed06fe5960080bbbff1656916b681290432b01b72b6d3ca492f116,6c2c1cdcccc5c7cd
vishalmane109_10_10__352.jpg,10,vishalmane109,CC0-1.0,2fda61f4a7d10cdfad5b9c984b4aca7e8372e46f6c1fb06603d623fbfe5f4885,9b9b9cb6a74f2e30
vishalmane109_10_10__353.jpg,10,vishalmane109,CC0-1.0,457757b518775c900897deb26620e24fe25fbb044b1a4d067e0e29c8d9c155d8,5acbc5c5a4c1987c
vishalmane109_10_10__354.jpg,10,vishalmane109,CC0-1.0,b817918107baf029ef8ea5bacbe9216c15a1cbca845d54a55f60ec0567259506,6d2d1d5d49434349
vishalmane109_10_10__355.jpg,10,vishalmane109,CC0-1.0,488d6a9b7e56a6a8c6a1881b854ec9ec8e08e1186a18e017cffccb0ccb93a376,952261c5c695c9c3
vishalmane109_10_10__356.jpg,10,vishalmane109,CC0-1.0,150d37de037c5aa14fee635048490cdd76cf822f52606b5013117bcce6c5dab2,4cccc9c9c8c8c888
vishalmane109_10_10__357.jpg,10,vishalmane109,CC0-1.0,57a33331b15a5ab4edc8683fcd8520bd8a9f82e0bef10d7a5695f38d2df8af76,79f9ddcdcdc33f38
vishalmane109_10_10__359.jpg,10,vishalmane109,CC0-1.0,6412ba5b6c155a9d7cd0106dc490faad34fd3b8bd2252e6d6c2719d14a2e45c0,b31bcd83e3c1d0d0
vishalmane109_10_10__36.jpg,10,vishalmane109,CC0-1.0,575a1c7fb9ec2931b5c52e58cd15c2e094add5c6c442f2ff2c075b1760aa3a95,4729f1f1f0e4671f
vishalmane109_10_10__360.jpg,10,vishalmane109,CC0-1.0,f5f9c4da617feb1c29f7a5646ce095db5ba0379892cd7ae50c6e912137dcf14b,8687071e1b191809
vishalmane109_10_10__361.jpg,10,vishalmane109,CC0-1.0,41a2d2b81b1d13cd23909b31870419d66c1378dffdee52f35152f65828a31d0b,a0c8c0c0c0c0c0e8
vishalmane109_10_10__362.jpg,10,vishalmane109,CC0-1.0,37d93f05a31b66d3f5794967b153cc5722a95e612641994ed8f3a8953df6763a,89cbc7c5c34b89e4
vishalmane109_10_10__363.jpg,10,vishalmane109,CC0-1.0,f94882e9163dc242c8ac3b5af29fc20711616bbb6520a45603579e28229869ca,ece9c86861e8cf3c
vishalmane109_10_10__365.jpg,10,vishalmane109,CC0-1.0,6a6d41eed7f1ad118bb59c11e5a418531728274ed910d30515cccc69b3f54a1e,840486a31b0f45c5
vishalmane109_10_10__367.jpg,10,vishalmane109,CC0-1.0,cb7a37843f695cc805eb9aee33aa90bd363dc6c2c9994f98a3aee5735103ef73,7f0fc307434f3db7
vishalmane109_10_10__369.jpg,10,vishalmane109,CC0-1.0,8bf9c8e999c6fc5eef8aa32785f847e5281a2b22efbab11f2c7de40629575e2b,2c1c9c8e4909898b
vishalmane109_10_10__37.jpg,10,vishalmane109,CC0-1.0,2e59b2f3213dc674ac84b34d8a9b257bafea5f1cb54967588488f8349747ee89,47edf8e8f4b4cf1f
vishalmane109_10_10__370.jpg,10,vishalmane109,CC0-1.0,4102a91e4e9cb2e2451085577f99536b5375d48acc98ca966f296b77f3094636,c23e1e4e560e3e42
vishalmane109_10_10__371.jpg,10,vishalmane109,CC0-1.0,8c4b4463afb4f8bbcf52e4fd8deb7e94eac21a9ead78a453109ad5ece8a2a39d,cdc5c5840d2c2d27
vishalmane109_10_10__372.jpg,10,vishalmane109,CC0-1.0,3bd262871f7092ed7ebf9aa3450815c290f1b48b7fb150b30b78c93f637e827b,3fd4d96323ac9c05
vishalmane109_10_10__374.jpg,10,vishalmane109,CC0-1.0,d2358de5cb2b85a71e320af9df4fd542075e5ce78f8b06b397290e1d194488f4,d39090d1918b83ca
vishalmane109_10_10__376.jpg,10,vishalmane109,CC0-1.0,6838e4c4460160e8841a606e271bd0a64f957ffc8125ce2fe49a2b41d7be5b4f,9eae787170723606
vishalmane109_10_10__377.jpg,10,vishalmane109,CC0-1.0,85c9e27fc978bea0002569395e31763eb7ca85aa8a9ee7cea76e843c171639c6,4dc989898bcb688b
vishalmane109_10_10__379.jpg,10,vishalmane109,CC0-1.0,79b28c21e650eece1973d56ca5a54f998c379d2a6e56f55b7877a2558a7959ea,cac2c1c1c1c1c1c0
vishalmane109_10_10__38.jpg,10,vishalmane109,CC0-1.0,6aad0faf61ff3ab6da78e692fc09151332e764aba0b61d44c35c44120d4b5267,f2b0e0e060724207
vishalmane109_10_10__380.jpg,10,vishalmane109,CC0-1.0,76f9deb20a5842b57d1c4380127632e348b8ffb44c18b7464314bc790a8159ce,3c25898981812164
vishalmane109_10_10__381.jpg,10,vishalmane109,CC0-1.0,e9906e3bf340a03e2eb0790d98a5455a17b1b29366bf900b07cd13133d234799,cc4c66f67636b131
vishalmane109_10_10__382.jpg,10,vishalmane109,CC0-1.0,502c6a612d7e8e2b9f7159794dccad4abeb2900381cf346c71afb906318aa513,ccac9cbcbcc2c2e6
vishalmane109_10_10__384.jpg,10,vishalmane109,CC0-1.0,2d417f2f128d173a2855daa7abe59ad444d342797761c6331753a4a53e1efa15,939296969293a3b3
vishalmane109_10_10__385.jpg,10,vishalmane109,CC0-1.0,575a58d547a206ae14196c8569bd798e59b98ecb65f4213f51a00fa26890aebc,c9cbc98bcd8bc98b
vishalmane109_10_10__387.jpg,10,vishalmane109,CC0-1.0,15ea080e950d7db72b7819fddb70c9253748c00dff19b9fabe220eff0ba4c02d,f0e048c9c9e0f0f0
vishalmane109_10_10__389.jpg,10,vishalmane109,CC0-1.0,71e2fc595599ada462636cb686954af276ee68e01dab1131e187bd649502b4e6,6c2c1c188d85c7cd
vishalmane109_10_10__39.jpg,10,vishalmane109,CC0-1.0,fc8f9a8b45fcb8a8c54468433fd0c48bdf98310697648c93a9d91f40049e053a,4f27b3f8f8f8cfdf
vishalmane109_10_10__390.jpg,10,vishalmane109,CC0-1.0,172630a72d43364577f255533763cdccb0c5695f71a895789f313926bb2ab530,00c6c989898b3a00
vishalmane109_10_10__391.jpg,10,vishalmane109,CC0-1.0,381b599a3a0b3a6a2a7ae7433d4e57a50fb8aae181be3e69d421d5edc0455092,e5e0f0e0ccccc0e0
vishalmane109_10_10__392.jpg,10,vishalmane109,CC0-1.0,cf6034509aa93b3e5c173ed493772e1241c6fe6eb309ac5f75c6e60e8b979d1b,e4e0f0e4c4c4e0e0
vishalmane109_10_10__394.jpg,10,vishalmane109,CC0-1.0,8e4aeb325d585dc1a3b92432c7d4c9e9bcfc0aa63f62f1ca38b7e39c392ea09f,e0e0d8c0c8c88000
vishalmane109_10_10__395.jpg,10,vishalmane109,CC0-1.0,adb61d1b2b6e24606d426e73b96f916182343f4e4257fc70cabb193c2ef369d7,e0e0d0c4c4c08000
vishalmane109_10_10__4.jpg,10,vishalmane109,CC0-1.0,a5a6fc6f8af5b7789bdaffb993f2f015ceeff5ce945001c39ac101fc9aa4efef,d8c9e9e969f1e3e7
vishalmane109_10_10__40.jpg,10,vishalmane109,CC0-1.0,de49970ebf1a1e25f274a45281f37bfa9e764b5da9002aad8dd58d0e5cd7e185,a7a3c8c4e8f9ff77
vishalmane109_10_10__401.jpg,10,vishalmane109,CC0-1.0,5ed2d7db3b3545cb8cb544f2706679fadd2da17a1d1bc712a143c61a2fbcc6bc,a998c2c68480cac0
vishalmane109_10_10__402.jpg,10,vishalmane109,CC0-1.0,90d10efddc5473597e5f395f4ff498b5010af2413e081f38c9aeefbb9b582a23,e47cf9e0e1e0c2c1
vishalmane109_10_10__403.jpg,10,vishalmane109,CC0-1.0,7c5115f1a6e3435e9ee54bc1797827727a35ee6ef2379e82db45c5fb283536b1,fcf8f0e0e2e2e0c0
vishalmane109_10_10__404.jpg,10,vishalmane109,CC0-1.0,055c2856b1f4e5896c92f9bd8e3a91399401303599f892f7063bf353c724ea25,fc71f0e0e0c2c0c0
vishalmane109_10_10__405.jpg,10,vishalmane109,CC0-1.0,1cc7f892137b25d385989b36f175c4a64e0715492d03a67afeb8f6dc1b2bfc90,e4e1e0c0c1c1c0c0
vishalmane109_10_10__409.jpg,10,vishalmane109,CC0-1.0,34626f939547d8f04f9c21d5e826682e6c170bf5e008cb54e1de395c5e04c069,d898b4b878ece4f0
vishalmane109_10_10__41.jpg,10,vishalmane109,CC0-1.0,86be8e44d7668e417accdfe71142873b52d6d50ef779cb782acc6d345651a40a,4729f9d9d1c2e737
vishalmane109_10_10__410.jpg,10,vishalmane109,CC0-1.0,53bcaf5df6c3f58e832f7857ed07b8852d9d22e79a8b060d64a4be80c29b0d0a,0b87c9cac2c2d8e8
vishalmane109_10_10__411.jpg,10,vishalmane109,CC0-1.0,bf29d779e2bd35ece6aa6dd773deb035ef73d17a1a1f849fa11ccf40248f8e81,ba7ccce8ccccc4c1
vishalmane109_10_10__412.jpg,10,vishalmane109,CC0-1.0,a8f37ea97ec430aaad0f00a6dd3aa6e21158b47e0caca1310f57656e6816deb3,af677874f0f0f0b0
vishalmane109_10_10__413.jpg,10,vishalmane109,CC0-1.0,39be84267b534be6628537d7791513b77781ef78607b743d06a22c65a669340b,3ec464c2c0c2e8e0
vishalmane109_10_10__414.jpg,10,vishalmane109,CC0-1.0,d5dd3a04928720c69fca6e9da6c6eff442faa4badca849b59ee60399ae758e56,12323262ce4a4bc4
vishalmane109_10_10__415.jpg,10,vishalmane109,CC0-1.0,ae4e99b2c723b207131ab81b903b3898edaf031e69ae72a965249061c4d2367c,e2e3474d881a30e9
vishalmane109_10_10__416.jpg,10,vishalmane109,CC0-1.0,82f58c125c2962fef1531e41b01d338de0774c6958da63868708522c3ab27c9b,b1b3bb9b8b83824a
vishalmane109_10_10__417.jpg,10,vishalmane109,CC0-1.0,fb0ed16a2c7451a2c6331e86c7c9c62c5b069a0ebf256b85c4ceb275571a7bec,989c9cd9c9cbc3cb
vishalmane109_10_10__418.jpg,10,vishalmane109,CC0-1.0,60afc56ce6b886ba68bf183d8177d2714796314b283808a15ed836de8ca22417,889cd8d8d9d153d3
vishalmane109_10_10__419.jpg,10,vishalmane109,CC0-1.0,ac57bd039b4ca1c9efbd178ce44c5acaf6d80f852cc47c2347e5a4f9f0e0c14c,85ced8b89898c8cb
vishalmane109_10_10__42.jpg,10,vishalmane109,CC0-1.0,9d71d27ab234687182c6e14e5db4359f6232532da3d8e89be0514b1e6a9e5da7,e7a5e1f1f9c9e607
vishalmane109_10_10__420.jpg,10,vishalmane109,CC0-1.0,e63ce2f74549f13ff9cc6529ba42daa055466f238a93869c3cc19bc1fb844782,c9d91e1c9832f0e0
vishalmane109_10_10__421.jpg,10,vishalmane109,CC0-1.0,59b6cf0f735143bb16bf49eb55dfbb1917ee8463d6d52a07720a8f84dec411dd,8b066cfae5c4e4e0
vishalmane109_10_10__422.jpg,10,vishalmane109,CC0-1.0,beec9342b12f05fee11d202d12dbcf6ad3a37a9649b78ec75318475b3b795531,363e2e99f162e2f0
vishalmane109_10_10__423.jpg,10,vishalmane109,CC0-1.0,7bea704b781dc71ce34a847f7905c7120e756e962bbef386e62b1af63bb3770e,cc678aa8c2d0cccc
vishalmane109_10_10__424.jpg,10,vishalmane109,CC0-1.0,04150677415dd1b0a0a8695f1d05cdc2a1f98be44e366419148b48bfbffe94fd,2901f06a636363b2
vishalmane109_10_10__425.jpg,10,vishalmane109,CC0-1.0,a4054e9a193f0bf9410d72b6409a85b809ac0a3aa1fd9a855ae76ee2f2394285,a080243070b0b0ec
vishalmane109_10_10__426.jpg,10,vishalmane109,CC0-1.0,a27cedc8bc0d58755350e1563b44f8f7080c6ccb6b73961a36921d42f536c1d2,22996260e1b0d80e
vishalmane109_10_10__427.jpg,10,vishalmane109,CC0-1.0,81bec20fbb082b115c52fcaba82a61f0f351fb24480264ba6bede9cd7f6460fe,c8c4e0e0e0629216
vishalmane109_10_10__428.jpg,10,vishalmane109,CC0-1.0,4f9e20c51c3b5a0801d6ec2d103bcf5a98d22a7b24064e3ed23c88770200cc17,30988be1e0e0e0f0
vishalmane109_10_10__429.jpg,10,vishalmane109,CC0-1.0,73c61df7df4d8d5e6e1806d03f1a2144b435e30b85004a35a6bdff197a7f689e,b091c0e3e0e0e0b0
vishalmane109_10_10__43.jpg,10,vishalmane109,CC0-1.0,86b4130fd0e98e65d731a0dee6852f33bd618e8a907c13bc9643ac14e946e145,e7e450b4dcfcf4d3
vishalmane109_10_10__430.jpg,10,vishalmane109,CC0-1.0,fd6e1d1028542c38ca3b9554985ea96f96706923a0283cab9e2e7cff4d7bd3b6,88a89af8d8d8c9e9
vishalmane109_10_10__431.jpg,10,vishalmane109,CC0-1.0,3d818180f45d56e04cfadf8b4d0dbfcbc61fb556d55804cd38653a52a59b2924,e82a0a58f87070d1
vishalmane109_10_10__432.jpg,10,vishalmane109,CC0-1.0,d58046e5afa3278f1a6ad49d4ac2f55368b0711aed75692bb997d7d42abff6d5,a08c8ccc6e6aebc9
vishalmane109_10_10__433.jpg,10,vishalmane109,CC0-1.0,32e5d7524fbd99daef1834e07ee7c5675691134a0bb8c9b36b016260b06b87ca,c389888c8c88c291
vishalmane109_10_10__434.jpg,10,vishalmane109,CC0-1.0,a30c84765e80b5b9253ad2ed5d8dbc54e9d5749c5a1603295d89adb4998caffd,9090b0b0b0b29323
vishalmane109_10_10__435.jpg,10,vishalmane109,CC0-1.0,ab0f6ef2c2099524a57b2791518e9705aba8e4ec64052c286d0a1cbc6e19c8ec,0b0b4dc3c2c2865c
vishalmane109_10_10__436.jpg,10,vishalmane109,CC0-1.0,095f903afc7464f07b6e1a6d59fb1e85a2f09824a17907c212360cc9a0a4460a,40a0c6c646c9e1c8
vishalmane109_10_10__437.jpg,10,vishalmane109,CC0-1.0,fd742ac3bc19c657b8d597dce06aebcf033cd0f5fe662d0e78f0daca54d16aa4,d4b172c2e3f161cb
vishalmane109_10_10__438.jpg,10,vishalmane109,CC0-1.0,596f90a7dafed39091c939e1b31de4df1d285f51f639f4373742773b593b9159,80f8b8fc686ce8f3
vishalmane109_10_10__439.jpg,10,vishalmane109,CC0-1.0,7855d6f5db4aadee355881cd5364d7879f38c9c66e6f13cfb2c63dd26e0b5184,696be8d8d8d8c3d3
vishalmane109_10_10__44.jpg,10,vishalmane109,CC0-1.0,43ad22fcf9f21db8bdb03eeae99f04fe03a15a69f6573fc2ae8e9e449e3abdd1,d42b3b1a1b697363
vishalmane109_10_10__440.jpg,10,vishalmane109,CC0-1.0,134823bf8b1a56595f56dce2ab144ac9883d27335abae78903cb238bf8060502,3870e36060636171
vishalmane109_10_10__441.jpg,10,vishalmane109,CC0-1.0,6a41e42e23e1e9f344d7aa3c2c30833066af503879968a23222f046603b7f7b3,8dd4d0c8d8b2b3b1
vishalmane109_10_10__442.jpg,10,vishalmane109,CC0-1.0,a249f47718f28efa2eac20eb3a9540283721a2169c56db1b31c42ffec57ca2cc,0721e1e0e2e2c3c3
vishalmane109_10_10__444.jpg,10,vishalmane109,CC0-1.0,3a31ea8bb9b124c8de6e608c5b9f8636f40ba8fb63bf8ea52a00d923e120a980,e4a4606462d05c4c
vishalmane109_10_10__445.jpg,10,vishalmane109,CC0-1.0,7c5e3e51b8c1b3b071b1ca12fae9aef5a132931ed72a9e95b886f7da4908bb56,e5a46064e4c48648
vishalmane109_10_10__446.jpg,10,vishalmane109,CC0-1.0,df3542a10bafde1d9581275d67f0430c2ed099555b94be18b8976cc274077b85,67e2d2e3c3c0c0c3
vishalmane109_10_10__447.jpg,10,vishalmane109,CC0-1.0,9507606049d0c8343ce03e0e43159e0d5ff160b4a01a2028ca343ce8da2b9946,291cdcf8ccd4d3d3
vishalmane109_10_10__45.jpg,10,vishalmane109,CC0-1.0,58a6661059acf7580b3a47a5cd0a5040858a2360bea50158135c2cfbd5989d26,c9d8d8e9f971f1e1
vishalmane109_10_10__46.jpg,10,vishalmane109,CC0-1.0,123e501ab74ecad8ae9829f46decc2ce19c21d9ac6fd9427afcb268574907e35,2d59e1f0a3cef083
vishalmane109_10_10__47.jpg,10,vishalmane109,CC0-1.0,3fc4e4c87612cd91638a30f354f24d35fb67b4424887356e0cae1c58e94f102e,0b3af1f1c79ef081
vishalmane109_10_10__48.jpg,10,vishalmane109,CC0-1.0,9ad0ba0b9161e02221c00d4f0de2ba8e6b792f5b87850e00094e2cbf6d309300,5370f061c73c6083
vishalmane109_10_10__49.jpg,10,vishalmane109,CC0-1.0,b1470a530f7fd0b23cf0cbc613fae141e70c9f59fb923f3a76f29958b1acab49,9c1e70f2638f38e0
vishalmane109_10_10__5.jpg,10,vishalmane109,CC0-1.0,1cd33fdce64715eeb0fc9ba0d402db0e3825123f4f2baed3304cb2c1dcbe95b2,5ab2f06972e6f8fe
vishalmane109_10_10__50.jpg,10,vishalmane109,CC0-1.0,a8d3c2a5d2f88ef1e8ae2832598d790770f80c2d1fa6cbc01109626d2ca32b93,0034383838383848
vishalmane109_10_10__51.jpg,10,vishalmane109,CC0-1.0,c2c69b8c3a0c320547d259895a43b3d4b1307b4a9733d97003ac44aaf964f65f,b0f4f494ccfce0c3
vishalmane109_10_10__52.jpg,10,vishalmane109,CC0-1.0,0a5afd02cd66c2e7b6c5cc01c6ac7a4dec3e117ff22e1006ac43f5d04371ca5c,a4ace8f0f0f8e0c7
vishalmane109_10_10__53.jpg,10,vishalmane109,CC0-1.0,8e2e7bb037c6bd402154ffec69a392b468e6875313172f0d5038cf43d6f3a7ff,6461f0e0f8f8d183
vishalmane109_10_10__54.jpg,10,vishalmane109,CC0-1.0,dc9126172fa46807bdb26cf8483b077617dcee9d720586cf39c2dba2b4830fbd,2461f0f4ec7879c3
vishalmane109_10_10__55.jpg,10,vishalmane109,CC0-1.0,b58effc4527c206b95f7a2e7e7c8c82bbf2e672e0ae0a2bbf0dab0c608d20994,cccdc1c5c345cc96
vishalmane109_10_10__56.jpg,10,vishalmane109,CC0-1.0,e6f249d424c03f5084684f25348a7ab54f0f7c26a3763fdb7361854df7b96463,24e5f0f4f0d830e6
vishalmane109_10_10__57.jpg,10,vishalmane109,CC0-1.0,df104c72672bbc212ddbaab05f914def37d504063fdaead339b8a6a5378819d4,a9e1e0c0c3c66041
vishalmane109_10_10__58.jpg,10,vishalmane109,CC0-1.0,38f34d4c873eca5e31e5163ee4eec068d83dbafb2d722fb32a67c644453915ad,f0e161519379d819
vishalmane109_10_10__59.jpg,10,vishalmane109,CC0-1.0,c03f1bf78d17a96c85ad0b20e974369dd0a07aed7a85806c13f5be6cff2c7dd8,3939e9c8e861c4ec
vishalmane109_10_10__6.jpg,10,vishalmane109,CC0-1.0,c133aee356f3e0026c303bec802ba5d02203b037caa18714735dc3668ee913f5,e42520f1e1f0b0f9
vishalmane109_10_10__60.jpg,10,vishalmane109,CC0-1.0,be1af41d46abf0d9a7d40dddbb5e2561d3cd87f0d92d41a5879e8d1e920fb9cb,3333d1f0e0d1fddc
vishalmane109_10_10__61.jpg,10,vishalmane109,CC0-1.0,3e72ee90aa37b03cfce6301293f08ae632077ee7842f1a5df38b583debb7f0ce,739bf8f06169dc1c
vishalmane109_10_10__62.jpg,10,vishalmane109,CC0-1.0,d85392980f543ce420eb6adf9bda1c499ace7ece6e4b9258d1a1905554e3d730,e0d074cace8080e1
vishalmane109_10_10__63.jpg,10,vishalmane109,CC0-1.0,2b4a5f911180729a66235c552906075fa231ad49a6e931a6a5cf4d99792f57d9,00d42d3d1d1dc400
vishalmane109_10_10__64.jpg,10,vishalmane109,CC0-1.0,d2c241a6e6cb96b54a09033d63ef1bf4603cf8d473fb6be622a89a0ba9593d32,913971797059f896
vishalmane109_10_10__65.jpg,10,vishalmane109,CC0-1.0,84042eba53e52d3ac5dd69baf7020072bd6d0cfb012d8c716ce3d6efa64dfac3,a33369e9e48b913c
vishalmane109_10_10__66.jpg,10,vishalmane109,CC0-1.0,d65102ace4d126f5299345b3575c6ea6680fb49d7d9a5c71c82ac842a52fb9dc,da6870f4607932d6
vishalmane109_10_10__67.jpg,10,vishalmane109,CC0-1.0,39496c5feec06547479ebc87c874cf0d296eff22dae3f904a7a52f9fa6d49c56,64e18818996862da
vishalmane109_10_10__68.jpg,10,vishalmane109,CC0-1.0,116bdf80943cd077f4354cc61c0aedb56b13e5fd91ddf761d7504194272fb5e7,3133038189f9bfdf
vishalmane109_10_10__69.jpg,10,vishalmane109,CC0-1.0,d23330eb9219f6b1024c53d9b16cc809c02ca8bce6155256c4c093f8ba45f90d,ca6830627261c28f
vishalmane109_10_10__7.jpg,10,vishalmane109,CC0-1.0,e4eb30c0b1489b9c6fdced572114fb8a59900519c1f39391b4165c9021ddb6f9,cecc6cc2e36513b3
vishalmane109_10_10__70.jpg,10,vishalmane109,CC0-1.0,5d38d55ea4879f0d778503e5708950bbbf2213d877fbbd9397643e1beccabc8f,0e7cf9e1f13cece0
vishalmane109_10_10__71.jpg,10,vishalmane109,CC0-1.0,4e83aecf3f399eba9e6b04e59d4d9472fcdef31530a8f736bfe04cfcba7b0302,3a161658c94848cc
vishalmane109_10_10__72.jpg,10,vishalmane109,CC0-1.0,d9d5db80a33fa50e90418d7fd9624d4b9520da10872133d3893aada2041d6c2b,851de4ea68787476
vishalmane109_10_10__73.jpg,10,vishalmane109,CC0-1.0,c7d09e962e7a694c7b2c654541dfd6058d062c4bc5a7917fc030812afe6c3978,8c1cf4f4303464cd
vishalmane109_10_10__74.jpg,10,vishalmane109,CC0-1.0,195ed6752c5ceaab025e496e79936dc8990946f334afc2bfa4bc79333d5f440c,9d39f8797170f03d
vishalmane109_10_10__75.jpg,10,vishalmane109,CC0-1.0,ac764cc53064b2efa960cc6ba986efe4189fff255d6945c05405e313e4046411,dfb47060f0706079
vishalmane109_10_10__76.jpg,10,vishalmane109,CC0-1.0,5548521cb2593cc5646f918ab93cdfdb4f77bf35c8d9d79f678283d66b3c1c35,5bf0b0393938f8c5
vishalmane109_10_10__77.jpg,10,vishalmane109,CC0-1.0,616a583ef705648de25aac7a87771e4695c3651bbe259e19488993e40be66c74,365cce627078a4b1
vishalmane109_10_10__78.jpg,10,vishalmane109,CC0-1.0,23afb1e2220182f0e63c767fc0427cc011b1a45eb0dc895c64b40a609276962a,3dbd787cfc7c60ec
vishalmane109_10_10__79.jpg,10,vishalmane109,CC0-1.0,fb545b213c181a0424ef5279d8a652baba1e783b9bb9868e6c95353cff05a0e0,6dd3f0f070f0f878
vishalmane109_10_10__8.jpg,10,vishalmane109,CC0-1.0,8b93d220b4b33ab6db09b183142e3d8f7103078efae5c064a5b56ec696b27075,888ef2f361729bbf
vishalmane109_10_10__80.jpg,10,vishalmane109,CC0-1.0,1c1bd109f0af1d811de6aef476679b75f2ba8d8b6c6768b22019b8052ebb81bb,e2c4c8589c383074
vishalmane109_10_10__81.jpg,10,vishalmane109,CC0-1.0,2689102d7cba0c603119f2e0d6b446d302d988d5d40d1ade3657c9fd90288440,4ed8c0d0710432f8
vishalmane109_10_10__82.jpg,10,vishalmane109,CC0-1.0,a0400dcf1a7bb64b3832c002cc1087c8bc724545be361b1207f1a0a6f148d13a,303c7870393fcb84
vishalmane109_10_10__83.jpg,10,vishalmane109,CC0-1.0,d4cca74799df830d4fa925193ddb7c2d73a3c432b6334dbad1474a2d95f6471a,eb9399c5cbcbcd95
vishalmane109_10_10__84.jpg,10,vishalmane109,CC0-1.0,9a7de3efbed98faa5242ececdf667ea318646449ea6e78ac2d3a8ab5b7031904,ebfc6464e4e0c078
vishalmane109_10_10__85.jpg,10,vishalmane109,CC0-1.0,094e37954c07ce96575c72e08fe003771dc7494647a7211df6446bf3de31d37a,bd7d7464f4f0f0f0
vishalmane109_10_10__86.jpg,10,vishalmane109,CC0-1.0,e7180fb3099e2b52c53049b15ef5cada431de543df48d51902de09e67e768ce5,f1f1f0f0f8f0f0e0
vishalmane109_10_10__87.jpg,10,vishalmane109,CC0-1.0,c7656fff4ef82fb586e1925ca62ba37d5115d3fb4a5a37db1c0876e70b9acf17,dab078e8b2f8c5e1
vishalmane109_10_10__88.jpg,10,vishalmane109,CC0-1.0,48ab87422e884c42923a2c5a2036fcb21e58bd1551282e73593c1e15902b21c9,ba9ae6f8d8d8f3c7
vishalmane109_10_10__89.jpg,10,vishalmane109,CC0-1.0,205287274d6252300e69f285bc3700ff17c14d1a3cf37cde916c63a6ff4ea353,cfdc4c4cec6476c9
vishalmane109_10_10__9.jpg,10,vishalmane109,CC0-1.0,4b8a1700fd87bec28b7aa6e4da640eef6f307ca2c2867e4dd23526d54a24b975,1994a0e8b3323367
vishalmane109_10_10__90.jpg,10,vishalmane109,CC0-1.0,795b132bb4844032b37c86508651deb2726d3cea1161494ad8adfc20c2b70272,29f83631326c5e13
vishalmane109_10_10__91.jpg,10,vishalmane109,CC0-1.0,aee762a68f600893ca6fa803444ebda9666de963c64221b9b7de3e15d7d5e410,2d2f434343433042
vishalmane109_10_10__92.jpg,10,vishalmane109,CC0-1.0,36f8591fd82a191f4440c4a528de3ed17f0250dc5efe711d631f0fd3b428d629,cde5e1e3636074f4
vishalmane109_10_10__93.jpg,10,vishalmane109,CC0-1.0,d23328e23958a64a1d6a6ee559a03b72ca23dafa88f41a4b5e10b5a4322a79bd,0a40e1c54f4f0f07
vishalmane109_10_10__94.jpg,10,vishalmane109,CC0-1.0,dbc9e653ff1d72bdcf37b7e9773edca868b96f3bb807a8db6f77f504faf38e96,e6051e8ec62d3843
vishalmane109_10_10__95.jpg,10,vishalmane109,CC0-1.0,da28f3d389c3b66aeab8769c917939214eaef8c2e14086d33513be6b3ff62261,2c1b3d9cf4feebe7
vishalmane109_10_10__96.jpg,10,vishalmane109,CC0-1.0,925ddda4714c960774230c059332137e99c00ab21018071a7e37005861bbef31,4bc3e3e1e0d9e3c7
vishalmane109_10_10__97.jpg,10,vishalmane109,CC0-1.0,7871e3150fc3e2018a112e9e143942043c1818a9ce75fd32451d42c9a36b8eb8,b3434a71f4f1e607
vishalmane109_10_10__98.jpg,10,vishalmane109,CC0-1.0,88d69ad0f320776e5c84c17173105d4d1d212c0ef243c29e0de376fca093885d,ea73f031b1d0f0f4
vishalmane109_10_10__99.jpg,10,vishalmane109,CC0-1.0,658e5eb7957e09ee06f5e6c7144306e21c9783fcbf0f5f0a6372b5d76eaa6b5a,78deeae4ecfcde18
vishalmane109_2000_2000__0.jpg,2000,vishalmane109,CC0-1.0,b89a1b2a3f051058d3d41a29ace737beaa3b32a1de577129d947334e03c9900a,28d2290c4d2dd4c2
vishalmane109_2000_2000__1.jpg,2000,vishalmane109,CC0-1.0,efe7f7e9a5f15dc6cd4d8e4b9e1ec643b281f2f22f56aa3c7fa7f6937b204277,24061e76f67ee00b
vishalmane109_2000_2000__10.jpg,2000,vishalmane109,CC0-1.0,d280284188e557d6d43b69bcaf87fccd748da6cc8ccbd758256c7831784088e8,199396a7b7937375
vishalmane109_2000_2000__100.jpg,2000,vishalmane109,CC0-1.0,4cd9eb06f78eddf928aab2537684a55fbeb4fef7163f70696e30bc4f07672509,2ebe8c6c8a92968e
vishalmane109_2000_2000__101.jpg,2000,vishalmane109,CC0-1.0,1bb9f70f382c6d51aaf77d232c6c0881238aa496da2ad56b758250e63144de06,c6c5edecb4d0e1c3
vishalmane109_2000_2000__102.jpg,2000,vishalmane109,CC0-1.0,33c4c2abf64281658db66ff943c7d2bb7da74385b17fde53c2a1c7f291cee44f,a8bc9c4cca9296ca
vishalmane109_2000_2000__103.jpg,2000,vishalmane109,CC0-1.0,7da7c9b66cc0d457ed92812fdf7bec5aa8ce55345f9c1b5fc875db7e4bd07df6,7efcedcdedf6c8c3
vishalmane109_2000_2000__104.jpg,2000,vishalmane109,CC0-1.0,74bc1bdc6c73cde887838a119c773453af8916c2444cc151f4b99bb49849f866,dcfce89c98e8ccf0
vishalmane109_2000_2000__105.jpg,2000,vishalmane109,CC0-1.0,7f208b84c5aa9ce7205163a935cb568fa96e238b79e142e258a7f20472b8bccf,a7ecccecdcdcccc0
vishalmane109_2000_2000__106.jpg,2000,vishalmane109,CC0-1.0,28a2a2e46eb9fa52b74676ebb02b33657a39e1d40d58a32082cae27e293f3faa,a9ada2707031796a
vishalmane109_2000_2000__107.jpg,2000,vishalmane109,CC0-1.0,534745a292441a7652f6dbd319f97b630ae127a2c53031f15a9726404a14bc7a,a233b2bfa7f62fae
vishalmane109_2000_2000__108.jpg,2000,vishalmane109,CC0-1.0,eb2cf90a294290407b317fbf55367fe65ea95c7cfd2b5507d5157fbffbea29c8,ecdccce4c4c4cc17
vishalmane109_2000_2000__109.jpg,2000,vishalmane109,CC0-1.0,c2eb1995fcd99e50aeb8e49c27714a8c740b312e4fce294ff2459864a7e71beb,fc7cf8f4f0f9f5f8
vishalmane109_2000_2000__11.jpg,2000,vishalmane109,CC0-1.0,5042cd95f273340cc28e61d299f9d1248a76afb37114ed649f2bbd72c3a6210f,ea2eb696969d4eea
vishalmane109_2000_2000__110.jpg,2000,vishalmane109,CC0-1.0,774a72d746d5574bdb86ef31b4ea3a404ed15c13f4b9d03f1b80df1b90ecc4cc,7cccdccccc7c3d39
vishalmane109_2000_2000__111.jpg,2000,vishalmane109,CC0-1.0,9caa5ff2aa780238f562f378da24d1664e942d5d2a83d654ef7453cc759d9299,2eaeb69c8b922226
vishalmane109_2000_2000__112.jpg,2000,vishalmane109,CC0-1.0,14dbd6b04aa746f1601be535f689a14214cba35c394d242af739a7b3662dc931,a87b6979697b7ba8
vishalmane109_2000_2000__113.jpg,2000,vishalmane109,CC0-1.0,fd426a463146dd5ec7c71dae8b66a0e8f9edfd9e18332e16f82db53cab888413,08282ab8292a2880
vishalmane109_2000_2000__115.jpg,2000,vishalmane109,CC0-1.0,09900efd3641a3d4c672c44203a30ee0b474f98d82b1c738bfda7c3994945802,69e4a494dccca883
vishalmane109_2000_2000__116.jpg,2000,vishalmane109,CC0-1.0,5d59d3bb7bf069aa335bbf5f0dfd8b41985110d42d2e28dc813f3dedf038ba00,a1b2c2d3d3d3c7c6
vishalmane109_2000_2000__117.jpg,2000,vishalmane109,CC0-1.0,5900776c04f410b30e2bef12945ec4c68b5b87b69d0c2a6e21d0fc2d8696739e,9994b2d042c2bbb0
vishalmane109_2000_2000__118.jpg,2000,vishalmane109,CC0-1.0,fed414a2c7298847e55eac0fc80d97f12a2235972d314e8c702fd3057eeda973,caac969b92a68cd9
vishalmane109_2000_2000__119.jpg,2000,vishalmane109,CC0-1.0,be792d3fe9afce4ec669dad9b7f7389d98064cdb05ea38a2d7d80a8179375713,6ca8a89c889fb2b2
vishalmane109_2000_2000__12.jpg,2000,vishalmane109,CC0-1.0,0a0b6caef17409839e16185f681df9c3668c695c92d28262d48d28c1f762ff9d,99a063ecdcccecf4
vishalmane109_2000_2000__120.jpg,2000,vishalmane109,CC0-1.0,31a35420066c4b93f1735cce1c37393a31bef4ebf6b9d9ec883d252cf86e422e,ac9c9cacac9c8cec
vishalmane109_2000_2000__121.jpg,2000,vishalmane109,CC0-1.0,22ea826aaeefdee6222f18bdf86161ae1d4691816c5e982f2db7ab0ae0874393,2d98f4ee30614c4a
vishalmane109_2000_2000__122.jpg,2000,vishalmane109,CC0-1.0,013d08ab8e8525989d642fc78869452f3c49f86be5a470e788284751cbcc3b2c,f0c4ba326e38f04b
vishalmane109_2000_2000__123.jpg,2000,vishalmane109,CC0-1.0,d81dbe26250bfc64ae0bce4664b890baef924e9f370420326a8a4288713665c5,292d1d6dc893978f
vishalmane109_2000_2000__124.jpg,2000,vishalmane109,CC0-1.0,6e3c953cd6b6de0890f52d20ec31f5173f249af502cf6a7a13f2b657bfa840e4,e4dcfcfc60227c40
vishalmane109_2000_2000__125.jpg,2000,vishalmane109,CC0-1.0,265ea429719ad08f74bf39e6772415e93653c11d22f728434472d4403618e5ec,834cdf93b3d2c190
vishalmane109_2000_2000__126.jpg,2000,vishalmane109,CC0-1.0,25a4f6f0b6713396cd8c311c6e85999a6215901b95f642e3c65be3696653a19d,71282c545c292141
vishalmane109_2000_2000__127.jpg,2000,vishalmane109,CC0-1.0,d213c35a86c98b8a631166ce4b569740a1ce884734b3d8d26b524bea7be9bf83,f470644a22208804
vishalmane109_2000_2000__128.jpg,2000,vishalmane109,CC0-1.0,bcad4cb56e42384ae4e74ee34f9cef641d96695c75b83ff4632ed39c7d0e4550,c5f1f4b038746878
vishalmane109_2000_2000__129.jpg,2000,vishalmane109,CC0-1.0,e96ad31fe874ac4fb18cc5c7a91faf7bbe243ac474c6b016b4c7ae03237c9da7,aeeee0beecf6eeec
vishalmane109_2000_2000__13.jpg,2000,vishalmane109,CC0-1.0,64724bca05f2f1a094d0ca7f9ebf093a9f9db087bd8e843dc279cf4bdb046c24,ce8b9a92969e8f8a
vishalmane109_2000_2000__130.jpg,2000,vishalmane109,CC0-1.0,856e2d2be887dc0c860f6aec0979c8aa38f6b7042db7b461121fa0654d3c9820,16ce8b9382928f88
vishalmane109_2000_2000__131.jpg,2000,vishalmane109,CC0-1.0,639e37ed39462a32fecabd69767d14ce3e5d7da621686db32b0a1bceafdc0c53,ccc299d86cb45829
vishalmane109_2000_2000__132.jpg,2000,vishalmane109,CC0-1.0,d555a0ff149fcbcd0f0aa0f59653da63b5adb8ccf9c1512255ac96632bc8e3fd,21a8b89eccddcd79
vishalmane109_2000_2000__134.jpg,2000,vishalmane109,CC0-1.0,7f562a8122177d596b5ec766f602e1251bbc33f2d5ca93b41bbcf11ae0bc63a4,7060e8a1e2dece9e
vishalmane109_2000_2000__135.jpg,2000,vishalmane109,CC0-1.0,a92a69051291a05a2aa79496d719d4f48391e50decf000d08c4d3e6566c8ac9c,e2c9e870f1e1b11b
vishalmane109_2000_2000__136.jpg,2000,vishalmane109,CC0-1.0,f7c822d8345ae074469e3f97ef95d482235ec4e8980be7718a65c6695f630ec5,c0ae9cccca928ec8
vishalmane109_2000_2000__137.jpg,2000,vishalmane109,CC0-1.0,a7fab0c4370567cd53adb0b5a4b1b988dd13020a6d01e990272d4e87638b8cb6,280e0d698b938789
vishalmane109_2000_2000__138.jpg,2000,vishalmane109,CC0-1.0,1daece8b389e59b8d29b1b2c1ec3d08a21c2fff3c125cdc15d999b2835098cd4,9c9c8cc8f87838b9
vishalmane109_2000_2000__139.jpg,2000,vishalmane109,CC0-1.0,852e50f79e088ca1e943a249eef2f9c34cba0bc74a8a5807f0fbfb1c211795cf,da3a1a5a5943c1d2
vishalmane109_2000_2000__14.jpg,2000,vishalmane109,CC0-1.0,5b81595467ee134897abf4739f0b1085a8ea05e01f441a21cd91d9ede59bdb17,ca8a9282969e8f88
vishalmane109_2000_2000__140.jpg,2000,vishalmane109,CC0-1.0,0708e9a3daa88142db3580223559050a8f932c48a8bb26c70e03c21b56476470,8686d7a681098983
vishalmane109_2000_2000__141.jpg,2000,vishalmane109,CC0-1.0,eba0eb5efcf2364cffcdd18338bf490d7b3d7d6e1164a39f42a260dd0fe010bb,c842e1b8f8f962c9
vishalmane109_2000_2000__142.jpg,2000,vishalmane109,CC0-1.0,ff1613f4d97503a6a3508b8c69999b0e69e20119b157e7a3241f3f0cd0f2be34,b68ef6b0394c6400
vishalmane109_2000_2000__143.jpg,2000,vishalmane109,CC0-1.0,335c4a49c32695ef457ec76ee66891ab574480b8fb41371a1babff464ddd3754,66671b979f0fcfe7
vishalmane109_2000_2000__144.jpg,2000,vishalmane109,CC0-1.0,d366f9fac3dd4bd2672c8ea6dfaef4f2c5245cfbc78aba371359716a6c633e38,37970f0e8e110907
vishalmane109_2000_2000__145.jpg,2000,vishalmane109,CC0-1.0,d6fdc28224f659bc86a2656f1e71fe8752065badc61a6928578e42cb6b0dac7d,a8bcdade7c6cecca
vishalmane109_2000_2000__146.jpg,2000,vishalmane109,CC0-1.0,db2217568d95640c91b44789adf1be08520d3d1bffe33d8378cfa70ca739d1ec,1623036d7f7e78f4
vishalmane109_2000_2000__147.jpg,2000,vishalmane109,CC0-1.0,3db0b5c0e5e419802de6da9b99ce5a0cf01ca89787a53981b7b16979a3a2df03,3c7cc46060787060
vishalmane109_2000_2000__148.jpg,2000,vishalmane109,CC0-1.0,3695297366cf5f3034d7fff1bfbfe23381ddf1a24135b53681c29bb8a6e7c291,409892d6d2d6969d
vishalmane109_2000_2000__149.jpg,2000,vishalmane109,CC0-1.0,f3d2c5181ea668bda9897743dc7a9c10f79357187c200562ef9e79015672270b,253a39ac26a3a0ae
vishalmane109_2000_2000__15.jpg,2000,vishalmane109,CC0-1.0,642547ae341ecc8ec61f2ef71a55b3eb6bacc0e5268eae63b374f4ab6abd2300,c2a2e2e0e8c0ac8c
vishalmane109_2000_2000__150.jpg,2000,vishalmane109,CC0-1.0,00942276dc07003970898a9402739eb482d466fdc8ac4b81fd9f71eb93e212ef,e3f1b03070706267
vishalmane109_2000_2000__151.jpg,2000,vishalmane109,CC0-1.0,b1b74ed949656a9dff24a301f3cfad8746614c4aa33d2f7761232b1497d74ab2,c79d3d5e2f3ffcd6
vishalmane109_2000_2000__152.jpg,2000,vishalmane109,CC0-1.0,f61d468f44e23aa5c4e6b341096ab47ecf5023e6c6da622c10995060f1a9feaf,d233731612536b66
vishalmane109_2000_2000__153.jpg,2000,vishalmane109,CC0-1.0,fac7ebb5fc0be48209fde51d5be920c1a285da1c139ca700491b34d561e8c367,5151496c686833d3
vishalmane109_2000_2000__154.jpg,2000,vishalmane109,CC0-1.0,3d5f0cb84cec4808a4cf5492ba63fe2e4c0ffd26b4303cfc52407ca0825da179,0fc7c7c36130b232
vishalmane109_2000_2000__155.jpg,2000,vishalmane109,CC0-1.0,dda3320889e7b58ec645b81de40990fc16887fe17369cc796e181a846a539397,3979c98190b11101
vishalmane109_2000_2000__156.jpg,2000,vishalmane109,CC0-1.0,0b3cf2d7b9fc31e28b82f2776d00d3e832f8b88a9a2b7438c9da104a90eb711d,c1d90d7d3939415d
vishalmane109_2000_2000__157.jpg,2000,vishalmane109,CC0-1.0,8aef4fe4420f5b266033ce2fa9a45f96671e8035d4e94660ffcd752884062743,2727232333272727
vishalmane109_2000_2000__158.jpg,2000,vishalmane109,CC0-1.0,f26c7f60be01995bdf9cf445df08f66e34282c7992b0aea7d32a50641fb78e13,f0f8fcfccc4c5474
vishalmane109_2000_2000__159.jpg,2000,vishalmane109,CC0-1.0,268ba8e8060efd7571ba1476f4532e21f87550ffa06d6c3dc8bc103714e915f9,52a40616260f1876
vishalmane109_2000_2000__16.jpg,2000,vishalmane109,CC0-1.0,da472d60ac97a1cdf505362027d88a7409f34faa278fb3149a73439458f0baa3,ea2ebeb69e9c6c6e
vishalmane109_2000_2000__160.jpg,2000,vishalmane109,CC0-1.0,f06b7ed71a54b29214156be477e41605b053bd338f2e7b9ea822e98f9533296e,e36098c68330de1c
vishalmane109_2000_2000__162.jpg,2000,vishalmane109,CC0-1.0,f5eec14da334390357adf92eff38cd2897e2e778d16a93f58760e51e75136fb7,0414a797de8e2929
vishalmane109_2000_2000__163.jpg,2000,vishalmane109,CC0-1.0,7e11a3b5f06d3377091a818ecd8767b14c19390c0d8460a798f77f63fa6c960f,f0c8e07079692ae6
vishalmane109_2000_2000__164.jpg,2000,vishalmane109,CC0-1.0,ee6ac62da5ef3a0ddffc75d859b75e342675f1071c4606019edd89028823b764,ac9c9c48cc929696
vishalmane109_2000_2000__165.jpg,2000,vishalmane109,CC0-1.0,410d4ea577a875ce8b0691323487eba2ef8d3b98bda4bbae857de38f2e7e619b,d7cec4e482c38393
vishalmane109_2000_2000__166.jpg,2000,vishalmane109,CC0-1.0,04ff374edc14b33a0d25d34dffcca204a81f1ea8dd103879b1e07b0eafabbe31,5c5b59590023170f
vishalmane109_2000_2000__167.jpg,2000,vishalmane109,CC0-1.0,835d5cd92624c2e9a7b5bb0358d17b5d86533b2349e9ba779d66387b625e0a38,68606360e4d7e7e7
vishalmane109_2000_2000__168.jpg,2000,vishalmane109,CC0-1.0,acb9d6d1300dddd629da12694247758b9494e2c751d29b64bb357aa63676227f,f0f06860e0a1abcb
vishalmane109_2000_2000__169.jpg,2000,vishalmane109,CC0-1.0,07961bc086c5457b57751d8e53bc404a69f85600dee4797c0143a99955b94b59,e1d2f2e58e9cb103
vishalmane109_2000_2000__17.jpg,2000,vishalmane109,CC0-1.0,85c78eb54ab6dfdb01ae7af6e8750ea39cbcddea2d0ece8761f248dabc3defe4,58402abee42e7cd1
vishalmane109_2000_2000__170.jpg,2000,vishalmane109,CC0-1.0,7601f58820c6a8a3e39c1bef8cb20248850ea588c5b9c44c0dcb0f9d7b8c90c8,607e76e64d183026
vishalmane109_2000_2000__171.jpg,2000,vishalmane109,CC0-1.0,a6c7f893838019cf77f6b6dfe722a7ac8377716029accc42c17cd54116e5d0fd,c2ccd4d0d0c2c290
vishalmane109_2000_2000__172.jpg,2000,vishalmane109,CC0-1.0,7eb1567d0f6b426905bbfcbd55e8b8a167818f48e3c6ef8341fa01e7b8465727,f67ce3274b5797c7
vishalmane109_2000_2000__173.jpg,2000,vishalmane109,CC0-1.0,9dfd54e177b3c09f01a69172017abf45b9031608cae90865bd61ca1a759b8a20,de8eacf0e1acdede
vishalmane109_2000_2000__174.jpg,2000,vishalmane109,CC0-1.0,a539b425b38c0a6cca767550b846818a60f86c7909d2aff8b55c91ff120be671,dbd5aad8daa0a42c
vishalmane109_2000_2000__175.jpg,2000,vishalmane109,CC0-1.0,f173ebb669098f6c5a5cae163007a7e427f6e1201dad190caddd947c9dbc90a8,e4e2d19892e6e68a
vishalmane109_2000_2000__176.jpg,2000,vishalmane109,CC0-1.0,445b7a618b82a3cc0050a269987b61c7fc2a0f41151d946b522748d4d63ab06b,f3cd65272794cd4c
vishalmane109_2000_2000__177.jpg,2000,vishalmane109,CC0-1.0,02be993b03ca78cae996d0c356a9070b711c20b9654d82f4bc1e8ad35c9ffd47,85c59db86ce2e6e6
vishalmane109_2000_2000__178.jpg,2000,vishalmane109,CC0-1.0,34cfe5bab17cad4e454cf25b44fbb690bad0a9fbf6267ec9b7c4d3d332ccc17c,e3f9b8dc7c6cc8d8
vishalmane109_2000_2000__179.jpg,2000,vishalmane109,CC0-1.0,9f24c4f9488a44aba770e02210cdef9b7c0141f2083b531704bf25af33091d1f,aa6f7e7e7e6c4c6c
vishalmane109_2000_2000__18.jpg,2000,vishalmane109,CC0-1.0,52016bbca73c71062a0aafe25736d7b887b37ad6a1bb46e848597b29f08977fa,e0e0c24e1c0f7cf0
vishalmane109_2000_2000__180.jpg,2000,vishalmane109,CC0-1.0,6b25753dd213330f2f6a5c91cafd4fbd7976aa93a62e6fc8b1a5316d94402f84,94dccccccccecec6
vishalmane109_2000_2000__181.jpg,2000,vishalmane109,CC0-1.0,1d5cf19a6f01fc943649d8f779a615db289d3d540d8cdd4e4a71a68b23e0fbad,42980e34363eed02
vishalmane109_2000_2000__182.jpg,2000,vishalmane109,CC0-1.0,52e2e77f6651721b18c46004422cd6ddff28a414fd893b2d6b1dc923ac6fe635,1430103131527439
vishalmane109_2000_2000__183.jpg,2000,vishalmane109,CC0-1.0,da74433e84d5a741171259ddd86bd621a89661ce39056c0a4d08a5a42171ca59,291d0d2947474f12
vishalmane109_2000_2000__184.jpg,2000,vishalmane109,CC0-1.0,140fdb2b329179ff8005c99fb3b7f0d4da846eaa545f735837050d66112404f3,34b7773fbeae2b69
vishalmane109_2000_2000__185.jpg,2000,vishalmane109,CC0-1.0,b9bb4900959256b9bf6aad68b122e433eed954c2734662a29c42fc25b09abb81,02901094f4b83f07
vishalmane109_2000_2000__186.jpg,2000,vishalmane109,CC0-1.0,4bc0715b2669351ac6a0fd9c8f923db433a8499302afbb97d46ce0cccd7863f1,cec6b0f8f8d3d1b1
vishalmane109_2000_2000__187.jpg,2000,vishalmane109,CC0-1.0,c1cc87b85f1fe7c37df609060b581c3c374a9b48642aea09649632cd1dcef2e7,0202111b2e268e4e
vishalmane109_2000_2000__188.jpg,2000,vishalmane109,CC0-1.0,9c12270534276473ade0bd0330843d0cc3f19558c30d7d5a9770d6a7f413c6dd,d9cd4fcececbc1cd
vishalmane109_2000_2000__189.jpg,2000,vishalmane109,CC0-1.0,1b0b6217e3a1e371a5eec873fc60b7da65568413c90f13a2ce6d60397306f9ee,f3f3fbf3536961d1
vishalmane109_2000_2000__19.jpg,2000,vishalmane109,CC0-1.0,ce570cb66026d4e7d343242e022408fadd75bd30acf254722edd7a8dc5060733,f3efed67c753181f
vishalmane109_2000_2000__190.jpg,2000,vishalmane109,CC0-1.0,e75e08a11dcd165f6748db7e624478d321993e800eb55f953cbb676caa279a44,d65edfdbce4c5c1c
vishalmane109_2000_2000__191.jpg,2000,vishalmane109,CC0-1.0,dfbdc98b720ec77cd839214a9ebe9a31e6d229c4390a116e3b226a5b275d4c25,aa9e9c48aa9e9cc8
vishalmane109_2000_2000__192.jpg,2000,vishalmane109,CC0-1.0,46da061ae0fed104bd54d1053d7a2d29137d941d4c54c9e1b8d2a34d10070922,7cdabc391a4cc89c
vishalmane109_2000_2000__193.jpg,2000,vishalmane109,CC0-1.0,b1d4018557c2e7844c198f18c766e61a9693000b993dbcd243f8241228d010eb,e3e7dbdadacf4f75
vishalmane109_2000_2000__194.jpg,2000,vishalmane109,CC0-1.0,a76bf48e562f87302eadb0c9d5a31340a492c5c14a288ac11494f5981ff0893e,2e8e9e0c1e9f0e26
vishalmane109_2000_2000__195.jpg,2000,vishalmane109,CC0-1.0,dcc627d5cc56964a04028179d5b220c05f567276f0263fd5b7cc27992e48933b,f0dc8cac889c8c8c
vishalmane109_2000_2000__196.jpg,2000,vishalmane109,CC0-1.0,6446bcc75ed04ff15736ca5cbd6e9f38420563a305f999558e4357a8912a985d,2d2d5d0d7d070707
vishalmane109_2000_2000__197.jpg,2000,vishalmane109,CC0-1.0,ced4a753a992752c483dadd461f11e6f67098f11fa4e5de068fab11c70a69ddd,4c46622b9b8b53f1
vishalmane109_2000_2000__198.jpg,2000,vishalmane109,CC0-1.0,f6939d83e845a9ff95fcd2366cee941748585ae82491ccfe3cc2703daa6cee9f,e8c4c4c0ccc8f00f
vishalmane109_2000_2000__199.jpg,2000,vishalmane109,CC0-1.0,cb5351510a1a08b40cc3c24450fa00332f41976df6e0415cef43d84c791ab277,2ba596526e468f87
vishalmane109_2000_2000__2.jpg,2000,vishalmane109,CC0-1.0,6ce2de9d3eebebe44846ef48558483327df7f899562f877a676626b30f18eaa6,aa2b97961e5c6c96
vishalmane109_2000_2000__20.jpg,2000,vishalmane109,CC0-1.0,6a05b7c02c75026901d12086497eb1a74f20dfceb88efaaa6c98845c5146a6df,e868a4f4f4ad6868
vishalmane109_2000_2000__200.jpg,2000,vishalmane109,CC0-1.0,e6ea29a2a5f764411ec83a40ab336a6b474cd82f2718b7a8d7ed9dc38ca229f4,34c4e470c4c4f4fc
vishalmane109_2000_2000__201.jpg,2000,vishalmane109,CC0-1.0,4f47f06b6efbe5d10acc2d9ec5a9ea7b9e2e7aacaae41bc68152c5476a412e38,0220ac968c8aa603
vishalmane109_2000_2000__202.jpg,2000,vishalmane109,CC0-1.0,4389c8cb96d71c3c2f4004971a68637bf9758fd8031d59137cf2f68dfcee5fbd,03e9f870b8d82049
vishalmane109_2000_2000__203.jpg,2000,vishalmane109,CC0-1.0,60c94b82266679524847c6c4d670d6494a6f2da6bdd266f4a370323a87a9af29,c0d0909098b92820
vishalmane109_2000_2000__204.jpg,2000,vishalmane109,CC0-1.0,1d8894cb7a4fa3773d7a85bc2579bba4f02d0364c1d4f8fb1defe2ccb656f3e7,ac9c9cec929696ca
vishalmane109_2000_2000__205.jpg,2000,vishalmane109,CC0-1.0,96888f1b9ff1cc088139fce642d7d3fab10b144de8502c14257688363a2689db,8800ecdcccec00c8
vishalmane109_2000_2000__206.jpg,2000,vishalmane109,CC0-1.0,bab405a861a4c560a1edd1b0eb85db06cd692c131c1942a83d5fc687e9a8a8f7,e8d0e8bc9cdce89c
vishalmane109_2000_2000__207.jpg,2000,vishalmane109,CC0-1.0,d628eb9ed4aa56ce07909cbfc3d789c4cdca8810176dd310d05ef26971168cff,b030d8f8fc7870b0
vishalmane109_2000_2000__209.jpg,2000,vishalmane109,CC0-1.0,ca040ede7ecdb87dc66df60220a9badc89e50c327f411d8e2482537be706e458,8ccc03f0c4b43c6c
vishalmane109_2000_2000__21.jpg,2000,vishalmane109,CC0-1.0,a408142ac5a6641365b4d8481fc749cd5aa649445c374de1343e49b46bc2a52a,d6ebaf9e9c49c88e
vishalmane109_2000_2000__210.jpg,2000,vishalmane109,CC0-1.0,e421487b84009fbf2926784ed43700d93e544a174de212ab001650bec047b660,784cccccccecf867
vishalmane109_2000_2000__211.jpg,2000,vishalmane109,CC0-1.0,12a6b49709a0f3d1da02ff57a442c596c11cfd3736668c86363bc179bc574834,a101e0cccce8e032
vishalmane109_2000_2000__212.jpg,2000,vishalmane109,CC0-1.0,1ee81f0a86afb32e23fd5f2b4004429bf1e6a6f1c97304f93483d3cae9d6a3e3,f1f1f0c8c0c0f0f0
vishalmane109_2000_2000__213.jpg,2000,vishalmane109,CC0-1.0,fed788bdb9921fabb83666d1216285c3e618bac26c80afd14533362e8349104e,f1f1b0c8c080d030
vishalmane109_2000_2000__214.jpg,2000,vishalmane109,CC0-1.0,c8c6ddaa8c34b53d1b0cd2aea5fa4f4dced8cd26aa690fa2ae85213af8a7839b,49c2ccecc9d52d8e
vishalmane109_2000_2000__215.jpg,2000,vishalmane109,CC0-1.0,a3972598c700605b38c3ddcd901cdd4a5a6ff99bb797b7a39bde7eae67c8b073,07462623b0f87018
vishalmane109_2000_2000__216.jpg,2000,vishalmane109,CC0-1.0,d482b3784cc8ade677d4fc0c543ecf6f58332922ecd71a130273f639fc74db96,82e0ac9e8c8ce0e4
vishalmane109_2000_2000__217.jpg,2000,vishalmane109,CC0-1.0,b7330855e55534d3de4a90a67048009a5543aed86752975768d5963890f61b81,8883e4dce4e4f0e0
vishalmane109_2000_2000__219.jpg,2000,vishalmane109,CC0-1.0,d1488e1a9172fc61231d84e56aee7b56605b502005caa2c542b4805f156b0ca5,8883b074ccccc2c8
vishalmane109_2000_2000__225.jpg,2000,vishalmane109,CC0-1.0,b40f72ff3468d5493261f22f9b57fba6fce475ac242a059a6c7788f1b13caecb,8c838670e0e860cc
vishalmane109_2000_2000__226.jpg,2000,vishalmane109,CC0-1.0,aa865c84c303097cd6016e6561cef36e7f81eeb7d9a2c2b089fdaeced7bd638f,8c83e062f6f6d3c9
vishalmane109_2000_2000__227.jpg,2000,vishalmane109,CC0-1.0,23ea8f6517377e573525247b94e372e0fb1d1f4c6fbfbbc7672d48393761ebdb,8c83a060e4f2f3c8
vishalmane109_2000_2000__228.jpg,2000,vishalmane109,CC0-1.0,04a41327b524012e85f1d7ac49a12d35896d520d37aa742d223765ca41ed1b4b,8c83b062e6f2f0c8
vishalmane109_2000_2000__229.jpg,2000,vishalmane109,CC0-1.0,42eb2095fe6c8c3268fb4d23429e68482e23cd5eefd07702f1a4d70dd56d4cde,8c83f462e47060c8
vishalmane109_2000_2000__23.jpg,2000,vishalmane109,CC0-1.0,524a87f3474d7aa3d6c9f2ed2a02a4ebffb87c6e350e507b1e68b2de4fc35249,b290aaae9e8c6cb2
vishalmane109_2000_2000__230.jpg,2000,vishalmane109,CC0-1.0,a98393ceb1f287d15b222ebe3b97ae3bd0300a3539a772cd53d89ec62e0d7d2b,8cc3c6e490b08088
vishalmane109_2000_2000__233.jpg,2000,vishalmane109,CC0-1.0,eb580ee92723dfc1d18886ac557f11a57c30c2a31d548c548858ce35bd189e4b,a9e6eedccdd0f0ca
vishalmane109_2000_2000__234.jpg,2000,vishalmane109,CC0-1.0,fe1f121fbc75b11f145c8964accd44a7a6dea78efe8aac266f9e1e95bfa48809,f266c6e9adfce0c0
vishalmane109_2000_2000__235.jpg,2000,vishalmane109,CC0-1.0,f1d454769e452ae2648d4c1a22d2c82ac2b3cafa576b0cd285dfa40cb4a69e72,2c0c80c0d9d9ebe3
vishalmane109_2000_2000__236.jpg,2000,vishalmane109,CC0-1.0,39acdc3a9ec6d6e9d2e9310d1cc6fabe7f77de3c8b532c116c0a7a394daf7caf,c8c8b87969c8f0f1
vishalmane109_2000_2000__237.jpg,2000,vishalmane109,CC0-1.0,5044043140e9cebffe05dab24f0ca6f7fdf57bd854ec46be7ad7e38c82a8b815,e2f2c8c8ee76e8c8
vishalmane109_2000_2000__238.jpg,2000,vishalmane109,CC0-1.0,71b63f5cb4931b26762dc0b71b56dfb9e0161aa3f80ac84a0f09802b1d9d0985,f2d2e0d8d8583859
vishalmane109_2000_2000__239.jpg,2000,vishalmane109,CC0-1.0,48fcca6954307bb12411c2d46f39ff89fb1c1bdc708e285299fee7790284d6b6,a1ccdcdcc8214c48
vishalmane109_2000_2000__24.jpg,2000,vishalmane109,CC0-1.0,1f9cf10b16e5928c48072de224c61f68d9289b03b6b349a0af2846665d463652,070b0603674c5c25
vishalmane109_2000_2000__241.jpg,2000,vishalmane109,CC0-1.0,05d6f900f50a38260b6373ef17647db4c3352c69ee25cffa17093b82fc6af031,a0b3c4ccccec7221
vishalmane109_2000_2000__242.jpg,2000,vishalmane109,CC0-1.0,3d063ae5d9b85d219623c281dd3591b416211c07ebdceeea358114e4ebed85bd,faf2e5e4a4a45858
vishalmane109_2000_2000__243.jpg,2000,vishalmane109,CC0-1.0,eeb5cc7aa99c3a928d4c604b82de9223c2403cce4b563d59944beacd314d4f71,ecd8f0d8dc58f0b0
vishalmane109_2000_2000__244.jpg,2000,vishalmane109,CC0-1.0,abe759e428e9cb267037b3c0bfd74c7933d9d480c24200caedbe2338a37da8c7,f2ee78f3e7676362
vishalmane109_2000_2000__245.jpg,2000,vishalmane109,CC0-1.0,e6e0294867945455b3a89512834bcba82cfca9014fdc7cd4875d2c034c1ebe74,ec48ccb4ac9c9072
vishalmane109_2000_2000__246.jpg,2000,vishalmane109,CC0-1.0,ab6c70a4f41c060393a9c70ebbfe8213c13c397ab1eee897d225bf8550854d62,f8f4e6b6ba599333
vishalmane109_2000_2000__247.jpg,2000,vishalmane109,CC0-1.0,6d03d76e45ab8611961fd7d2edef9116267f5c47683d88dafdd8820bbc4eb9ac,96541012cc1210d2
vishalmane109_2000_2000__248.jpg,2000,vishalmane109,CC0-1.0,27eabbcdd47fecb5633722bc81fdaf2cb00fbf9259e74d3f51b59ee0fd1d70dd,b8f860694cc4f0f1
vishalmane109_2000_2000__249.jpg,2000,vishalmane109,CC0-1.0,327d369b76cf620437c0903fe842360baaa29c318858dcbbaa1129cbc022c934,0cc482c0e2626060
vishalmane109_2000_2000__250.jpg,2000,vishalmane109,CC0-1.0,11f82cfceb0a74cccc3a296a01d897808e653ba7fa1505f40aa2014fdf9fdc89,88249091b1b1f252
vishalmane109_2000_2000__251.jpg,2000,vishalmane109,CC0-1.0,57c927d7f90e0de93e7644cf16bdfecebaff367950657ff0795bd2380f0e478c,232b2b21a162a9fc
vishalmane109_2000_2000__252.jpg,2000,vishalmane109,CC0-1.0,0cc670c12f15b7e6b6583ceb331835a07f40f7eb07b822ae48e6c9c25d441344,bbf5fee7f2b3f7fe
vishalmane109_2000_2000__253.jpg,2000,vishalmane109,CC0-1.0,dbfa33b6842dfae70b2acd16522c8fd292fde1fdac3327d436c08df95624e7c5,71bddef333d3c6c6
vishalmane109_2000_2000__254.jpg,2000,vishalmane109,CC0-1.0,5b00803f1ca23d67e8082a21a692f20b940ff897927dba4613ca77716d06c6b0,b2c8ecdccce8f0f8
vishalmane109_2000_2000__255.jpg,2000,vishalmane109,CC0-1.0,07773c6c7e6228c0e81758d16424810d82bd72950c4ad65dd90724d0fa554f78,fad2e8ecdccce8f0
vishalmane109_2000_2000__257.jpg,2000,vishalmane109,CC0-1.0,b6c8d1dce6360bda766e2e5c1e864ddda060d01bc106eae101eda5933eaf3098,f8b2c0ecdcdce8f8
vishalmane109_2000_2000__26.jpg,2000,vishalmane109,CC0-1.0,bc3fda22877068d4fa56975f8b2cc5bcf52fecc89ebabdc1c650af0c8f8b8294,292d9d1d9d0d6deb
vishalmane109_2000_2000__266.jpg,2000,vishalmane109,CC0-1.0,c0e93424382ca379054e12aab408e02cd889a952e62eec8d11e93f78efaae769,eadadcdade8f61d8
vishalmane109_2000_2000__267.jpg,2000,vishalmane109,CC0-1.0,19fd1226d933d74c1303ffb07d45510659f11fcc27f7b572641a913ab0749be3,eada9cda9e8fe398
vishalmane109_2000_2000__269.jpg,2000,vishalmane109,CC0-1.0,3201ba581e6289ef1cb4fb52806d7ac3003511a927f1d8ab4d860e6729be66b2,e96363e3e3a4e4e0
vishalmane109_2000_2000__27.jpg,2000,vishalmane109,CC0-1.0,180f6730718f0fa8cd4bb6723d394aeb22a4a2a89b185c8f9cb9dd489c14f0bb,d4682f1e8d2de891
vishalmane109_2000_2000__270.jpg,2000,vishalmane109,CC0-1.0,d1145c8fe61ce44c2e61a9f17831d8a2f9a2ee5c905401e69670d77d0fabf2a5,c6c21262a2f2e088
vishalmane109_2000_2000__271.jpg,2000,vishalmane109,CC0-1.0,9d5490f1179972ee41bd04e05a27e90eb198f604a99da2fc8f20959979418e0f,e2e0e0e2c2881029
vishalmane109_2000_2000__272.jpg,2000,vishalmane109,CC0-1.0,4cd2f780a78dfb7a57d7b9db5325eccaa1b718260f903d3ddad63fdbbda39371,e0e8e0e8e0f8e480
vishalmane109_2000_2000__273.jpg,2000,vishalmane109,CC0-1.0,b8ab6b32b5b4f305f31cdd742f6ead82fe4925e3f269dd9ad2d0f735bad61225,f0e0f0f0f0e2c8c8
vishalmane109_2000_2000__274.jpg,2000,vishalmane109,CC0-1.0,a695f6483018d50099d53cc767a944b2a7ff71efd637fe59b4caac9f60092b06,c8c94ce6a2b0d8c9
vishalmane109_2000_2000__275.jpg,2000,vishalmane109,CC0-1.0,226c2ff185d8f749731d55e1ce2a2089e6e3bf352c35c71945e31595eceea717,80d89898c8c8a8e0
vishalmane109_2000_2000__276.jpg,2000,vishalmane109,CC0-1.0,9f53aa6c5ca46e0c921f78c44c8044da7dae0f6c09c7c67ae5f0420d6179ce3b,e2f2e2c0c0e0a287
vishalmane109_2000_2000__277.jpg,2000,vishalmane109,CC0-1.0,ae979bdef3830c71e98c57e5b6e52ec612aaf1245cfd9f64b616e9414def4055,f0f8e4cccce0e0c0
vishalmane109_2000_2000__278.jpg,2000,vishalmane109,CC0-1.0,110ddbb945d0cc93d9294c58988e69459375c6362b19454412e9eb15a671f3ec,e0c8c8dccce8c202
vishalmane109_2000_2000__279.jpg,2000,vishalmane109,CC0-1.0,cbfa2c47239b8b238ea34ef47d5a02f9d7e3e6e1b0294d83abeaa1ffce693c60,f0f0a8b494ccd293
vishalmane109_2000_2000__28.jpg,2000,vishalmane109,CC0-1.0,db30fae75723b943f214b86a7055879fd6bd6443c2cef892f01d627791324d6a,f0d8989898d8f8fe
vishalmane109_2000_2000__280.jpg,2000,vishalmane109,CC0-1.0,1b49c99566088b58c2f43bf214677de806e45dc7b7fc2951e5601d4c3e4f0134,f0a028b49cd89213
vishalmane109_2000_2000__282.jpg,2000,vishalmane109,CC0-1.0,c9ec7519924387cd02d0ebc9f7f86d05b87a1d5ac14f193cf529914d46ccfb90,f0f0f0f0f0f0f0a1
vishalmane109_2000_2000__283.jpg,2000,vishalmane109,CC0-1.0,9457298a6adaa83be4aa4e66d67c2b5ae00d4c14da8dcdd599078f18f1d0e6e1,e0f0e0c0f0f0e4f0
vishalmane109_2000_2000__284.jpg,2000,vishalmane109,CC0-1.0,0c9037dec525fa5f91044b04998aad111114ce92e664e5693527386bc7b56a51,f8fcf4e0c0e4f452
vishalmane109_2000_2000__285.jpg,2000,vishalmane109,CC0-1.0,c7f05abdf0b0da95d67a91a6eb2790583f7bb71ff0f3c1235b60565425cfee25,faf0e0e0d0e8e184
vishalmane109_2000_2000__286.jpg,2000,vishalmane109,CC0-1.0,a8db965bf85de51fa9bb5a5fae72e34180bb6631d4035de1f39cfc3d92d10508,60e8f8f8f0f07068
vishalmane109_2000_2000__287.jpg,2000,vishalmane109,CC0-1.0,73ba6aecdc18207e16be946b84532690f753f64afa9e5f92d3b602eb696ba301,9060406143450203
vishalmane109_2000_2000__289.jpg,2000,vishalmane109,CC0-1.0,25ae502d5315e9e482c464b59da381a427f04ca2f0c20b33c587a0c2586edc4c,000000020627a5a5
vishalmane109_2000_2000__290.jpg,2000,vishalmane109,CC0-1.0,32e7ddabac6808cbf1a9c158357da07f1acda4175c5a8e95f6e5824555110c44,f4f2e8e0c4d2991b
vishalmane109_2000_2000__291.jpg,2000,vishalmane109,CC0-1.0,386f7fd2d50e05a0fe9d58f55b30d0fc68b3e74538e70fe26d560a1165c69344,d050cac494941808
vishalmane109_2000_2000__292.jpg,2000,vishalmane109,CC0-1.0,f7767de8e38d6ce78512b47d0756f02498005c5e5d6d5674048786a08a5e4cb7,3960e4cac24b4484
vishalmane109_2000_2000__293.jpg,2000,vishalmane109,CC0-1.0,017b206e3f51364d2020e7698e9fbb09f50bc833abb0ab47e8d27744e89c262f,584d4dcdcd0d4a46
vishalmane109_2000_2000__294.jpg,2000,vishalmane109,CC0-1.0,ed75b10924300254f8511cf176b955a6a4f67fd4f22ea1bf777b53d369cf934f,d2d29b929a190d3d
vishalmane109_2000_2000__295.jpg,2000,vishalmane109,CC0-1.0,1ba6df971fc696667cd33b62dcc36b39a1ebf2e3981dfd697c48a9f5522334c3,1430b37143371d1d
vishalmane109_2000_2000__296.jpg,2000,vishalmane109,CC0-1.0,0f29a3f4bd0abae992eddb19f0ba894f4ef90768f0899999540092e427868a31,342619dcd45c1a1e
vishalmane109_2000_2000__297.jpg,2000,vishalmane109,CC0-1.0,f53aea8a893975893c3c3adcc76504914742fbea479e4d5d5b7b3d8ffcb3ac76,439eb8e8ccc88985
vishalmane109_2000_2000__298.jpg,2000,vishalmane109,CC0-1.0,b5ac96fe98ba7d08af31d5e15708d4ebc5581c1e2959c8139ceeef5696d1b88e,4ccce59a9296990d
vishalmane109_2000_2000__299.jpg,2000,vishalmane109,CC0-1.0,3074a2bc5118c898c23b72d021b966902f4fa2f727f0c63ab9b9445e7b50f8bf,b0ae4ecac2ce8585
vishalmane109_2000_2000__30.jpg,2000,vishalmane109,CC0-1.0,b477292c4e2bfbc788f6ab2de0296e703e507ad1e1ad8fdf492a7c536ce83d8b,e7e78ecc8e868e1a
vishalmane109_2000_2000__300.jpg,2000,vishalmane109,CC0-1.0,62f8ce08d55dcb3ed574a9bb2e788e2dcfe48d28b6a4d954ced95c4bc292a630,98b8b4cc8ccdccca
vishalmane109_2000_2000__301.jpg,2000,vishalmane109,CC0-1.0,0582a950f9f6de9bcf704fb24cc01bda5ae844831692d87b7efd57c65f677f9e,a346c6c6c4c4a6cb
vishalmane109_2000_2000__302.jpg,2000,vishalmane109,CC0-1.0,ca76b3fc1ce8b0b4841dc29f90ebbc835a69bbff6fc96b62cf60a323a659e8bc,6cf0e2e6c2c6c6a5
vishalmane109_2000_2000__303.jpg,2000,vishalmane109,CC0-1.0,621ddc915512771850c08b6444afba6873c9f9a9e5d2dc3ab5f23423bc29ec1f,eece9cb466a61318
vishalmane109_2000_2000__304.jpg,2000,vishalmane109,CC0-1.0,7efec26f4aa0eb76d615896aee86a15a4f783c36c73dcb49a8825d5d1e312c88,d2d2c7c6e3c5c2da
vishalmane109_2000_2000__305.jpg,2000,vishalmane109,CC0-1.0,ee263663285cd89036ce1a645deffc6d1ff13c7dc3b3ca70e6b9730ab3a70ba3,b0c78ec683ca64b4
vishalmane109_2000_2000__306.jpg,2000,vishalmane109,CC0-1.0,5db6ce0fcad7932a400e1d3dd89f2cde19f04a80750cc37a00ab44021df3b2b4,830f088c8793094c
vishalmane109_2000_2000__307.jpg,2000,vishalmane109,CC0-1.0,3f0e7ca4252f71ca45fbecc191acae4e37a8aea4e8f3db2ba866637b692e0916,991d04c6838186b6
vishalmane109_2000_2000__308.jpg,2000,vishalmane109,CC0-1.0,2c339ba65ecfda586cad0a430f178a088effb66d354de4988af7348aaf70dc56,945c3c34de8ee2d9
vishalmane109_2000_2000__309.jpg,2000,vishalmane109,CC0-1.0,1f29149dfffac5f15f06ccb3a1ff2fe031b82a3601c9c8918d8970d78d3b9b63,3671b0babc2e68c1
vishalmane109_2000_2000__310.jpg,2000,vishalmane109,CC0-1.0,9a8bdfd5d1ecb7d7e658f2f524381ac1319376380f4d5909570e6c8f0ef8d356,5470b070b230f26b
vishalmane109_2000_2000__311.jpg,2000,vishalmane109,CC0-1.0,396484932195d1227676179296d17ab19234b06bef3ad5fb5b4879bc94183704,5476b6be7c68e86c
vishalmane109_2000_2000__312.jpg,2000,vishalmane109,CC0-1.0,b5de6f9da106d07320f4dee0f1b2b09960190bdb098c785ac5029df032296d2e,7296be1e35b1682c
vishalmane109_2000_2000__313.jpg,2000,vishalmane109,CC0-1.0,1c56b425b2019ce9c2578090b78c8579fc8c0d67f874a37fae3da0c6555a3353,ab2a4e1e5d19d974
vishalmane109_2000_2000__314.jpg,2000,vishalmane109,CC0-1.0,9d571dcc0acea12691bf1c08ebacf427a84fc196caaf3cf06a75e0eccbcee527,d5b4d8b8b0aca4a7
vishalmane109_2000_2000__315.jpg,2000,vishalmane109,CC0-1.0,d59cc9271758a9ec971408c637f71d0ad6001bd8a9a1052eeff11d939b1cef49,3935243c70f868e8
vishalmane109_2000_2000__316.jpg,2000,vishalmane109,CC0-1.0,aa0a3f1786bb440315238c1df0c62be188a8722bbf2b50cef846545248ecaf16,4a1c1c383c7c33b3
vishalmane109_2000_2000__318.jpg,2000,vishalmane109,CC0-1.0,5e5d4d3eb8bf0404f18a9423129926aa90c575d72bd79d7d002bd6962da93a12,fafefde3c3c1a797
vishalmane109_2000_2000__319.jpg,2000,vishalmane109,CC0-1.0,8bb749e5f7b321042fc72dba1904169a82327ba8095e0cd2509f3705058e2fd9,c4c5e4f2c9d999d3
vishalmane109_2000_2000__32.jpg,2000,vishalmane109,CC0-1.0,e1ecfac0ff4cbb7570cd8e08cad53602cf64561c1595dc34a8d1954e9d7f154e,01c8cb93970f8960
vishalmane109_2000_2000__320.jpg,2000,vishalmane109,CC0-1.0,3eb70156c3e2525d406d75f39366432ccfa8743222ffc29847f1741f0fb34f1c,6060381838383038
vishalmane109_2000_2000__321.jpg,2000,vishalmane109,CC0-1.0,0a4f32442fc035cee4fffcc4ba284c0714e4dfa4eb085605549ef9109d095000,fdfcecec24340b22
vishalmane109_2000_2000__322.jpg,2000,vishalmane109,CC0-1.0,67c49bc69c2252a98fae6c9efc60837bf17df7fc854880e4796d0767c9c122bf,fcfcecac34348b23
vishalmane109_2000_2000__323.jpg,2000,vishalmane109,CC0-1.0,2ff1f4c3caad4ee99a8861eb690849962819fc889dda5a32ea1c74e138d1df66,fefcec24342c2933
vishalmane109_2000_2000__324.jpg,2000,vishalmane109,CC0-1.0,65c3c7ecf761784da3c92d070366014c461cb3b77dc47d02e194837f2e0db651,fcec6c24340a29b1
vishalmane109_2000_2000__325.jpg,2000,vishalmane109,CC0-1.0,ccb4cc105ac76484f6951cf90b7a1c9507925d1507b1ed14d4c733f9b94c0e62,fcfacbeeccccedf6
vishalmane109_2000_2000__326.jpg,2000,vishalmane109,CC0-1.0,910d21cb29dc9e5b9a23838be512d14e028398a88fbde27f7c287ab42c01e9fa,fefaeaecccccedf4
vishalmane109_2000_2000__327.jpg,2000,vishalmane109,CC0-1.0,6dc832c545441d34cb7fe4cef185308e50b654fe02827e6edfb9eb7d91c85773,fefaeeecccccecfa
vishalmane109_2000_2000__328.jpg,2000,vishalmane109,CC0-1.0,69532b44ee1ed746298f658b71e7358bdef3924b75ea99cb3f4f450c3619b55f,fffac6ecccecec7a
vishalmane109_2000_2000__329.jpg,2000,vishalmane109,CC0-1.0,6d6036efd0a3dd382787e2f82813b7d72f418b0aea021028f4fe74d9a830d596,f9facaecccecec79
vishalmane109_2000_2000__33.jpg,2000,vishalmane109,CC0-1.0,3644fbc97dfb6db240160ac7eca3cb2b2d01873c682ee7567aba4b47a01537f0,9c0cac9898810d62
vishalmane109_2000_2000__330.jpg,2000,vishalmane109,CC0-1.0,b879ff235634d62f0abc85c496c889adcd25af010135fe4745c1f58ef906e0d9,fcfbc3e4ccece47a
vishalmane109_2000_2000__331.jpg,2000,vishalmane109,CC0-1.0,7fd44a8b817f925977db85e1b1d19da3d9d258ca8139c67e364648bf50364f37,777f7b66e4f4f6ba
vishalmane109_2000_2000__332.jpg,2000,vishalmane109,CC0-1.0,2d1abb988b814571e9fe818e573e13dff060f2e48eb78ad259048b3d744f940b,3f7e7aeee4e4f4fa
vishalmane109_2000_2000__333.jpg,2000,vishalmane109,CC0-1.0,fd997c3291167bbc6a113ad1cde62cd8df2b6afa05d75795bc3e32a155aa9dad,fffcbaaeccccecf6
vishalmane109_2000_2000__334.jpg,2000,vishalmane109,CC0-1.0,f2520037a24195bff4f9ac81fe63079af74388e186e57f45e24d059e560428dd,9799383879f06071
vishalmane109_2000_2000__335.jpg,2000,vishalmane109,CC0-1.0,1a4ab918fdc0dffae6e8da1803228669bc5c2557219fa252fa4ce40182acac85,fcf8c8e0e068080c
vishalmane109_2000_2000__336.jpg,2000,vishalmane109,CC0-1.0,e2222aaa87290ca97ce191f161fd2cf1215ddec5aacb1fcba6227d03b48f0c60,fcfcf8e4dce8202d
vishalmane109_2000_2000__337.jpg,2000,vishalmane109,CC0-1.0,d453698edcf8c0fe5cb7ef1494711069fc232f8bdab9e0e116baaac33bbfdf5d,cc2cc4d0c2c4b097
vishalmane109_2000_2000__338.jpg,2000,vishalmane109,CC0-1.0,ffaaf61100d5b9d8e746f2fd4c4526559286b0b6ba22330e3066740eec870ccc,d89c38e0e4948487
vishalmane109_2000_2000__339.jpg,2000,vishalmane109,CC0-1.0,e8bc83eb6e791f39e24816056df89502a42fbacffc5147cb2a108914a39dcf31,c17099d8bcf838b8
vishalmane109_2000_2000__34.jpg,2000,vishalmane109,CC0-1.0,7dab66e454f1e0341e262f1ae944afb2c0e0b3c5cc9792a5aaaae26a9b8bb832,6b2eb6a6868c4c6a
vishalmane109_2000_2000__340.jpg,2000,vishalmane109,CC0-1.0,bbe9fbdbcfd770c62b3df5cb7189dae8f81ce4ab3d74130013a0061fc7465819,e3d878b9f8b0b031
vishalmane109_2000_2000__341.jpg,2000,vishalmane109,CC0-1.0,e29d52e41b82dd788dd31cf83678d2d142f07e28136860d3c9415087128c1889,c391f0f81fe51c87
vishalmane109_2000_2000__342.jpg,2000,vishalmane109,CC0-1.0,7ed9cf56dda9b87f54d9e604a54abf958f4b25f2d1665402408a391e739e3b02,eceaf818ce4bc819
vishalmane109_2000_2000__343.jpg,2000,vishalmane109,CC0-1.0,2620ee25e0f39a411c4f289b93b61db2d96beeea8f1328ad00a92aaf5869f55a,f2c8e060e2f2e282
vishalmane109_2000_2000__344.jpg,2000,vishalmane109,CC0-1.0,f8792cb61ae0218ed9f4d7e4f3409b38c36e78306ef928885fe51963c9d8955a,c2d3c0c8c3ceccac
vishalmane109_2000_2000__345.jpg,2000,vishalmane109,CC0-1.0,c394921a526013f254a4d857bd46cd2d6925cd7999969f2e833697a4c5714cb7,d343d1c8c1c2cccc
vishalmane109_2000_2000__346.jpg,2000,vishalmane109,CC0-1.0,27150b917422b9f609b4eba9801468339033d0fb1883899fb47c27ad988cbaf6,f9d9f1e160e4c1cf
vishalmane109_2000_2000__347.jpg,2000,vishalmane109,CC0-1.0,4207a90bcc3bafce2d0c58b2d4f1c26f6510f6d6c8f728168bbedc0b742f5a0c,e4f476f0f0f0f0f0
vishalmane109_2000_2000__348.jpg,2000,vishalmane109,CC0-1.0,5c740deb7893f82a7fd9ab0ac08ee61f10f8bb6a56a29dec95896a318fc9ea66,f8f8f0f0f0789990
vishalmane109_2000_2000__349.jpg,2000,vishalmane109,CC0-1.0,3796f09386dad4a64631b53ba9308fd9547ae4cbd838022ff8d5bd1389f5a0ff,b8f07060f0f0b8a8
vishalmane109_2000_2000__35.jpg,2000,vishalmane109,CC0-1.0,598cd60f76d4a74b224fedf10e66c63c8de9285b216ba4917758b6da3eadd820,b2c4313c1f2523d8
vishalmane109_2000_2000__350.jpg,2000,vishalmane109,CC0-1.0,8aaaeb5eaf80680916cb6768de3444a1b52e501d61bef28e4384bedc50a21438,68683018d8f080e0
vishalmane109_2000_2000__354.jpg,2000,vishalmane109,CC0-1.0,c87f1a2f4d84fa0ec1c7370fdd405fd6b31d540e353a1cb3008b54e330d953eb,f074d2d9988cccc6
vishalmane109_2000_2000__355.jpg,2000,vishalmane109,CC0-1.0,cd3898b94be1126e8ffa28cfcfaec9203ada4b237015a741de977e843f2db652,3239607070703133
vishalmane109_2000_2000__356.jpg,2000,vishalmane109,CC0-1.0,7bb6efb98a33ff51b6deaf7ece35d731599fad887f2ddc2b31eaf70a4767692c,7abcd8d8d1d0d0d4
vishalmane109_2000_2000__357.jpg,2000,vishalmane109,CC0-1.0,584332532791b3d27eeb386e31efab8e41ca4105f09e1aa4f7eef832bb527f86,f0f2c2ccf87a7030
vishalmane109_2000_2000__358.jpg,2000,vishalmane109,CC0-1.0,f27bbf2eb9d550a8dcdf4efd16c92022d55e3ad8c3622382cac14d95ecc3c2d7,62f4f0ec78b8cce5
vishalmane109_2000_2000__36.jpg,2000,vishalmane109,CC0-1.0,bed68e9b7e6f869bf6deb029db8f1002cdbec1d281f4f06fbe05c41d4ddc4ee0,00130d0d4d2d4700
vishalmane109_2000_2000__360.jpg,2000,vishalmane109,CC0-1.0,c8c592121daef51a62e2d58cbddc80d4d7f8a2368025d0f237e78a25a25c733c,6260d8f4f0f0ec64
vishalmane109_2000_2000__361.jpg,2000,vishalmane109,CC0-1.0,b41b560ca27494e544479a32ba6d3022955b6ec83d8fb22db2983d5d72c01965,18f8f0d0d8e0e4e4
vishalmane109_2000_2000__362.jpg,2000,vishalmane109,CC0-1.0,f98675e359f58386ed2dd6c66fd012b8f39856e8ad0dc6624f188b09e568c8ab,b0d8ecf4f0d0c4dc
vishalmane109_2000_2000__363.jpg,2000,vishalmane109,CC0-1.0,d20b75e251845d531fd9771e183ca367ec57b9d5cd3a36404f3c5fe71e8ffd0b,e0d08084c0c0e1f0
vishalmane109_2000_2000__365.jpg,2000,vishalmane109,CC0-1.0,fd24b966826071de74dc2a162901801bc5f06930af10489bc6a65e8e028c3cbe,4a90909088a4c0e0
vishalmane109_2000_2000__366.jpg,2000,vishalmane109,CC0-1.0,fd70fa819046c6ff24c2554f53403e687ed04c48c7aea4a4728cf738dfaf3683,1898d8d8f0e4f6f3
vishalmane109_2000_2000__367.jpg,2000,vishalmane109,CC0-1.0,26e189d8ec14da750dabcd944404f43113dc29256735159eabd2e02b372bd48f,838109a4ace4e2e2
vishalmane109_2000_2000__368.jpg,2000,vishalmane109,CC0-1.0,30f87b880a93099fa9ee8baaa2c436d0a1f819106dced423e167be7e38edc05e,c28080c088e1e4e0
vishalmane109_2000_2000__369.jpg,2000,vishalmane109,CC0-1.0,48bf47836d20aec570d018a6a52992793d290861294d50fffa435c56eaefa38f,70c080c0c0c1e4e0
vishalmane109_2000_2000__370.jpg,2000,vishalmane109,CC0-1.0,5674b4ea2c0be69aff27488448aec28cb50da08691bf01ead2d89d9d16f78a86,f0f0f8d8d8e8b28c
vishalmane109_2000_2000__371.jpg,2000,vishalmane109,CC0-1.0,71b2ced6c6cc23161cc3cf7c7adf918f77964ff097a36d65c7fe46934503e096,f4f0f9f8d8c8b09e
vishalmane109_2000_2000__373.jpg,2000,vishalmane109,CC0-1.0,33ffc70883bd999ed784c131d8f731cc89bd055e0298cbff44b76da55c499035,cce8fadbdbd99a9d
vishalmane109_2000_2000__374.jpg,2000,vishalmane109,CC0-1.0,bc433c9af0f3b6b7bfc35818ee530c1a6e2553c66e5cedcae07e9b2444cca840,0121819193939393
vishalmane109_2000_2000__375.jpg,2000,vishalmane109,CC0-1.0,eeadb56b4b1a1fc6c7782f9428dffee2b6c94335c193f7672043bdaadb83d158,36e2c7c486cfcfce
vishalmane109_2000_2000__376.jpg,2000,vishalmane109,CC0-1.0,f3f876fb7739b91b0ea507e5ded7075b2fdd406f6146e173a3f854f61f4fd6ec,c0e0e0e1e1f1e1e1
vishalmane109_2000_2000__377.jpg,2000,vishalmane109,CC0-1.0,e4adeaba27ae3ecc20cb84a353a3d09b10ea82895958c7287386dcc4c0f5f3c9,0321939293939303
vishalmane109_2000_2000__378.jpg,2000,vishalmane109,CC0-1.0,fb67cb74ddc1a9f9702932be3aaa5a5cd30ca8ea591ec8e786e56374389c30b9,0223839296979203
vishalmane109_2000_2000__380.jpg,2000,vishalmane109,CC0-1.0,ae099340f0aec23b70123a065309608eb00890e85468079f09f92f1b6f405004,b2b0b4a8e9e1f1f9
vishalmane109_2000_2000__381.jpg,2000,vishalmane109,CC0-1.0,ae1a57e8b1391cdb30c5cb5f10fedb919c44c6bf53802ea7b888b4dda5a966cc,a6e66260f0f4ccc0
vishalmane109_2000_2000__382.jpg,2000,vishalmane109,CC0-1.0,539989801b34de9f5d842ac756d4c4ee2516a3e5cc8a08559cb25a16b3f189f3,be6370f0f0e8fcdc
vishalmane109_2000_2000__383.jpg,2000,vishalmane109,CC0-1.0,aeff214c99b6116caeac08592a07686f5633ffdd2a309d687f69d727f05d16f6,c0d8f8f0f0f8dc8e
vishalmane109_2000_2000__384.jpg,2000,vishalmane109,CC0-1.0,aba7f2fb789594d3e16e9ffe2d422bc976e581bd9752d75cabdb4128ceaf0aec,48c7d0d8f8f0f0da
vishalmane109_2000_2000__385.jpg,2000,vishalmane109,CC0-1.0,346132e321c607bd4634348cc6ca0f673763e1255fd9ccb70ae4ddd5d41c59b4,7cece4e7f2e8e962
vishalmane109_2000_2000__386.jpg,2000,vishalmane109,CC0-1.0,aa469d029b207e24e9a896f76409d38e407dbcea1e317e29aadf1994eaec2cf8,e0c8b19191999998
vishalmane109_2000_2000__387.jpg,2000,vishalmane109,CC0-1.0,c660a2e43aeb939c224c8af38f2197326521216674d591a22f6080f6f60f008f,28d8d8d8d8d8d8dc
vishalmane109_2000_2000__388.jpg,2000,vishalmane109,CC0-1.0,6bbb6c8908cacbcb67f39258cc42f980919562d86a433eb8cae4589cb6140ec3,e3c6c6c6c6c3cac0
vishalmane109_2000_2000__39.jpg,2000,vishalmane109,CC0-1.0,069fd5507255daadc3071930c3ac3255f2b5be462aac126c513687fece9787de,4b53c7574f555455
vishalmane109_2000_2000__390.jpg,2000,vishalmane109,CC0-1.0,9d5eca0a438f558a636703c001db43b78c29b077f8c93d7af290b9a9d4ddc07e,a4c2c0f8f8f0f8da
vishalmane109_2000_2000__391.jpg,2000,vishalmane109,CC0-1.0,ea183488c4d2bd3ddec270b6bfb2ca37b5e7ba85b69c1efda80f8e05d31f9ac0,e46071f860f0f0f0
vishalmane109_2000_2000__392.jpg,2000,vishalmane109,CC0-1.0,2f97031823ab1fab1e3b9fba42ca7611f1e66e09cfa41042df4756ba5ab0b6a9,b8ec607178e0e0f0
vishalmane109_2000_2000__393.jpg,2000,vishalmane109,CC0-1.0,6e67934a72dd835ee128fff2c876b04b51611d80296460cd573e150163079c17,268383dcfce46230
vishalmane109_2000_2000__394.jpg,2000,vishalmane109,CC0-1.0,992f9e749de8a6acefa9f02bbb3198680036c7e2531c9278691f45a657bbc5d8,7830303a6a64624a
vishalmane109_2000_2000__395.jpg,2000,vishalmane109,CC0-1.0,3c234bfe0f61e7413cdca385ea3e83762c32503c1ef27f5d16eaa937d2c44042,c8ccc87836787868
vishalmane109_2000_2000__396.jpg,2000,vishalmane109,CC0-1.0,73a853a34f0401d71ee5a349fe5fa74cacea0d16dca321332c73d397b12b62d5,f090a8bcdeac38c4
vishalmane109_2000_2000__397.jpg,2000,vishalmane109,CC0-1.0,1c61cb7f934ce0993f24ba374144961d060a4bac8510489ef0f9b36787b9b870,c8e084ce8e9e1b32
vishalmane109_2000_2000__398.jpg,2000,vishalmane109,CC0-1.0,65cad250d00bf3c68ecf875537182421cea974bdf5ee6504c13aade24f2e6175,c9f8f1f0f0703913
vishalmane109_2000_2000__399.jpg,2000,vishalmane109,CC0-1.0,7b29bf162c9e3e4c0b13fc49a8352a4049be830a4b36569c077337e41acf2cb0,e1e0d8481c182822
vishalmane109_2000_2000__4.jpg,2000,vishalmane109,CC0-1.0,b94f8d09e3a6a68502513fc6de20a7ccf4e738ddfcc7e66bfd1ff3db6cd16b0a,cd4f2737af1e9cc5
vishalmane109_2000_2000__40.jpg,2000,vishalmane109,CC0-1.0,6665520e767b2d7c59b39c21271dea9ae01af73476ecb1bd8aeec28567dc07f4,6273291d0d29502c
vishalmane109_2000_2000__400.jpg,2000,vishalmane109,CC0-1.0,dfaecbdc3fd80dcfb1ad200b5298d14545be806e18d4926d54dfd0df86a68d36,e0c048481c183822
vishalmane109_2000_2000__401.jpg,2000,vishalmane109,CC0-1.0,4f63a1066a01789337ffe3bfc29d2056eae2c4bf8330393f6259c0e86bac272b,e0e0682c9c8c3025
vishalmane109_2000_2000__402.jpg,2000,vishalmane109,CC0-1.0,28f1f40c315e2b36aa5afb280d7c286cced9ceb989f398c989b6884ec693d3b0,384c6c3424f49009
vishalmane109_2000_2000__403.jpg,2000,vishalmane109,CC0-1.0,dbb1921826dcd930b6dd55adde36c31214a4257610c5854a0e85ec60413ff8a5,1cb4b6b6f6da2004
vishalmane109_2000_2000__405.jpg,2000,vishalmane109,CC0-1.0,2e555e08a9a5362df83887d5982da13eb007059d48947a188778a77e654db1df,1c54b4b476d40804
vishalmane109_2000_2000__406.jpg,2000,vishalmane109,CC0-1.0,6d420823ca89e29df3c200ce9f6e93e4b2406f1d77d441dab6e332f1117f6ec6,e0e07cecdedede4e
vishalmane109_2000_2000__407.jpg,2000,vishalmane109,CC0-1.0,bbdb5de4ca98b8deb7ee44f975a83139ed2b00c94725aee1cbfa1fd5aa074214,c0e0fceebadede5e
vishalmane109_2000_2000__41.jpg,2000,vishalmane109,CC0-1.0,d163da213ae6f5d102e4f87e5d66a520433afd132c7c0d7eed9533e6fe3c8949,c0a8aedccc8cacd6
vishalmane109_2000_2000__410.jpg,2000,vishalmane109,CC0-1.0,6b9d0d93b7bb7cb663cec4b4a7adce1b0a73125a0dcd9963a08561db589fd193,f8f0f1f0f0e4e2c3
vishalmane109_2000_2000__411.jpg,2000,vishalmane109,CC0-1.0,91d7a46cf9ab11a233fdae65a85a7339132f6b0e6b1bdf5d36b5ee78cc9bc02d,e9e030707264e4e0
vishalmane109_2000_2000__412.jpg,2000,vishalmane109,CC0-1.0,21ea333d27772829ce7c475d618bcfa543e15d0f4e4829e1d0917d2762d1aed8,e0f1f0f0b2a4a5c7
vishalmane109_2000_2000__413.jpg,2000,vishalmane109,CC0-1.0,66a2b565d87273d9c06b922666f65bddac99c2edf63f5b46e32d5a49d2e077b4,7070f0f0e1e2e3d3
vishalmane109_2000_2000__417.jpg,2000,vishalmane109,CC0-1.0,fbc57c0b1ff464ff46bc7389233403d1feddeeace9fc801fa3d4f3ed0a8f4ea2,6c7cfcf4e0f0d8ee
vishalmane109_2000_2000__422.jpg,2000,vishalmane109,CC0-1.0,c8fc2395ec148632ff92e36edbf531cf3bd25f32f1fc9c0fd59233c7e0c7d990,ad68e8e0f090dc4d
vishalmane109_2000_2000__423.jpg,2000,vishalmane109,CC0-1.0,2df46143ca9680ef0713a64a682701e9f38ff51565838602e4d7498946d5ff2b,c17bf9d8d0a2bc9a
vishalmane109_2000_2000__424.jpg,2000,vishalmane109,CC0-1.0,e571c7490e2ba41c3d5939f02b53f5435f456233d2f3d1d69e0f09f1d01509e1,e1396ce0e0909ccd
vishalmane109_2000_2000__425.jpg,2000,vishalmane109,CC0-1.0,c2eb7bd237cbbdcb39f28ac0c405ea228f8a0cdf4c447bdf06f8cd08ff2a43a6,e33958c0c0b29c9b
vishalmane109_2000_2000__426.jpg,2000,vishalmane109,CC0-1.0,b3768d00fc6ec06a3eb74f09b300edd7d5ecdd426bb03d029d00646dc1e4bace,4b1bf9f0e0b098cc
vishalmane109_2000_2000__429.jpg,2000,vishalmane109,CC0-1.0,4c9de914bc778cc286e15daf680145716f719413b15e894026ea92d8d41b1e61,639bfbf0c0f0bccc
vishalmane109_2000_2000__430.jpg,2000,vishalmane109,CC0-1.0,7639aafd97c289b6273f35ef0cdd4f6a2a9dc321599c8219bf24fb476cf20986,c1e5717171686869
vishalmane109_2000_2000__434.jpg,2000,vishalmane109,CC0-1.0,9759841be99c398afe968c6e8e2e78b693a84ac73cb876795970eb2c705635e4,32c8c8c0c4a482d2
vishalmane109_2000_2000__435.jpg,2000,vishalmane109,CC0-1.0,bce77db712d32f0cceefe6cd3f09ab675010b33511600f3cd8159d8ce60a2a82,701a7cecccc4e28a
vishalmane109_2000_2000__45.jpg,2000,vishalmane109,CC0-1.0,d726842d202f6dabcf2e2ce411635e66e82230732943bdaf196164fa647ea678,2d6d5697b3199323
vishalmane109_2000_2000__46.jpg,2000,vishalmane109,CC0-1.0,496a90dbd493e92a17b8b937f193182c5cf1c1406b6b3441c619053114fe7482,ec2a1e1e9e0d6ca8
vishalmane109_2000_2000__47.jpg,2000,vishalmane109,CC0-1.0,d719837eda4ba57725287ffac33e3d515cb89a9d71d050d07feddce2a2c082cf,8b8a928296928e8b
vishalmane109_2000_2000__49.jpg,2000,vishalmane109,CC0-1.0,a8b131963bb3119e1b4dce7d78c3b45c0de8f208dc1b31d5a000663495b49a54,e82e9c8c0d6cc169
vishalmane109_2000_2000__5.jpg,2000,vishalmane109,CC0-1.0,15456eb2caf9f72b6ce73051982f59256b5f9e34cd72e5e17fcdd13379ce00cd,aa2ebe9e8e8c6caa
vishalmane109_2000_2000__50.jpg,2000,vishalmane109,CC0-1.0,db2b9bae8cb5f50b833f9d7a9fc15c4071957b9bc20a2d7aa7497bfe729636c7,13050d1f1f9d3f2f
vishalmane109_2000_2000__51.jpg,2000,vishalmane109,CC0-1.0,3674c5859073f067991dae20cb17fe238d4dbb0f45b9da509c124de56f16f12e,c8cb9387971f8f80
vishalmane109_2000_2000__52.jpg,2000,vishalmane109,CC0-1.0,017bd2be1c4d46c9a733d3184ebf9814c48a60d90ebd0ed0b7f91e94c148556e,ae646eb8fcf37272
vishalmane109_2000_2000__53.jpg,2000,vishalmane109,CC0-1.0,0605dde6ae41437620a3f53e426262e26526e41f07a14817fc2b29bcf75521ed,c2b4cb93978f8101
vishalmane109_2000_2000__56.jpg,2000,vishalmane109,CC0-1.0,7ff0144a2b2b49b205ef028c61c5c28a16dcba7c1d8248cc0d79194babee8324,4c8d2f9f5f2f46c7
vishalmane109_2000_2000__57.jpg,2000,vishalmane109,CC0-1.0,3d11a2bddcac056cd84de71ed7985c3de551153a76ce2a65e2800280b98335a7,00ea2e9e9e4cee00
vishalmane109_2000_2000__58.jpg,2000,vishalmane109,CC0-1.0,a1b90c6c07c35aadfaa78cd0b6e1bf2d318e563416282d9759920f930e0588de,16472b67252d6537
vishalmane109_2000_2000__60.jpg,2000,vishalmane109,CC0-1.0,fe9d8bcfc06a081ac5cb36aa9b7db3c7f5a2aa449e3e49cbddf0832db3ea3117,00c42f1f1d6d6c00
vishalmane109_2000_2000__62.jpg,2000,vishalmane109,CC0-1.0,c798ebf4a0acbc2b85b935d0e3130ae258e936d1a9bf50f80dcce3222d2b606d,d0692d1d0d69e911
vishalmane109_2000_2000__64.jpg,2000,vishalmane109,CC0-1.0,0050208948302fb4066a9eba597d1ab145ecc72230ad991717b39d8fe5895070,35d12a2abe9e0d6c
vishalmane109_2000_2000__7.jpg,2000,vishalmane109,CC0-1.0,c79313c42ef4b5383e85a6238e837f1b00ff0192812a0157a43c016d159ec634,55a463c8a1e3b62f
vishalmane109_2000_2000__71.jpg,2000,vishalmane109,CC0-1.0,32ae3dd6f23263ec8381d60eefccf8a288911ce5826627a6bfdd2db66ad464d1,3449c43c1a1a68a8
vishalmane109_2000_2000__74.jpg,2000,vishalmane109,CC0-1.0,d0fb1f03ca9aa558179a61277874f49c571f331f8a324f1c11e4c697cc75526a,aaae9e9e9e0c68a6
vishalmane109_2000_2000__76.jpg,2000,vishalmane109,CC0-1.0,bd0f69872e693bc6f779caa5b0974b2b95b0b4529a91736f2164d67a22cbf9d6,efafae9ece8d6c75
vishalmane109_2000_2000__77.jpg,2000,vishalmane109,CC0-1.0,398a2cafa600bf9d94763c3979856acda7917f3cbf443b976ff2409fdd632a8e,faf365673e3cfad6
vishalmane109_2000_2000__78.jpg,2000,vishalmane109,CC0-1.0,fe3406d2353d16d9cc1cb6617ed01220395b35de57dc36b925dba066d77fb393,6a2ebe9e9e1d6c8c
vishalmane109_2000_2000__79.jpg,2000,vishalmane109,CC0-1.0,96de8c97b618a96ae9215a542e27ea7e580e3d82fb583dc119bac6d8e176cf02,fcfcfdc963261c9a
vishalmane109_2000_2000__80.jpg,2000,vishalmane109,CC0-1.0,30301802ff8cc3cee744580a9505c8bf7ded8e4f6d4234ba29185224161da10b,6a2abe9e9e9d6ce0
vishalmane109_2000_2000__81.jpg,2000,vishalmane109,CC0-1.0,87d6caaaea8f59bb186b0cc4b2a4d81d97f8cf8609a176a3d765c2f636c21b40,cc2aaa9c8e4a62ac
vishalmane109_2000_2000__85.jpg,2000,vishalmane109,CC0-1.0,5a1f29a6fe38e84d19c13fd195667a1e79f9ac3af8738e80ff92c3c59eefc89d,2d1d1d69cb97978f
vishalmane109_2000_2000__86.jpg,2000,vishalmane109,CC0-1.0,5425a03fc174a8cee42964d886f017f4be2bf2b3d0a369ef36ca60114d19ae09,cee3f03070786267
vishalmane109_2000_2000__87.jpg,2000,vishalmane109,CC0-1.0,a91e941f4ab31ebbeaa0123dcaa0fa7632b7c55f3e12b33066a539ae9d757bdd,d0692d9d0d691101
vishalmane109_2000_2000__9.jpg,2000,vishalmane109,CC0-1.0,ded9f0cfdf613e0ccd0fe1fab3b6896264a571187b1329616e48450df840156c,186b2f1d0f1d32cc
vishalmane109_2000_2000__90.jpg,2000,vishalmane109,CC0-1.0,fef2e3cd22c2dea43c18596307ac7137ea2406ae02fc56e27c9d387de0e0be56,60c0c8e940d6969c
vishalmane109_2000_2000__91.jpg,2000,vishalmane109,CC0-1.0,49be70be59e134d0b94376364b69269c5c3c0fde8f61c7378f5d2c9d531a6176,2e1e1c6cca9246ca
vishalmane109_2000_2000__92.jpg,2000,vishalmane109,CC0-1.0,a5a1d6efab1b04710a8b4a58fa66d76afda1a3d28366e2d08d90fa810c4d6218,4c1984a6d6d3939e
vishalmane109_2000_2000__93.jpg,2000,vishalmane109,CC0-1.0,9b2fdde8bcf92bfc053bcd1dfe32b43d5b86ecfa4b6a6796a14e073beb2ef477,62622b6f3b191983
vishalmane109_2000_2000__94.jpg,2000,vishalmane109,CC0-1.0,64011520625e698d1dc82e89aeafab797fdb8e7eb68e51a40f18fd494265bece,ecdcccecc4c4c4cc
vishalmane109_2000_2000__95.jpg,2000,vishalmane109,CC0-1.0,ffc0a68f0616409ac85853fc694d968833958d71e3006045cc98c53a05826abf,60d8dad6cad6d699
vishalmane109_2000_2000__98.jpg,2000,vishalmane109,CC0-1.0,e99f6387c619e7af439467fb9c632d4b0f2c4968c1c63a250248be0757fc5131,c1b03a0a539ed761
vishalmane109_2000_2000__99.jpg,2000,vishalmane109,CC0-1.0,10a1b9b584339226d420b4e34874e0bca016df92321376e97cb34039ee4af6d1,2537d4d37e7361a6
vishalmane109_200_200.__0.jpg,200,vishalmane109,CC0-1.0,9ce6bef4b72511ca4cf3582b0bdaace428cb99ec3a63790cc5b1e02913ac2e94,03070f3d9f1f7d37
vishalmane109_200_200.__10.jpg,200,vishalmane109,CC0-1.0,42a51381972a673cdbc52224d8d646dce234de1182e9d4c3727faa5a0abad8c2,ffffee1e9e9c9c6c
vishalmane109_200_200.__100.jpg,200,vishalmane109,CC0-1.0,f2fdbc61f85cb09cadfb685f450f8908b39a2773befdad643b6072dc782ac210,6c2d1c5d49656500
vishalmane109_200_200.__101.jpg,200,vishalmane109,CC0-1.0,c53f1d3d57a6368e0e9978c404f47af0d1448fe30468c5554c715947210cad39,aa9e9ec8d2d2cb8a
vishalmane109_200_200.__102.jpg,200,vishalmane109,CC0-1.0,1ed9c45e4de4d0c3fb085f94ded1e44016df290e45866145a751b827effe8fad,00c08c3c1c19596c
vishalmane109_200_200.__103.jpg,200,vishalmane109,CC0-1.0,e297d946ac320283a8adc6cef4662b03b31e1aab446b353de94499ae050f17b8,c62416d5c86e9aeb
vishalmane109_200_200.__104.jpg,200,vishalmane109,CC0-1.0,bf5743fbc1b6ec2c9997550607b0bbc9c89e96ae6493111d452738365b1ef65c,d47020f0f96ae042
vishalmane109_200_200.__105.jpg,200,vishalmane109,CC0-1.0,e842dd1249806d83624766275dc6513f80f7d76df918420f7b5e0dd515e2ac16,33b3d47971883233
vishalmane109_200_200.__107.jpg,200,vishalmane109,CC0-1.0,2c70b547b08a3fd093e115d41a3ead1bfc122a5e58fee01d4c776f5f1db258d6,ff57d3fb7beff7f7
vishalmane109_200_200.__108.jpg,200,vishalmane109,CC0-1.0,6363261952e2f27afb460de152367c28ddbe91beb6a75a0242c490b0227e19e8,cc2ebe9e9e1d488c
vishalmane109_200_200.__109.jpg,200,vishalmane109,CC0-1.0,ff7b2d372064d7fdb9089959564912458336e27ae35867019dc64ad624f3c457,fcf8b8989ae2e2e0
vishalmane109_200_200.__11.jpg,200,vishalmane109,CC0-1.0,d0477709eea11ee29e7d00f4626c486cb163bbc1aaaa787ccf5e1d432620f839,4e575e4eccadf2de
vishalmane109_200_200.__110.jpg,200,vishalmane109,CC0-1.0,9a36c7d97b09d69b6888a022469bd7a521325f8a114f7b291870ae2335cc3002,e0eefe5edc58686e
vishalmane109_200_200.__111.jpg,200,vishalmane109,CC0-1.0,c874684c28f9b5489e2315b856a654a5b1efe23624579c66e1210f0c78775267,6d1d5d494d574b49
vishalmane109_200_200.__112.jpg,200,vishalmane109,CC0-1.0,1236f5eb0b08b04de9841f45ee5bd5c2ab9b00620d9bf3a0907a9e5fc7df9e53,dbd3e3c2c2d2d499
vishalmane109_200_200.__113.jpg,200,vishalmane109,CC0-1.0,027c4effeb2556fd8902d564eaf5f67633f5724459ead65bb4c382d9a63af0e1,dc9c68684c4848c8
vishalmane109_200_200.__114.jpg,200,vishalmane109,CC0-1.0,c810cb517f65c8c11dc981c4b30636de4078799ef8991018e2228af896776921,ae9e9c488a938b89
vishalmane109_200_200.__115.jpg,200,vishalmane109,CC0-1.0,6febf5cd8ec8d0867f4e7f29022f0c93d521bff13b7487d3379009304d22127f,94470b1b1f1f1d16
vishalmane109_200_200.__116.jpg,200,vishalmane109,CC0-1.0,93d5a7e954601bf9aab916335d5d1e9dcfaf322bb2bf5861026b2521932a149d,e8eeecccdcc099dc
vishalmane109_200_200.__117.jpg,200,vishalmane109,CC0-1.0,4167fc308781e75a30aa0f6c611a26b97136b13fbb78263cd66b9858cf84d9c9,ac9cdd69dbc7c3cb
vishalmane109_200_200.__118.jpg,200,vishalmane109,CC0-1.0,78dc737e95570e583ca3069aec360eca3377ffa9d8f8297047fa3679f4da2461,99ccf89e58a0b83c
vishalmane109_200_200.__119.jpg,200,vishalmane109,CC0-1.0,2db2425921b17989450e70fee07e30d37b9112117e1e52f0ddfca14ce47f329a,2cb1a82c31301998
vishalmane109_200_200.__12.jpg,200,vishalmane109,CC0-1.0,4c296700d32afaae6d7c0bc98b2e064a3e30beb396f2112cbe914a8e10878bf2,cc4b9397cb4b0f8c
vishalmane109_200_200.__120.jpg,200,vishalmane109,CC0-1.0,4aa48519a9e71f63ebbe14b53a57e289a1c20b4a23351420a3bda57f5090be9c,6e29b3979bb3b9f9
vishalmane109_200_200.__121.jpg,200,vishalmane109,CC0-1.0,38f6e79b53c9925bda915402ac083b01e084d1dd10c9f61b91566f40b7d671cb,e0e0605c5860f0f0
vishalmane109_200_200.__122.jpg,200,vishalmane109,CC0-1.0,c7a5b661e4a7c2e01167cd54468c72f7ac08c72463a13bf7dacfbf7efd9dbf5e,d9cdb9dcd898183c
vishalmane109_200_200.__123.jpg,200,vishalmane109,CC0-1.0,ea542fc87acc2e942c8f7d791ce0c5fa5b858eea65ebd7b09d6bde78857c2411,356d3d1d1d196d0f
vishalmane109_200_200.__124.jpg,200,vishalmane109,CC0-1.0,39da6a72553ee3aaf308cbfe7c2f6abea08831d3471e44b0ad8ced1759c25820,130fcd4372767478
vishalmane109_200_200.__125.jpg,200,vishalmane109,CC0-1.0,73405f12a90e0e21fca122574962ceae600087937d4eaf03dd7a306ba44eda42,d2b874767d7d591a
vishalmane109_200_200.__126.jpg,200,vishalmane109,CC0-1.0,9c47691ad216914e76d988ff6f39ddd30e2580a4fa915c333d33c548c8d20ba6,ad8c3c349c4ce2e2
vishalmane109_200_200.__127.jpg,200,vishalmane109,CC0-1.0,46d1c479dc48e40aa7d3cd2510e98c2f67855eb37f77c606608b5c034f55bee0,dada8ece8e86849d
vishalmane109_200_200.__128.jpg,200,vishalmane109,CC0-1.0,ba44839259dc35322550a1b252af2d05033329fa993c37723f4be2d925b4e04e,e0631f1f5e1d5d62
vishalmane109_200_200.__129.jpg,200,vishalmane109,CC0-1.0,ec9202c662551d4db1aa7e108d05d00cee68b6d4c2f185db751361ad18279607,d1939787834b89c5
vishalmane109_200_200.__13.jpg,200,vishalmane109,CC0-1.0,57fbf1a862e6bdb95c0677d1af23dfa2bd20ee44373d9011b921cdde409b4aba,60371f5e0d69787b
vishalmane109_200_200.__130.jpg,200,vishalmane109,CC0-1.0,180ccf17feaf35d9fbb76e5164adacada2b5a5de2f96516551694264301d7cac,d4797e7f0983031d
vishalmane109_200_200.__131.jpg,200,vishalmane109,CC0-1.0,f739455b42acddd3162e209a14b6a2c28456804002460f4af60ffca3e90e8706,805079797939716c
vishalmane109_200_200.__132.jpg,200,vishalmane109,CC0-1.0,c7b98cd838289748708d0b473f21d3307b36216b4e4470ccfe6cc86d26db144a,eceefcfcdcfcbcbc
vishalmane109_200_200.__133.jpg,200,vishalmane109,CC0-1.0,d8b03a5e790bfb4d86e6677c00c6d338711572d320dd5087c92b44fd78ce7a19,98d9d1c1c1c7c181
vishalmane109_200_200.__134.jpg,200,vishalmane109,CC0-1.0,23c7de6f76c2d9131f6f805f8e029cdf1e4e7cd3774cd6be90d019f67eecc494,c0a2a2a69c9ca882
vishalmane109_200_200.__135.jpg,200,vishalmane109,CC0-1.0,ded87ce5a09305b5731588b6395e004d3316eaea823640ad9fad870bf82f1875,f86cdcdc5c68f0f8
vishalmane109_200_200.__136.jpg,200,vishalmane109,CC0-1.0,337ba879f59f4cef2bca2888e59fdb6460d7a525439028a4547bf73197d1b6c1,ecbc9c9cc8e8d2d6
vishalmane109_200_200.__137.jpg,200,vishalmane109,CC0-1.0,d504691cc34fd212c357065daaf53151b3efacb3136cb83b812792bf5e5d5a75,7cf2cca4b1b3d379
vishalmane109_200_200.__138.jpg,200,vishalmane109,CC0-1.0,d27235fff39a8168b2c795e94ae23a5e518fcdfab3f3ab4a457aca0170161fb8,e89c9c9ae8e06969
vishalmane109_200_200.__139.jpg,200,vishalmane109,CC0-1.0,c4d7d70751f30d22b10f36745c6243db4d9d8156eef8da301e399b7cc36854f1,0fb4b5b5b4b4349d
vishalmane109_200_200.__14.jpg,200,vishalmane109,CC0-1.0,17db880e9c2ce473fa25cd1b89c9a8d83b3c49b38635e3f9fc27075f3eeb7069,010069555d490049
vishalmane109_200_200.__141.jpg,200,vishalmane109,CC0-1.0,936728666e74fde2468edda6befaead4eb86b50c36360f81daacd0eb7ca2450a,1a3b3abb9b9a1f2f
vishalmane109_200_200.__144.jpg,200,vishalmane109,CC0-1.0,adb67f3b33a0acddffc52ff956d8fb18cb304c6e9fabeb32824caafffb6b88e7,96e1b9f9c9a72a38
vishalmane109_200_200.__145.jpg,200,vishalmane109,CC0-1.0,dbb092870e963712cac95b3d034001f4272fdec90266f472b0d8202230c2e361,9696969696969296
vishalmane109_200_200.__146.jpg,200,vishalmane109,CC0-1.0,b30b980b18a076418359e0f4a45cf44b5164faa7253ac42b729bb9a5baa2eb58,c8b979797979d1aa
vishalmane109_200_200.__147.jpg,200,vishalmane109,CC0-1.0,55ad64ba6ea63729e2593ead09fbcf27b4216a11bb98f5bf7a853d7c1ebe558e,cdcf6836961c59cc
vishalmane109_200_200.__148.jpg,200,vishalmane109,CC0-1.0,52ae03c065bfac794a7566c46e49f66625673f7e87ea143b4edb3454c047ce19,2ca499a82c2c2133
vishalmane109_200_200.__149.jpg,200,vishalmane109,CC0-1.0,97e97e240fcd318c666e8c9d1293b3deee8bbf93725cd54ec510741fb10c56fe,f0f171d49494e4e4
vishalmane109_200_200.__150.jpg,200,vishalmane109,CC0-1.0,486b45f3df0e580c4b75b2025ef445965506db6a3ba3d23ce53dd142ec723229,8c856d6c4d2d2dcd
vishalmane109_200_200.__151.jpg,200,vishalmane109,CC0-1.0,5526cfc61d4b17f98c4052c87669e7f51e16fb937808eacd519dc71755de69c4,2b9e1d489a928b89
vishalmane109_200_200.__152.jpg,200,vishalmane109,CC0-1.0,99eea79239f9d502174a0d15bb48d4919047d6818fceaf2d713398358cd3ff12,e9ecce9eadadee0e
vishalmane109_200_200.__153.jpg,200,vishalmane109,CC0-1.0,88464f96239bc88436684d75c790df25fa4e6d88b4a5d0667e3bd543f9cdbd7b,60e0e8c0c0f0e0c5
vishalmane109_200_200.__154.jpg,200,vishalmane109,CC0-1.0,e73e3c79760a98c4d7caae0d600bc6c5a00a2c3c27791c36476d8192d76a394a,f9f9d9d9d8d0f0d0
vishalmane109_200_200.__155.jpg,200,vishalmane109,CC0-1.0,38d128305d7505ad00ce37f05ca43c0772f49b42494e2213cb5c4674341321e4,70002c8c9d5b4bf9
vishalmane109_200_200.__156.jpg,200,vishalmane109,CC0-1.0,8638bee78fae5bd49a4921a46b2c72a9e77d269df9aa64f7b1ca6d4b07398110,cc6a3e164e595898
vishalmane109_200_200.__157.jpg,200,vishalmane109,CC0-1.0,f4845c9009da185911d8bf0cb3a438cecd3515a22ac55525237ea2f410938712,ff7173ffff73739f
vishalmane109_200_200.__158.jpg,200,vishalmane109,CC0-1.0,7c97bb88975706a39618d9a16f3b3dd0db5588e0ddc40d9e81f320ed8a274b53,0000004c3c3c6847
vishalmane109_200_200.__160.jpg,200,vishalmane109,CC0-1.0,4dc01038263a1db51e34c67e98dc3da42f7191d70421314a61152eddaf2fe180,8000080d3c386c67
vishalmane109_200_200.__162.jpg,200,vishalmane109,CC0-1.0,8138ab45c3a4bdcd4a952701ade8fb17795e035fa687ce6cb1d3374d3d2eeead,7061613213311052
vishalmane109_200_200.__164.jpg,200,vishalmane109,CC0-1.0,0c58f6e00c8ce8721ef94232faf0c0f05395c6237def36088d9a6cd6e55c27e6,0041010814343018
vishalmane109_200_200.__166.jpg,200,vishalmane109,CC0-1.0,e607ee87c48f95ece90d73d90e6890fbafd268f3a2bc16a47eb45b80a974d8de,e5e5a2849ccee4a6
vishalmane109_200_200.__168.jpg,200,vishalmane109,CC0-1.0,098a4a57dbca355d6709285b5014144a68f31711648ec9b83dfd82a6b0cf082b,d9411970c0c3cbc9
vishalmane109_200_200.__172.jpg,200,vishalmane109,CC0-1.0,108259acd1618f540d6e231ab3f866254e41657ed6c5735b3ee170fa9b712f51,92c10958dc0c2cee
vishalmane109_200_200.__174.jpg,200,vishalmane109,CC0-1.0,72031f4436061f99e0f96e5a8a5f74ed290004000ffe8737999999f578af624f,f293c01870f07070
vishalmane109_200_200.__176.jpg,200,vishalmane109,CC0-1.0,4f3c063eabdefb47d3dd3475f956deb244294ef07b9a2d1470119a1a2141fc22,809291343429294a
vishalmane109_200_200.__178.jpg,200,vishalmane109,CC0-1.0,b66ba4ec7a631d253a42f236793c5ce7866e716c263f2e1e1b0f368abbc1bab5,d2d0c01cbe4eac8a
vishalmane109_200_200.__18.jpg,200,vishalmane109,CC0-1.0,c1e288124e5c0cbbbecf046baf891f9d5d0295ec21ddc02f1a64fe305857312d,ec2f1e1e1c5d688c
vishalmane109_200_200.__180.jpg,200,vishalmane109,CC0-1.0,323d0628cd91be34d18aac04cf26368c5873b09989429e10a4cc45b34a211b4a,d2d2c018c81c0c22
vishalmane109_200_200.__182.jpg,200,vishalmane109,CC0-1.0,8c89f438a3ea2ed5baad7a6e33d0b4e4391cbac08b479639e15bfe437b3ee1c3,bceee8e4f0e4ac8e
vishalmane109_200_200.__184.jpg,200,vishalmane109,CC0-1.0,3e761f378474fffc69f828dc8b543275eea808611ffbe2f31cd9917bda093144,f9f8f0e2a3e3c747
vishalmane109_200_200.__186.jpg,200,vishalmane109,CC0-1.0,217e4961b60734e4f909c2df340171602fd9bf91d4a0425d6891172132da4cfd,9126a4c0c6e2e603
vishalmane109_200_200.__188.jpg,200,vishalmane109,CC0-1.0,2988119966519dc09e73a5db3b615cb6bbb6ae6fd1859d29149375805c9f9572,907424f030b6365b
vishalmane109_200_200.__19.jpg,200,vishalmane109,CC0-1.0,7b417dae391f9d6ebe468c860d77011a1ff4b4d6bc499e0b6b6bfa4b2cc363bd,6c6b3e3e1e1cdccc
vishalmane109_200_200.__190.jpg,200,vishalmane109,CC0-1.0,278d94e7d0ea84d659720c64601a5aae06e30b13af3933239683970979159388,64c0c0c2cae6672b
vishalmane109_200_200.__194.jpg,200,vishalmane109,CC0-1.0,eb3deebc043080a2d7925ad39f5f01d75091bd68a02c8ad733a61c13d93dc099,c0c0e0e2e6e78317
vishalmane109_200_200.__196.jpg,200,vishalmane109,CC0-1.0,c3d228669f8a570ae838bdec25ec5f5a7b0848607e5571965807d697db5bc662,ccc8d059ebf9c94f
vishalmane109_200_200.__198.jpg,200,vishalmane109,CC0-1.0,2e4172edd2b90c9194e778d14fca5ef203bfec29a18edbce9a92efc87189b9d1,f8f4090f61682ea7
vishalmane109_200_200.__2.jpg,200,vishalmane109,CC0-1.0,fd70057887c75334166f059aba7e18cbe2983aa8021b0d5e01106c44cb13a389,b36e27161d1c73c7
vishalmane109_200_200.__20.jpg,200,vishalmane109,CC0-1.0,2c6908690a9c5b151152107fe186d0bf607c24c4c59a6b05adeccd4e2e4cf46e,61234f0f0a3269e5
vishalmane109_200_200.__200.jpg,200,vishalmane109,CC0-1.0,13f6027d9809f29f7b4246f01d57054b5055f0040a2783bc6445d2558a3c4870,9c8c656df9c8c6e6
vishalmane109_200_200.__202.jpg,200,vishalmane109,CC0-1.0,2fa0cfc954dc9a54539b71cf782930df1d7ade8581e7d5762d36fa05a237d4ee,6bb8c34a5b1a4c9b
vishalmane109_200_200.__204.jpg,200,vishalmane109,CC0-1.0,12480d41aa03066afbbc9bfdf905084e6a44de7fedd1e46876a454152b4711fc,d3132b764c6c4e67
vishalmane109_200_200.__208.jpg,200,vishalmane109,CC0-1.0,fca5407514e8e8fe6409ca5b246e2bc017ef8138043e064808204060fb3f8933,30386c5043470561
vishalmane109_200_200.__21.jpg,200,vishalmane109,CC0-1.0,1b10d58d6e26083c774ba40b60f8c3063abe087a1a6dddefcce4a0e893b13ed7,39e0e06061643020
vishalmane109_200_200.__210.jpg,200,vishalmane109,CC0-1.0,14c6cc29b91107c7075eebf3f82e33ec768621bb94f71746dcf92832a8142309,8be9e8a0c4c04093
vishalmane109_200_200.__212.jpg,200,vishalmane109,CC0-1.0,0cd028bd4426ff34295a48acf35b5b3f3aaa3e88768befd19904d88bbd43f553,8040e0c0e9e0c0b3
vishalmane109_200_200.__214.jpg,200,vishalmane109,CC0-1.0,63475ffd3e27e376585127a03941626066ce3bf37371f72a8c23a71b14ed8c21,80e0a09c8c442723
vishalmane109_200_200.__216.jpg,200,vishalmane109,CC0-1.0,6d00d7d703553da2eba4eaf64e6aa643115574ddf56d609611be6e2ac92b7d12,f1d9b49e8ea62743
vishalmane109_200_200.__218.jpg,200,vishalmane109,CC0-1.0,fa6b4e8b3c384bfddbfae5eccf40eb7e71b0e6438aaad917bc5e00168c904273,f8f3db9b512f0f09
vishalmane109_200_200.__22.jpg,200,vishalmane109,CC0-1.0,f5d9bb2dcdf01f742b4674e627c005822b57556d152ca735a956a64cb22d471b,80426ebc9c5ce880
vishalmane109_200_200.__220.jpg,200,vishalmane109,CC0-1.0,b43f820acbc8af665154f1b529ced9a2e5ee2ff91ab92aa8c22fd7a8bcc6380d,cb8b6bfbf273f1f2
vishalmane109_200_200.__222.jpg,200,vishalmane109,CC0-1.0,8e72fc4db11ef163cfd19719cc57143dc5a615736392ab77fc22aa25143797e1,a86cecece4c4dad8
vishalmane109_200_200.__226.jpg,200,vishalmane109,CC0-1.0,c7ab3b7e3648ace6c6a65a4d410f188084176c045073d9abc4ada9b96724b501,f0f0f0f4f6c4c6c6
vishalmane109_200_200.__228.jpg,200,vishalmane109,CC0-1.0,ab09035c97d9cfd454db3da759ffcf6a438fa50c2a92b0bff3ebf8a55d6e620b,e0e8f8e4ec4e6361
vishalmane109_200_200.__23.jpg,200,vishalmane109,CC0-1.0,3dc5c15eeda31882f8b41654229d3b69c298d412d19812ba9ad0420deaa3bb0e,987d3f3d1b5b1333
vishalmane109_200_200.__230.jpg,200,vishalmane109,CC0-1.0,89230bea9eb0ba3c6d293021e6edb5f69f036e6d111b27538e2c99d74c36ec94,f0e0e0c1f1f1d1c1
vishalmane109_200_200.__232.jpg,200,vishalmane109,CC0-1.0,c6cf5ec0f70f2b239ae26815b20197146b51dc8e059f0494f96b45690fc961a8,f0f0e1d1c3e16193
vishalmane109_200_200.__234.jpg,200,vishalmane109,CC0-1.0,1340ad700992f69776108fc20c8916ae9d4bc5f3e89a282ac099303cfd4c332e,e8f8f0e860606060
vishalmane109_200_200.__236.jpg,200,vishalmane109,CC0-1.0,dbeb621c496b9084bb723869871589da2dfc18c86d1d8cd317584692098d70ef,603038d8c1c1c4c6
vishalmane109_200_200.__238.jpg,200,vishalmane109,CC0-1.0,a7e59b89fe7854c5d407f37b042c267d59051c418719a7645ac66fd4f44b9404,8cc5c1c0c1e0a4c6
vishalmane109_200_200.__24.jpg,200,vishalmane109,CC0-1.0,991e5defe6ee399d65cbac326cd9b78229fb0533b5b34e1ccd647e0d384eb08f,e0e070dcd8e8f0f0
vishalmane109_200_200.__240.jpg,200,vishalmane109,CC0-1.0,e4567f6366f2bb0d83d878ab4cb23090272b57566aae30380f7d58bf27cb2cc9,f8bfc3c3c3c3c3cb
vishalmane109_200_200.__242.jpg,200,vishalmane109,CC0-1.0,33b71a616d74d9f9e4d248aaf5b3a20255e8ac573bbff88d266b7785be003cbb,e7f7bcdad3c1c8d0
vishalmane109_200_200.__244.jpg,200,vishalmane109,CC0-1.0,6d44ebfaca4f6a3a139311ca2569adddf7d3fb022f92a65f0aff9b2866ef6273,e4c8983c7cf4c6c6
vishalmane109_200_200.__246.jpg,200,vishalmane109,CC0-1.0,faa43f4de90be10a8808816784b469fdd95a072dfe6707703890f6de13416ad8,f8f8f3d6c6c6c6ca
vishalmane109_200_200.__250.jpg,200,vishalmane109,CC0-1.0,7ef77907fe04f797d8d89dc4abe50c6206bc50dd8a6c12525e27cbd065192f53,f0e8f1c6d6c6c6ca
vishalmane109_200_200.__252.jpg,200,vishalmane109,CC0-1.0,3ef7168defe0f6336fdd345935668e843c5dc42b77a7f17b5402f4a452e3009b,c3b0e0e8b8d8c88c
vishalmane109_200_200.__256.jpg,200,vishalmane109,CC0-1.0,55ef3de2a652df5a4c9d6bfbae4538034cc95cb82b0cff4de7f210dc2bca6ef4,90c0c82010082ccd
vishalmane109_200_200.__258.jpg,200,vishalmane109,CC0-1.0,1aac2dca013ab4528f3af2575d71851de4ffb50cbcecb013b17e22bd9c18dd8b,c4ccc82018084ccc
vishalmane109_200_200.__26.jpg,200,vishalmane109,CC0-1.0,dfc78a9dc09fe79c6549b9299a53a5f1538c9d465f18f3c513173ded705e518c,ea2b9e9c9e9959e8
vishalmane109_200_200.__260.jpg,200,vishalmane109,CC0-1.0,595de75159b67d2d0811474146e7b585265d2d2ef3380aeef4a3765283d6c0fc,ecc464301828cc8c
vishalmane109_200_200.__262.jpg,200,vishalmane109,CC0-1.0,89af6563f35fd4d9905f08782e8c77b88b76d719bccddd4bfc876cbaea769096,c4c6203808088c0e
vishalmane109_200_200.__27.jpg,200,vishalmane109,CC0-1.0,ee180831ba89a43254db243340ea06cc47ce787023f5f022a9c21902bf85c73c,ea2ebe9c9c9d5dc8
vishalmane109_200_200.__270.jpg,200,vishalmane109,CC0-1.0,1ab55ce2fa62b6fa0cd6fb7c9ac8f8b37a9a5fa3f5b12d48d2a0af25256da03d,c0c06538d8c8c8cc
vishalmane109_200_200.__274.jpg,200,vishalmane109,CC0-1.0,5a0291de7b5ff4ed631ae53578f71b10f19a054f2621584ae9a033405eb2e636,e0e044389888c8c8
vishalmane109_200_200.__276.jpg,200,vishalmane109,CC0-1.0,1483bbe9da550e91561b68ae1a65b2bfee101517fe1354bfc654465b184b9aba,e0e0e04078185848
vishalmane109_200_200.__278.jpg,200,vishalmane109,CC0-1.0,ab763ac9a39c70c8fd3a7df9bcc824c53034a1814841120ad4cbbc572e8017aa,aa48989424347461
vishalmane109_200_200.__28.jpg,200,vishalmane109,CC0-1.0,5d17ef6afeed2bb350b99ebec038b1f1bea92a619e59cf3a9a688e55746383e6,e4c8c6c6c6c2cec8
vishalmane109_200_200.__280.jpg,200,vishalmane109,CC0-1.0,59d953cdad38b3be12d8aed59210c57e20ffcfc556e21a2eeb9d31af867fe525,68c898b8a9646524
vishalmane109_200_200.__282.jpg,200,vishalmane109,CC0-1.0,475e2cacf3e20924a3d14b77e22a13ce873eb123dfc96ca9824e2a7592a9db64,f8e0e08091908221
vishalmane109_200_200.__284.jpg,200,vishalmane109,CC0-1.0,15ccdfb256be8f898618c7927dc0af307e91b3784f2f821a6d50df690539d0f6,b89e90b8e2e1e2c0
vishalmane109_200_200.__286.jpg,200,vishalmane109,CC0-1.0,eca2f940f0509e95f879a254c28dffe9334c3a19cc5f130abaf257aa7fd014ae,44c8c03038387032
vishalmane109_200_200.__288.jpg,200,vishalmane109,CC0-1.0,937ad9b22ec609d3c264980b0fe9296e1e527ab1a34d3183dd597c7a9b0fc350,3061c180c0820242
vishalmane109_200_200.__29.jpg,200,vishalmane109,CC0-1.0,04237310e1be0895007909ba4bc91e6e2df5b08f26296a6868ccd78fd9b03a22,ede3e6e672e3ebf7
vishalmane109_200_200.__292.jpg,200,vishalmane109,CC0-1.0,dce58a3e15b31ec6dcb48457b5787d22861424eb777f4632dd5555860f0d0419,b061416961602022
vishalmane109_200_200.__294.jpg,200,vishalmane109,CC0-1.0,f00357e12f64b5cb015de0b8ee98996ae5c952f7dd239318b100e626977309ea,0498b8c84060a024
vishalmane109_200_200.__296.jpg,200,vishalmane109,CC0-1.0,d6dfaa92c90f92111dc8df9c088f562a301ca3aa4bd6c39e9ddc36b68a0934d9,24c8b0e0c860e0a4
vishalmane109_200_200.__298.jpg,200,vishalmane109,CC0-1.0,37e761a4c4e3d3e0c525c4e4922321e4dfe398fe24436bca71c1705484d2f87e,c28408f8e040e6a4
vishalmane109_200_200.__3.jpg,200,vishalmane109,CC0-1.0,2951817cfdb9c614f34d37603cf5df42fc44e224d290d762d2656f11f484aab8,4932226612131b19
vishalmane109_200_200.__300.jpg,200,vishalmane109,CC0-1.0,f2ca277527a17d8777791f5c9d976d1127523840c08613a4af9b3e1fb6416724,60c29430f0e0e4a1
vishalmane109_200_200.__302.jpg,200,vishalmane109,CC0-1.0,43f37979866ac51cfc174cba130cd5c8bd37af75aadb283f8b2d71299fc064d6,e06060e0e0e24062
vishalmane109_200_200.__304.jpg,200,vishalmane109,CC0-1.0,4128e78b47b646bb28097ecde648a995fa865fdb32053262228fb434f8c5ecc6,94503020206262c2
vishalmane109_200_200.__306.jpg,200,vishalmane109,CC0-1.0,952d146b5bfec9449d697f588d7dd2710105c2daa14dd34603fbe49b4b3410af,496068b090d0c080
vishalmane109_200_200.__308.jpg,200,vishalmane109,CC0-1.0,a38a6b2ac50c784d132bdc5ee750c30aa6d23b52710efdb6a7a9d8cbbfd24752,c8e0e0e0e0f0b081
vishalmane109_200_200.__31.jpg,200,vishalmane109,CC0-1.0,c19c76bae837de7e57508ad27a47cb56ce31daf9ed1cb68eee9863dbf29bd6e9,92468e33733f384b
vishalmane109_200_200.__310.jpg,200,vishalmane109,CC0-1.0,947909754d1b551a82527d34932f00140addf35651faf2e3dd50c0b482dedc5a,daf0f0d060e0f199
vishalmane109_200_200.__312.jpg,200,vishalmane109,CC0-1.0,055b1e7313746b8e891ae1bd889c21ae9242afb7dfc2eee7bb54f4e640068d7c,c8d0e0e060f0f085
vishalmane109_200_200.__314.jpg,200,vishalmane109,CC0-1.0,c7dc263eeace92c88ecc76a5231b0af38beb5dd8056267977d132b703e653608,c8d8f064ec62a4e0
vishalmane109_200_200.__316.jpg,200,vishalmane109,CC0-1.0,f57f3c15b8bc23196a99a7bade04116bea6eae7b93badbe37d47dabe280cf7f0,f4f0e0c8c8c26761
vishalmane109_200_200.__318.jpg,200,vishalmane109,CC0-1.0,2217f729195d6b48f35fa3517e5351da8d7466113f16fba2590e701fe1b7ec0e,f0e0e4c4cde1c282
vishalmane109_200_200.__32.jpg,200,vishalmane109,CC0-1.0,d81b18cc5607ee8a614b59b762b33b73618695f969f9b67505c5bd94889c8e74,c0c9d3d2c3c94d8c
vishalmane109_200_200.__320.jpg,200,vishalmane109,CC0-1.0,c160c9df307debd4083babff8856979ee792de110482eb6e88ac3f577f3702f0,d8d0d0c0c8c88888
vishalmane109_200_200.__322.jpg,200,vishalmane109,CC0-1.0,c534a23cd83130537ced2f7aa0faf6ebc7d315a995818bcba278f8695c3538b8,c8d8e2c1b8f09030
vishalmane109_200_200.__324.jpg,200,vishalmane109,CC0-1.0,ee466da326d9a68e52a3da99ffe0adce5d0d07c4133ffbeb09aa9174f49502b2,e0c432f19230f4c4
vishalmane109_200_200.__326.jpg,200,vishalmane109,CC0-1.0,0af3e73be432be29394f6b751954e52f8ba6410ca8f8bbb2d7ef83d98e2a3d85,a626d0e0c88c8886
vishalmane109_200_200.__328.jpg,200,vishalmane109,CC0-1.0,116ffc4df339a42ffabf0c49c63aec7bfb5c639f2a070468e7c94d529dbba88c,52e2e0f0f0f8e0f0
vishalmane109_200_200.__33.jpg,200,vishalmane109,CC0-1.0,d1eac18f0cbb7a68bd8aa58cf0497a2d8c14f8c2340e46aec79ff6bde747a70f,0fcededecee6070b
vishalmane109_200_200.__330.jpg,200,vishalmane109,CC0-1.0,041e91369f22ffa4ff3572f3d64164c9a9a506689ae673a69b367e773e6f5a9a,b4b6e2f0f0707070
vishalmane109_200_200.__332.jpg,200,vishalmane109,CC0-1.0,b42a10cb4fd511e4b0b40e5380d81cdd06ecd4fd7f99512b91878d6a59e4148f,d868c8c0e0c5c1c4
vishalmane109_200_200.__334.jpg,200,vishalmane109,CC0-1.0,03fb17eb922608d481b897cdfb5e25bcbf00a755ca4efa7f8a39ba1c423b087f,28446468bc988a8a
vishalmane109_200_200.__336.jpg,200,vishalmane109,CC0-1.0,f9a97109d4b6e205cdd09d507c028912ee96a673d8751988155e1805fa14be5a,8471b0b0f0e0f0f2
vishalmane109_200_200.__34.jpg,200,vishalmane109,CC0-1.0,6d4687850ee14c5a4ecf3c17e53f2c8a867f2814bf512a548b076bc99b2bc9f1,3b073d1d195b3f74
vishalmane109_200_200.__340.jpg,200,vishalmane109,CC0-1.0,b4ab9f1d03c2870f99a58de7d4d309ef078024802cf07d7daaac0eae0bd943fe,c8d1e0ecbcd88816
vishalmane109_200_200.__342.jpg,200,vishalmane109,CC0-1.0,91f55f925f4e5bd12581f27f3a18d9458715aa54cd642ce32642a943979c9c7c,0cacc06494cc5896
vishalmane109_200_200.__344.jpg,200,vishalmane109,CC0-1.0,a72058bb85b818b0c1efbb89d9c768b6f8208736816c8bdc8ae7ab00baf3c073,c9eae4f4d6444c12
vishalmane109_200_200.__346.jpg,200,vishalmane109,CC0-1.0,7491dc58933ead7b48c9dbfed12e22cc0908db7eda15fe80e2ac83d04a4992a6,6670535b380c1b13
vishalmane109_200_200.__348.jpg,200,vishalmane109,CC0-1.0,f796ed824b92bd2652eefb1c8aa1502335420ecb2fdd482397ab346c6a500b53,22ba58c4f074782c
vishalmane109_200_200.__350.jpg,200,vishalmane109,CC0-1.0,be70741717d8631a9b20609ffffc7755d1a2985fd91c697c7ab1b6ff77ff1991,c113c0c0c0caca83
vishalmane109_200_200.__352.jpg,200,vishalmane109,CC0-1.0,d1831aee3dfa60f7c58dd7cf159c18522ba3dc73e44f6d3699ad59813886b162,91b126c2c0c0caca
vishalmane109_200_200.__354.jpg,200,vishalmane109,CC0-1.0,342a7150a25bd4f23a913113a41aa35675ab53cbc4d7d0ca0f4b8cc8558204ce,91e162d2c8cccac2
vishalmane109_200_200.__356.jpg,200,vishalmane109,CC0-1.0,5abdd269ad374971281430187c46e9d6dc5aa592c6bc169960c0be2c23b2d221,91e3e0809084c888
vishalmane109_200_200.__358.jpg,200,vishalmane109,CC0-1.0,b04c45fb4738b0ff0f0578686049ef236516d3b05f30dc86db873fed74b3e7cd,91e1c0c0d0c4c88c
vishalmane109_200_200.__36.jpg,200,vishalmane109,CC0-1.0,68f52bc0b94f5bf9fa709241d1bd9186a4b5017df0a6144d300cf2b310cdc4fd,3064e4ca9c0a0c89
vishalmane109_200_200.__360.jpg,200,vishalmane109,CC0-1.0,fbab9efc44ca950502988b4a0322fdd4b66aaf29d0f6b469b35c9a1db4acff94,1191ccc0c0e0e494
vishalmane109_200_200.__362.jpg,200,vishalmane109,CC0-1.0,ef290d389cea9f1d59303d568726711e37d2d51ce5eb9d2257a5db98b3aedca4,918186d0d0c0ec8c
vishalmane109_200_200.__364.jpg,200,vishalmane109,CC0-1.0,a874f4f2f683156206fdab1427d9f137af11d3c7308217276063ae68eeacbad8,11914cd0d8c0c0e4
vishalmane109_200_200.__366.jpg,200,vishalmane109,CC0-1.0,03926e7b421956f141b48b6b255433843967eba113589be08c83c166690f808e,8c9830c85ae6e4f2
vishalmane109_200_200.__368.jpg,200,vishalmane109,CC0-1.0,ffd88903ff509583a053a6527295040cebd378cf47d3942d90b2bc377c94a596,08722e9cb8e8e161
vishalmane109_200_200.__370.jpg,200,vishalmane109,CC0-1.0,184999baa8b20f296e61cdb39c9c53454cbab5f75b24e95ac1b592b04af14c47,10f3e65cf8e8e1f1
vishalmane109_200_200.__372.jpg,200,vishalmane109,CC0-1.0,d1ca65660c065f31b5484ade2c09f57a36048400e88b6c35466a7c146732d58f,6261b0f8f0ccc6c3
vishalmane109_200_200.__374.jpg,200,vishalmane109,CC0-1.0,e0edad3e68fe699f37faacdf7c1d9bda6760dd597816f3cd66531040baf17d96,7c7c706860e8f8e8
vishalmane109_200_200.__376.jpg,200,vishalmane109,CC0-1.0,63ddfae83269f35ef5e5aebca9bfcf583892147faa88dbf18cd81f4480967f95,303a7c7c70308880
vishalmane109_200_200.__378.jpg,200,vishalmane109,CC0-1.0,f541bdefe98ec04da197a8d78b9dedecc88e3f466433b9293cd5737a9ca9b2b5,d391d1d8f0f098c0
vishalmane109_200_200.__38.jpg,200,vishalmane109,CC0-1.0,67c135baa3dbe80b6aa5f35b9c08cbf5ad68b6b5092fbd1da8c272591f9669a1,8b1a4647470733dc
vishalmane109_200_200.__380.jpg,200,vishalmane109,CC0-1.0,897e6bd6b29049838dd201c847aef72819f2ceddf82a5daf6be5f0ee671dbdda,3d3fe46458584cce
vishalmane109_200_200.__382.jpg,200,vishalmane109,CC0-1.0,6bcd954df19e088294d30db84b9ba7f1b46311afc03360c84d738782a8d3b9bf,2f0d0e98d8bccc80
vishalmane109_200_200.__384.jpg,200,vishalmane109,CC0-1.0,94335f559c29ddbd1bc6ca8424401d9eabc092d9440b398bd08d5384f6058eb0,2e0d1a0eccc4cc9c
vishalmane109_200_200.__386.jpg,200,vishalmane109,CC0-1.0,4137fcff9762e7635a6b4f77f1e1666b3cae9c662ede1f3b553f51c07100ac14,262d0c0c706049c4
vishalmane109_200_200.__388.jpg,200,vishalmane109,CC0-1.0,fb835525c29d306cfb49a408ce5852f1932b61c570cca8c806e82bdcc3c5b8ff,2e2f0c0c70d0d1c9
vishalmane109_200_200.__390.jpg,200,vishalmane109,CC0-1.0,5b36a6116cb794593045982a3d421f752ca4edcde4d4f03e80f46c21c8b2aa9e,2e1f181cd8d890b0
vishalmane109_200_200.__392.jpg,200,vishalmane109,CC0-1.0,f39393558354375202cebead8b1ba549e551298c2fc015134eda5b3dedeb95d9,98f8b9f868606169
vishalmane109_200_200.__394.jpg,200,vishalmane109,CC0-1.0,e3ce7df8f4ce7084c708537996cd2f42e0cbf017d71883b4bd45aad87e0e1e2b,e0f2e6fb387870e1
vishalmane109_200_200.__396.jpg,200,vishalmane109,CC0-1.0,f240113e0d2edb4f8f96ad3a8ec8b34d75f62a32327b6d169b2c9dbef691d531,e0f0b0b030307070
vishalmane109_200_200.__398.jpg,200,vishalmane109,CC0-1.0,e657e2d7b9656934aac4a321cd656bd08ba462b141365cf8e561131c2c3b45b3,f0f1f1b879333038
vishalmane109_200_200.__400.jpg,200,vishalmane109,CC0-1.0,f21a70df145ef723c6b9f36697aae4b88f8e2306b62006e1fbe841cf18e464c6,f0f1f9d959193938
vishalmane109_200_200.__404.jpg,200,vishalmane109,CC0-1.0,03b92441d4499ab192c9b0cd8960056d02c73e7ed3fcf5b1961f4fb9192b4dd0,e0f1f131313034b7
vishalmane109_200_200.__406.jpg,200,vishalmane109,CC0-1.0,2bf8770027757230ff6b0e580a1cf6ab9975c7199fcb4b7d5e4b8ca5c1872c5d,38c0e462c0c4c0e0
vishalmane109_200_200.__408.jpg,200,vishalmane109,CC0-1.0,dae0fc59c94e5e62f67e78b7683f1bb7731d17ed2f379c35468d959e78b61dd9,f098d990d0c1e1e4
vishalmane109_200_200.__409.jpg,200,vishalmane109,CC0-1.0,076342f11d622f94c0786287417ead6922daf0572c4323ff832ff39f86c44db2,c4cce8d0c1f0d2b0
vishalmane109_200_200.__41.jpg,200,vishalmane109,CC0-1.0,f0ae616d099d5e78b9f6e9ff2460945c383eba666d55bfe24fee7528edd11f31,9a98667e5dd5c5f5
vishalmane109_200_200.__411.jpg,200,vishalmane109,CC0-1.0,85cc77d943bc62ef46128e9baab895c4e4a79a0d68b8164bd39a6dfc4d1eb374,74c4a4d8c9c0f8d8
vishalmane109_200_200.__412.jpg,200,vishalmane109,CC0-1.0,fb49fe7cfebea8cb4bf0139fd85f3dfd6f5ffc89ded139d1d5f81c3f52a66536,c9c868686ac64644
vishalmane109_200_200.__414.jpg,200,vishalmane109,CC0-1.0,18032db03c2d49f991f2369abd0c9f03b314c34f85a05b75e5868d392d3cc04d,f4742463e346c4e4
vishalmane109_200_200.__416.jpg,200,vishalmane109,CC0-1.0,4cc3865a6e293d7f11a1914c2d3771c32ecdbc273115115dbc822a13c59f7b15,9c6cc6c7c3c34a6c
vishalmane109_200_200.__418.jpg,200,vishalmane109,CC0-1.0,fefb4d4cd550724b282700e9313c95ccf5d3a4fb19e3005403a8ff10852e3dbc,c1c1e1e9e9f9f9f1
vishalmane109_200_200.__420.jpg,200,vishalmane109,CC0-1.0,bced3a64fd2d6ef2badc7bf1abcb493733ddce5945a2bde69888df1a44786c33,aee663c994a8d971
vishalmane109_200_200.__422.jpg,200,vishalmane109,CC0-1.0,2698501a2a7f09dece86d270ff3687f3b7f1f3f33d3cf36076b6ce0a8d6974c6,926bd9f0e264b058
vishalmane109_200_200.__424.jpg,200,vishalmane109,CC0-1.0,21125803f1bbec339c1bbeec1cb284ac430c280903ec08bbf50c486c1d0ef0d9,62dbb1e4c4f4f4d8
vishalmane109_200_200.__426.jpg,200,vishalmane109,CC0-1.0,0cc9c134aec120b13a26bf107008633b616e96f90912e6bbd71560d35900f131,e6f6ecececcdccfc
vishalmane109_200_200.__428.jpg,200,vishalmane109,CC0-1.0,505bdafd100984ddc80ae6e6a5c29b1fc59e286cbae40b7f3e1352d37e73849d,e6e2c373a5b5f0d8
vishalmane109_200_200.__429.jpg,200,vishalmane109,CC0-1.0,548ea282e2c9b3408f9fbef0c16afe86a9a0fc7a2566027e746c9888110524b5,5c3c2c2c38345cb4
vishalmane109_200_200.__43.jpg,200,vishalmane109,CC0-1.0,775334b61c32f063e067e8aef5fd5da8aff9a8b41aed330f189e25e754120339,a249633f293979c6
vishalmane109_200_200.__430.jpg,200,vishalmane109,CC0-1.0,e7ae3e75f69b51411ed38eb561e148b669b0857a38b6bfdec696b18710820a2c,5c3c2c2c2222498b
vishalmane109_200_200.__432.jpg,200,vishalmane109,CC0-1.0,aaaad5d9746c9d2934ddca03ddaa9d12887d5b54e41ffe0e866ab48c37d954fc,b1b0fbe1717060e4
vishalmane109_200_200.__434.jpg,200,vishalmane109,CC0-1.0,14d57203c36a99b2ca346a5037e4048b84aba7e2ae5d216aa5287a64e25da522,f1f1f4b861e1d0c8
vishalmane109_200_200.__435.jpg,200,vishalmane109,CC0-1.0,3ca0b3dceb8e0fdaed1b6f25448a040cf3e2af9b0bebcaa979a2bcf6d1af8a05,fcf2706061e2c2cb
vishalmane109_200_200.__436.jpg,200,vishalmane109,CC0-1.0,dd4adfa66c0c0c6afd5fe225f8fa195ce3ca2ff08463627a3c9f1b8b90856c09,000020c0ccd8f8b4
vishalmane109_200_200.__437.jpg,200,vishalmane109,CC0-1.0,5a1c93e118ed2f722d69ef54be814211dfbfb2cd207f120a10b71d5d4ae68707,0020606064fcd0ca
vishalmane109_200_200.__438.jpg,200,vishalmane109,CC0-1.0,73d7261d8f477b793438e264b4084d8a5598c0badfd35941e54ec100b6fb775e,e0e0a0b4b0a193d3
vishalmane109_200_200.__44.jpg,200,vishalmane109,CC0-1.0,f7e0d0f4e976de7adf4a6699ad33fa13d25f246fa18caafc34f975e730feef86,ca9ace8e8c89b21b
vishalmane109_200_200.__440.jpg,200,vishalmane109,CC0-1.0,676d6b261b4de593f30c2e923affb046e07b8173d734b5d397e77a725cf04ab7,f2a0f0f8f8d8e0e0
vishalmane109_200_200.__442.jpg,200,vishalmane109,CC0-1.0,9cfcd76b36eb5c5abdf4a2272acfc73b63d290f1eeb97f56b25c15609a96939e,d0e4f8f1f1b0d0c0
vishalmane109_200_200.__444.jpg,200,vishalmane109,CC0-1.0,9c6076b3d77d6a061e75485f348d77c349d0c52bca1aabf3dcd0cc2c3c50ddfa,c0e6f8f1f190d960
vishalmane109_200_200.__447.jpg,200,vishalmane109,CC0-1.0,ed5c86f0a10b9dbb534677ef00844a45a7d866e03c42ea53566103b5d10d4545,e2e6fc71b1d0c960
vishalmane109_200_200.__45.jpg,200,vishalmane109,CC0-1.0,338539cfef2e979025593b12a968a6549ea742dc8bd21c01ccddcd91146d0d7b,6b434646c6c6cee9
vishalmane109_200_200.__459.jpg,200,vishalmane109,CC0-1.0,7925f98c628438048f6bb05f5474a5424a2b3a2a9102641d08b4de18d5f8b982,ec69f8616171f9e9
vishalmane109_200_200.__461.jpg,200,vishalmane109,CC0-1.0,3829a171dae1c0d876a8749ddce0668e8888ac9d516d62b568fb508efbdcc98f,ecf9686161f1f9e0
vishalmane109_200_200.__462.jpg,200,vishalmane109,CC0-1.0,85f2fb3bc816c014d8ade6a3acd2838386e63dc0078473d3f546958e95c0717e,c0e0e0c0c8c9fc30
vishalmane109_200_200.__463.jpg,200,vishalmane109,CC0-1.0,87a4c87afa3b08832fde964d2095c37f700702b1981321f00d3ec2d9df40007e,e0c0c0d0d0f9fd70
vishalmane109_200_200.__468.jpg,200,vishalmane109,CC0-1.0,e2423b6f066d6e41f8e3657443dbac4441c54341c5e6e10f2e4464d80d3174ca,c4662ea4b8c8c8c4
vishalmane109_200_200.__47.jpg,200,vishalmane109,CC0-1.0,3c62a3e7e88af90dbe19640f2f33d8e78f59d22ddf90e71a46ee871add477dc2,cb1b3b3d3d352d7d
vishalmane109_200_200.__470.jpg,200,vishalmane109,CC0-1.0,3e5eec31ea01b8858d60c9a661b8d792acdd8f93993ab89ec21497a7aeabfdde,f2f4b4e4f0f1f9f2
vishalmane109_200_200.__472.jpg,200,vishalmane109,CC0-1.0,840a68046326c8e667c337457b729ce9c618b84395688065c1e8e7422c8c637e,dcf6f0f4eee460f0
vishalmane109_200_200.__473.jpg,200,vishalmane109,CC0-1.0,ad6dfee0d14989bf94d46748c0385db4fe3ad00b2be316185232822aee9a8136,e8f0f0f8fce8ece8
vishalmane109_200_200.__476.jpg,200,vishalmane109,CC0-1.0,35bc15a31ed7e4e9e8e1b4d54fd08ee1e90a4242b67419ac871e9e2f84031fdc,f0e0f0f0f0f0f0f0
vishalmane109_200_200.__478.jpg,200,vishalmane109,CC0-1.0,9b5cd06587788322ad095aea65141c678d2ee942020453104388b5049234e0ca,b0f0c8c8b0a2e688
vishalmane109_200_200.__48.jpg,200,vishalmane109,CC0-1.0,be85e821d1c10af3eafe05f0542497b1c7d02e32e5335f25ad1922361696bbbf,c074745d2d1d5cc4
vishalmane109_200_200.__480.jpg,200,vishalmane109,CC0-1.0,af1bbe6cc58da842f3a341a0dfb4eb28b9d6e031b904714696a7e4d2a1356ea4,f0e0e06434425637
vishalmane109_200_200.__482.jpg,200,vishalmane109,CC0-1.0,8825eacdbd135bf5fac249c5cce32e8a9745251776cf7487dfbfd6990f62e182,e8d9f9ece9e1c898
vishalmane109_200_200.__484.jpg,200,vishalmane109,CC0-1.0,cf4299a36282710cceb26a92ebd38878250e00b0d6df2c4b505db6b38e687b2c,dcdcb4eeefd3dcc9
vishalmane109_200_200.__486.jpg,200,vishalmane109,CC0-1.0,58738d13f05482534bd2a5576c7de0bbca4b6754a177198184537bd4a5a13e5d,c0c0f0f0e4646061
vishalmane109_200_200.__488.jpg,200,vishalmane109,CC0-1.0,f8c0ac03980e74038dde17f6e6ead6fc2265fb2ccf5a7522a3f2d072eb5a0e97,e094b0b1b1b1b0d8
vishalmane109_200_200.__49.jpg,200,vishalmane109,CC0-1.0,17e3964ae4fd160c6f0703c8eabb64d5a6ba1cde0d2e2f46aa345595562e07ed,8448d3d2c34b4dc8
vishalmane109_200_200.__495.jpg,200,vishalmane109,CC0-1.0,374ee8764474f794a35dbfce443dbb56b5d4178fe5b41c22a3f48c35b36fedae,c7fdfcd46666f2b1
vishalmane109_200_200.__497.jpg,200,vishalmane109,CC0-1.0,ab6db8db493fe0b273e3db228f1d1a3ca7781a122acc521363edb181e943786c,e09870b0b1b1b1f0
vishalmane109_200_200.__499.jpg,200,vishalmane109,CC0-1.0,2710e926cc1bd567983c8e7049acd8ca96aa14e4f02f244339dfadb2598832d5,e0e0e0f4e4b03030
vishalmane109_200_200.__50.jpg,200,vishalmane109,CC0-1.0,74da0bd7afc66c41ce9ad829e5e70c1191d3f082949ef02932ac47a921ae22ef,8059413719393941
vishalmane109_200_200.__51.jpg,200,vishalmane109,CC0-1.0,af59d6545b355d3a838213310ed3795f22169dc48297a57280453fdaf86977b7,b6dd93938389cd89
vishalmane109_200_200.__52.jpg,200,vishalmane109,CC0-1.0,399e0850040d79a06858179ad7989233451287fd0c539116cd05c0a961ab59d3,cce4dcdcdcd8e8e0
vishalmane109_200_200.__55.jpg,200,vishalmane109,CC0-1.0,800ab701d66e2fb8748a1af1fc3f7d561e2302196ac062cb3b5d8cdf6373abec,2fba969f9e96923e
vishalmane109_200_200.__58.jpg,200,vishalmane109,CC0-1.0,0bf786f61519373b02885a0b910695c39a7dc449c66b57db8dd0460463f2959a,ee2f9c9c1e9959e0
vishalmane109_200_200.__59.jpg,200,vishalmane109,CC0-1.0,e084b7f2d5d164374a87262efbac05f4f08ddef306b0ad4a3f5278a00cb6954a,dabf8e8e8c8da11b
vishalmane109_200_200.__63.jpg,200,vishalmane109,CC0-1.0,ec78f6a5b8dec48c3b6b76ec965200c43f54993ac0c43205bf39b874258da838,692b2f4f47471b49
vishalmane109_200_200.__64.jpg,200,vishalmane109,CC0-1.0,f0b5d6530798e9db9446d1c3552a5ba310a82930be58f85820db1769a7cafb37,414b53434323252c
vishalmane109_200_200.__65.jpg,200,vishalmane109,CC0-1.0,0611bfcda4076c49b89c02e65e42f59cdec9661372d89ba20bbd0372592b23ef,cdca2e9c9c59c898
vishalmane109_200_200.__68.jpg,200,vishalmane109,CC0-1.0,ea3f4947f20220712a8c2072f61e1fae43d9d4af2ffddeddd78d20dfdbf46b43,f1f2d363733372e2
vishalmane109_200_200.__69.jpg,200,vishalmane109,CC0-1.0,a3e3d20ea69742c03f16bae017c41db92fd0c4b080a4e306888630bcd3f9f7f7,3d3f2b3939311b61
vishalmane109_200_200.__70.jpg,200,vishalmane109,CC0-1.0,6448598605d5231cf2c08eb298d15c1ae7bff59829b01a0f440f00e0fb991504,782eb71c9ddd6b69
vishalmane109_200_200.__71.jpg,200,vishalmane109,CC0-1.0,594c1f1a6092184e25ecee936e8f6704cec285a100cdb242099975ca80ac79bd,dd4fbc9c9c9959e6
vishalmane109_200_200.__74.jpg,200,vishalmane109,CC0-1.0,c83fa894317d3407c074434f93405d94b705d56445c8d80cda293cffb6d4b1b4,ffdbad9e9e9c5d68
vishalmane109_200_200.__78.jpg,200,vishalmane109,CC0-1.0,78f0c0bb4cbca2c5bb02bf323ef725a7de85b1a720921add44ab71a7a57512d8,e6f849458513e0b0
vishalmane109_200_200.__79.jpg,200,vishalmane109,CC0-1.0,f8443e8135881088abe64949b2701800be298d0b2b0831cf25ce1486244dbc15,a6d9d39383c94d88
vishalmane109_200_200.__80.jpg,200,vishalmane109,CC0-1.0,70b723f564599e0cf340107bb1d230767cae7a95e984484afe17024112620a8e,f8f8e8dcd8d8e8cc
vishalmane109_200_200.__82.jpg,200,vishalmane109,CC0-1.0,1541e012e91330b0fce6c8065e6f4966a195c2fd9bfff6c42932449aef44b31c,0233c50f0e9c88c8
vishalmane109_200_200.__84.jpg,200,vishalmane109,CC0-1.0,83beda6f34577bc92893beda5dddbc363be0740852b69d5ec4d5441285e234b6,00842c1c194c60c0
vishalmane109_200_200.__85.jpg,200,vishalmane109,CC0-1.0,ec1f042e03a91fbfb53bb5835c3d3631f6c3e200d5852224af9ed806b54adcaa,03070f3d9f1f3f6f
vishalmane109_200_200.__89.jpg,200,vishalmane109,CC0-1.0,182e693e831944a7ec483aa4c8e70faf97ed61cea3606f394663437a5acad4bf,078f8f8b87878783
vishalmane109_200_200.__9.jpg,200,vishalmane109,CC0-1.0,b0872f64eeac1c7e1da9a9915ba74c58784db3b0e8a28e15ad95513af8864fce,f8289cdcccc888f0
vishalmane109_200_200.__90.jpg,200,vishalmane109,CC0-1.0,78f9bab586e4633f2bd8fe406059bebe864232def559d47db820903617107e58,ac9c1dc88e938b89
vishalmane109_200_200.__91.jpg,200,vishalmane109,CC0-1.0,067b3ee4f7cff955b337d17d398015506083337c170c47f64ee46f99720061f4,2b1f1b6b4b47474b
vishalmane109_200_200.__93.jpg,200,vishalmane109,CC0-1.0,123a1bf5508d13d96571c16834d9c07ff824c4a25ae16a58fb0b1bcce6ae346f,819397878b4b8980
vishalmane109_200_200.__94.jpg,200,vishalmane109,CC0-1.0,bf67f15f449f69b1326172c4e07264766a667728e7ace71338a3af8c5742fb4a,2d1d1d6943474b4b
vishalmane109_200_200.__95.jpg,200,vishalmane109,CC0-1.0,0c750c5e30eca29879951fde6cb4f2d617daec8e8b54a2cffb0207bd3be82560,2d1c5d4dcdd34b49
vishalmane109_200_200.__96.jpg,200,vishalmane109,CC0-1.0,ff87bb4b9660366f7e612796e57c02930453bffdf70b4d18ab663e73c39a6e09,439b59e9f9d1ca8b
vishalmane109_200_200.__97.jpg,200,vishalmane109,CC0-1.0,7605efdffd12e78d0a4b32b5d37d03763f52c3f0ffcd746b648817b731e65269,cc9c584448484848
vishalmane109_200_200.__98.jpg,200,vishalmane109,CC0-1.0,67c771c7afb1045730662dd556858e1b552a20e3cb3f153063c961c6c3abb829,aa9e9adad2c6ceca
vishalmane109_200_200.__99.jpg,200,vishalmane109,CC0-1.0,e306530b7acc0403a1631f36af728abd32543550bc04017e6125bc9254b9822d,9e4d8b696565e687
vishalmane109_20_20__0.jpg,20,vishalmane109,CC0-1.0,3abea52d508649a4bbff9c3398656c6c65d59b9405c46788874ac70bc3cc351d,6270f0e1f1f0a40d
vishalmane109_20_20__1.jpg,20,vishalmane109,CC0-1.0,5c1a53ea35dad28b7a16027e24c53a2a1a60a09ff29a017c850118ec1ff3f0ad,92f0e83c707ce881
vishalmane109_20_20__10.jpg,20,vishalmane109,CC0-1.0,bdc882af5407c1641aefdf28f282969486fe2f9119d6b3b8fbb8ae21f5e00a98,9c8f973b272e0e04
vishalmane109_20_20__100.jpg,20,vishalmane109,CC0-1.0,9995de5c6175905a0c749b52036cb7e497f41152bf64589b9ee9ab10d3e2493e,4c4989c9c98b8b48
vishalmane109_20_20__101.jpg,20,vishalmane109,CC0-1.0,1eae9ce03390418e0edd002c2a34532d27b884afa7a842c9814adcd8dd9af165,317953e6c7c3fefe
vishalmane109_20_20__102.jpg,20,vishalmane109,CC0-1.0,c335bc7a13528563080dbe583af5d5ef9282e75bd51a2e2bda77aac4e6ef343f,07074d19d9995b13
vishalmane109_20_20__103.jpg,20,vishalmane109,CC0-1.0,838871af91bcc7d7bab393120102ec9ff90892cbef1485e8b4e31a5430815954,5b6f737969796123
vishalmane109_20_20__104.jpg,20,vishalmane109,CC0-1.0,bf0728beb3a6c397cbf9fc813570f9b0735e1758c16d8e216c52979febdd1a58,ad35786a79792523
vishalmane109_20_20__105.jpg,20,vishalmane109,CC0-1.0,f9071b8d53aa050e8816304fa437f3befd9e7dd2d640d86e7b33fd6382a12d06,9a34f0e969ccbe72
vishalmane109_20_20__106.jpg,20,vishalmane109,CC0-1.0,6ee8d63f28f71ac021b498db616fdabd657a5ba95ff3c5047c1b1689926c44d7,3479f1d9d9d9dc7e
vishalmane109_20_20__108.jpg,20,vishalmane109,CC0-1.0,58bc13ffbd5733aa58ef524ab869c4ec585c3749e749839c0b3e2e14f1715e3e,737ada62c1c3f2fe
vishalmane109_20_20__109.jpg,20,vishalmane109,CC0-1.0,f3fa91d97848e35af6014d636483aa5ad5d61ad7ce7db8750f742a6e2b92da8d,98b86c6cfd793991
vishalmane109_20_20__11.jpg,20,vishalmane109,CC0-1.0,5197f025b2a83e4219e3ea006f21aff78326d8f3af1e9730b2ff4f31f03c3825,030323c1e9313337
vishalmane109_20_20__110.jpg,20,vishalmane109,CC0-1.0,f20d729f7d348003b431285c38b3c0f5616bc16115e16b34029967281333b7fd,7278a1b0e4cce6fd
vishalmane109_20_20__111.jpg,20,vishalmane109,CC0-1.0,6efbb043f0bddc1cb91216e53f32e9830f79ffb7d2db22c27fcf71f4a6e7a6f7,25f3e369c8e8e1c6
vishalmane109_20_20__112.jpg,20,vishalmane109,CC0-1.0,507d09fb19bff489947eba6d83f9a142abbadaf31c95ab56410579d205a6dedb,21f2c9ecded8e1e6
vishalmane109_20_20__113.jpg,20,vishalmane109,CC0-1.0,b2e7e2174e7c407db39771b844a557a2754e57e2ba33ba2d5e1acf9f9f76e713,117161f2e4e4252e
vishalmane109_20_20__114.jpg,20,vishalmane109,CC0-1.0,7338547a6f8d915161beabc59c626e307cf101f9019b952f9619f5881af3b5d6,f3c8f071c93ff8c0
vishalmane109_20_20__115.jpg,20,vishalmane109,CC0-1.0,956795a3e0f5ac4c99de0339ace90e81ae0a330a502494cc328f38c3bdd8b52d,39f9f8e9e1039078
vishalmane109_20_20__116.jpg,20,vishalmane109,CC0-1.0,6ae6615c5beb3f1fec43af2f3ae774a9f177ac83f9ca9cfac1bd0f100de548f2,31fbb8e8e17279c1
vishalmane109_20_20__117.jpg,20,vishalmane109,CC0-1.0,4b72d0a2208325e88b044565de00c7f0dff3933b76f570a55c51180657bc9abc,86e0fcf8697880c9
vishalmane109_20_20__118.jpg,20,vishalmane109,CC0-1.0,5ee48635eac09b21d086731f76bd08ba2189761c31472b8feb344ba4b62d2dac,ee9acac0e0f07233
vishalmane109_20_20__119.jpg,20,vishalmane109,CC0-1.0,42a4a5df2fb1ea9aae320c0f1219a7818f71bd6abada54027132df65c3c094aa,3832e2f070f0ce1f
vishalmane109_20_20__12.jpg,20,vishalmane109,CC0-1.0,61b885ab24148e31fd9a1f2384b6d0bf3ba7ef1a80663544a18be5f9d2889cb4,cc5810d0f0f0dc8c
vishalmane109_20_20__120.jpg,20,vishalmane109,CC0-1.0,8c5276de640a99d8bd33aef838490bf85d50f621b7aa91ccacc956c1b5f706e0,f0e034acc4c8a496
vishalmane109_20_20__121.jpg,20,vishalmane109,CC0-1.0,0736a95b3851f4b5d8324a178ad3f89791ff3b4c86d3edb943a5bbbbeb5e1cef,f0b2f1c0d4c0810d
vishalmane109_20_20__122.jpg,20,vishalmane109,CC0-1.0,388d7975b3e0e4662a623446f440a97c6aca43e6805016ba5fdfa7f7d51af9ec,09f9f0fc7860e386
vishalmane109_20_20__123.jpg,20,vishalmane109,CC0-1.0,dd542cf2f9962ff9b6b5682386a032930ae87b2de89c33c446d2ab0dc05aeb78,9138447d6060b098
vishalmane109_20_20__124.jpg,20,vishalmane109,CC0-1.0,d74c2496879c3badd0f5254d0214e2a8bc4d7f3e15bb5191791abc5aa6ffa393,c4cccccc0485c626
vishalmane109_20_20__125.jpg,20,vishalmane109,CC0-1.0,2cc0fe3b2ca7cc80757f636930ad3d2fdeb5dab8fbd477dfb2a5edcff4ef080e,989c9d5959d9e2e2
vishalmane109_20_20__126.jpg,20,vishalmane109,CC0-1.0,36d65f90ce3cec67e230b72a01832533f319e08c148e68df50b78b4e085217b1,30307070703e1c4e
vishalmane109_20_20__127.jpg,20,vishalmane109,CC0-1.0,57c4394ac8ed900ef9bf84fd2851014d96d955358a9b68b095e7e0767f9d24a5,8c84f8f0f0e0e183
vishalmane109_20_20__128.jpg,20,vishalmane109,CC0-1.0,246e7e4db4d646afb670f7e06cb46c800133614f9988c3c27a30e31bc4567561,2d78d8e0e0f07cfc
vishalmane109_20_20__129.jpg,20,vishalmane109,CC0-1.0,006fa4b3fe61d4e77e9d9c116ef5c1a276200a40445e165704c91978cbc5873b,59d962b6de6ee2fd
vishalmane109_20_20__13.jpg,20,vishalmane109,CC0-1.0,5724c57a7988691a16a953047b01a2a4f8e36524ca9a9194806de196036089ee,27032765e9313333
vishalmane109_20_20__130.jpg,20,vishalmane109,CC0-1.0,b9c67335ea7789daa7c75764d26fca239b9c9bc563d5b076c9051dcd63fa6e4f,69c9e9e9f9f9e3d9
vishalmane109_20_20__131.jpg,20,vishalmane109,CC0-1.0,fbc6abb960828d723b2b1084f18962a740acc97926f1e81c0af71b5074b73b19,f9f9f8d9f8f8f9f9
vishalmane109_20_20__132.jpg,20,vishalmane109,CC0-1.0,3c0c9e8fc1e4f32514a60b085790b55f31c99e5e96df04dcd42a61730bc836a5,50f8f9387971f2ec
vishalmane109_20_20__133.jpg,20,vishalmane109,CC0-1.0,f8dbf34d934368a39d6536c2ac7b63d1b2e7f8e1d105848bfefd53ca874643d1,b2d8f8f0f0e0f47d
vishalmane109_20_20__134.jpg,20,vishalmane109,CC0-1.0,c5fbaea7ec976f96cd3c8fc602ec28eef434281430d865afa4ca096d2e10e3b1,b2f0e8f97978fef1
vishalmane109_20_20__135.jpg,20,vishalmane109,CC0-1.0,057b146c34970d09264d642b8aa81c9c32664d28f3ff98cb3d2214a6adafb56f,2464e1d1f0c0ecfc
vishalmane109_20_20__137.jpg,20,vishalmane109,CC0-1.0,3d44772056f2d3207c10de28c036b9865eee48cef13985ef8394e07e4a33e0c7,6ee4f0d3d0d8f8e0
vishalmane109_20_20__138.jpg,20,vishalmane109,CC0-1.0,4c00f84741464afa321a93ad2921c88eeeea8a1cd157d1a382d9efd0fa74d463,1939785872f3d9dd
vishalmane109_20_20__139.jpg,20,vishalmane109,CC0-1.0,3608259f075064889639767524cb84a832590e92182dd3b59a7b48d8a86d6da5,1cb9e8c0c6c1e17e
vishalmane109_20_20__14.jpg,20,vishalmane109,CC0-1.0,fe9dfe7dc2d460b50a1641ab338b6881b298537eeb3c055816cf008440e8148a,030343c1e1333363
vishalmane109_20_20__140.jpg,20,vishalmane109,CC0-1.0,8e7273869f1039aed2292873db09b49dcec7cf842a9ddfb219459ec33455c21d,19716094c6f3d9fe
vishalmane109_20_20__141.jpg,20,vishalmane109,CC0-1.0,4a035a9fa7e6e2ac6b23ca45fa3313350216bb8e83400c09a7344534347a2776,c046f6f0fcff9f19
vishalmane109_20_20__142.jpg,20,vishalmane109,CC0-1.0,ca532230c5103e1aada3306bb165b6bbf34b09cd1b48b87c01e5105689037495,62e6ecfcf6f4e42e
vishalmane109_20_20__143.jpg,20,vishalmane109,CC0-1.0,4015ba2919446350bc688bd0b51fe0cd65fd8f3fd9cd692d982476a977287230,70e27078ffdd5cec
vishalmane109_20_20__144.jpg,20,vishalmane109,CC0-1.0,753bc6bb2dc848f3aa0cef0a60e368936cf927764f442af8275e347affd79acf,1369e9c8dcf0e434
vishalmane109_20_20__145.jpg,20,vishalmane109,CC0-1.0,1ad9c6bec9eedb0e00567aae10a1df344e71780de59949f3761de58e6f7326b4,2653f1f1e46061ad
vishalmane109_20_20__146.jpg,20,vishalmane109,CC0-1.0,f4541fe8369741ea3a37cc9db2f6c6c0af861e0f87707248eba506c704bb427a,b93643e1f1f15b65
vishalmane109_20_20__147.jpg,20,vishalmane109,CC0-1.0,246031207b4e1250153605735b519d9eae4bf370139533de327f20c3066de713,ccdcf8b19d914a69
vishalmane109_20_20__148.jpg,20,vishalmane109,CC0-1.0,f8b15507fe6501ba071f60abdbeae3a7589460caa7e0ae445eb0b41eb076d9b5,77a7b1f084341cc1
vishalmane109_20_20__149.jpg,20,vishalmane109,CC0-1.0,eb9074372fc990aae275149bd8a0a6acfdae68848f511c436c0d471d5068c768,96b335343a333223
vishalmane109_20_20__15.jpg,20,vishalmane109,CC0-1.0,85cbbb5d5dfed65d941c76a21be702faa82bbe42a0d6887708df608694659ed2,03430371e1b33333
vishalmane109_20_20__150.jpg,20,vishalmane109,CC0-1.0,72430b8b424e3adbc4a2616b44f69c0d8607ad835e9a38e8c1ce66a156d0bbbb,e6a7f0e4687872ed
vishalmane109_20_20__151.jpg,20,vishalmane109,CC0-1.0,a02001fd527544d16ded56d264d67dd235ad4a5c7d60678ee40583c5b737d758,3de7b7b3b64686e8
vishalmane109_20_20__152.jpg,20,vishalmane109,CC0-1.0,f32803ee86579dd5c34f447e13cfcd9eaab27ec17d2a61a0cf56e1698abc5659,cfcfe3f8e8d4f4d8
vishalmane109_20_20__153.jpg,20,vishalmane109,CC0-1.0,5fce6b8f75d02618cacba883bf0323bf6c6bf3f4a687f95457205699828936fe,f0b83065e9f9f172
vishalmane109_20_20__154.jpg,20,vishalmane109,CC0-1.0,420e2cc1bfab135df9f743ca19aab36056f1e21c4495e38b4005e9b9c736b0dd,3b7767e3f2f0e0cd
vishalmane109_20_20__155.jpg,20,vishalmane109,CC0-1.0,8ea13173f247227e830348650b703cc8e3566228223ff7db8e3a7d3703622e1b,836030303173469c
vishalmane109_20_20__156.jpg,20,vishalmane109,CC0-1.0,46a52931f43936b5fe746d8ff1d768c17fc20bcd0e82226866cd91a70fb943a3,ce2e7af0f0b49adf
vishalmane109_20_20__157.jpg,20,vishalmane109,CC0-1.0,d6d40759e903e0d56350440528a3f45f8a07fec8b4409655e2a5e144aeac8943,1974cdc4d6fff0e1
vishalmane109_20_20__158.jpg,20,vishalmane109,CC0-1.0,41ebc5c6191be7eba99bc8002cb5fababb87574f3fe9871620273f16872fc132,8d80c8e434e1c9f2
vishalmane109_20_20__159.jpg,20,vishalmane109,CC0-1.0,a8f17551d12568eb3d70e0df56f1dfc3d1d549774f0012e621b02547cbae99c8,72d0d8d8f8f0f9cd
vishalmane109_20_20__16.jpg,20,vishalmane109,CC0-1.0,79233d6839d221276f7a6c732cc73890169b075a39cdba6fd36cef7be99f9739,03030565e1b33723
vishalmane109_20_20__160.jpg,20,vishalmane109,CC0-1.0,136b557e99ef8693aeeb4c7243bc108e069c0c4682118d7826bbe5130b6c9dd4,ca8989e1e0c2b2f0
vishalmane109_20_20__161.jpg,20,vishalmane109,CC0-1.0,48d5362680083ce6d2c0261c201e14b636edae24aa5d3a260a462f6186c7d28c,f9b866b3dcd8f1a5
vishalmane109_20_20__162.jpg,20,vishalmane109,CC0-1.0,f4f2d00cc0db94fe7632444ea3e3df6149d57a7475f543a5a7ca6a4cd707c2e8,7cbc9ce6f2f6cc61
vishalmane109_20_20__163.jpg,20,vishalmane109,CC0-1.0,6ff9de82aebb74b81547e3e11215acfda5b5f02b83abb448f93640cd041b0e83,decc6d79fcf9fc7e
vishalmane109_20_20__164.jpg,20,vishalmane109,CC0-1.0,d1ed06b88112bf864be4e17e3068c3130515f5dd29a0d2012020b348ff4fb197,59fbfb697972f2e2
vishalmane109_20_20__165.jpg,20,vishalmane109,CC0-1.0,5aa3092c634da87e04004a3c0fe63abd04a7545f9fc8429f9d8f631b79779422,6d76f1f9e2e2e6e0
vishalmane109_20_20__166.jpg,20,vishalmane109,CC0-1.0,3cb92afba5c440d90bd0286dd4670db5637abded01e0275ca758187911bfd81b,3374d0c8e0e971e0
vishalmane109_20_20__167.jpg,20,vishalmane109,CC0-1.0,40605bad61763fc2962979ace7ec48b67e166fb46c1396cd8a613e81fdb6eda8,b371f836dcf83472
vishalmane109_20_20__168.jpg,20,vishalmane109,CC0-1.0,3e6b8919a5417b6fc747b7d7ae774a0a6c420043c83c1483da4c7460dcc7a626,a68191693987e7ee
vishalmane109_20_20__169.jpg,20,vishalmane109,CC0-1.0,ca8fcb9af3fbca8199043a3f481d491183de21b005570a90702c6e15f2aa2e8f,84237372b0b0b6b3
vishalmane109_20_20__17.jpg,20,vishalmane109,CC0-1.0,37f57d60167c40cc4fda8ad6aec3e58b605f22e2746422f352c26c3fb2451b60,8983f2b1e4091010
vishalmane109_20_20__170.jpg,20,vishalmane109,CC0-1.0,106b76f39c9fd768d57432fc441bbc3eef11a748a8fb1b2c365dacc8a37a4572,4dce9ebcaca8b230
vishalmane109_20_20__171.jpg,20,vishalmane109,CC0-1.0,a2d534e8115cd2043a4c1ec6689c2156b916cd66330e9bc32c9a0eca447d3efd,45c76362c8d191f8
vishalmane109_20_20__172.jpg,20,vishalmane109,CC0-1.0,ff6ed94b01162622a77ca0346baa3eb64af6753877a86175c98cd3cd088e15c8,2b7276e4f4fcfcf9
vishalmane109_20_20__173.jpg,20,vishalmane109,CC0-1.0,4f07f28f054b01e7e919d8c46dcf8ad248b4ab01d8d8c62b6a2fee662f2b22a4,8f4d49d8c9c8c3cd
vishalmane109_20_20__174.jpg,20,vishalmane109,CC0-1.0,1b87e3288175fed68c75ad9fd45e8cbf40fda8d5b706df72c998642826272bb2,c7c692787834363f
vishalmane109_20_20__175.jpg,20,vishalmane109,CC0-1.0,dd191cb3689fd3b6994a73fbd863b76643257c61f01740e992ab28620d07b14b,9b735ad2b1f1f0da
vishalmane109_20_20__176.jpg,20,vishalmane109,CC0-1.0,1541e1c3cb2240e9d413336463afacf628063aabddd3cf8d689f6552daed82d4,8f9ada94d0b02aa8
vishalmane109_20_20__177.jpg,20,vishalmane109,CC0-1.0,ac83f54837a74598ba48d0f1fb6d9b881db6d0f6ebc3fb4ba26d48270de35735,67fad260e0b63252
vishalmane109_20_20__178.jpg,20,vishalmane109,CC0-1.0,04e9f5f7a11744744101f649c7f39167f7e20f29cd22058e86339278c313d3bd,e8fc3af67efcfc7e
vishalmane109_20_20__179.jpg,20,vishalmane109,CC0-1.0,8aaa919513713da3bcc5ab6a2d9ea93f502d6f7803b7c47a34a5aeac6fd7cd35,872262e486b9b989
vishalmane109_20_20__18.jpg,20,vishalmane109,CC0-1.0,e2ecbc9141156dcc3c8148209162b7a9cc4628ada57a9ffddcb0bdcb194180b1,034305e5cd9d37b7
vishalmane109_20_20__180.jpg,20,vishalmane109,CC0-1.0,f2cd3e795fb9de9efa12abdb4de38fe907903e7f66af35688116a70b4a5396d9,f9f9f2d2971f3ffe
vishalmane109_20_20__181.jpg,20,vishalmane109,CC0-1.0,58481a68dd23438b42e89f1d7f0d73ac584adfa689e96047b0bf06dbe245ecca,a56223e5e5666451
vishalmane109_20_20__182.jpg,20,vishalmane109,CC0-1.0,b1187a885e7395b39fbbb5562db0de056a914abacf08b9decead4b31399976b1,ebe832b6befcf8f0
vishalmane109_20_20__183.jpg,20,vishalmane109,CC0-1.0,3bcd34b7b41bfd8c65c24e34944520ec34e7be66444ce34df9425b93ed60f376,6fda9a2c8a8a84c9
vishalmane109_20_20__184.jpg,20,vishalmane109,CC0-1.0,66a7e6cd27684e413937a1e0b5ac3e1da3bdd296ac6abc4d6d17866c7f8fa924,ed8fc4c4eebcfe7f
vishalmane109_20_20__185.jpg,20,vishalmane109,CC0-1.0,816265da966fb6ce8e0bc41dde4db0142dd6e72f5929ea05960b4b2e48744c48,ed8fc266eebefa7f
vishalmane109_20_20__186.jpg,20,vishalmane109,CC0-1.0,9a9af955bc92681fafd9cebf334111987d78c9f3af458e5a9fa87bce72228f31,6fdac2de8eeeda47
vishalmane109_20_20__187.jpg,20,vishalmane109,CC0-1.0,f3ef2fd7bbc60cd37aaab42d2a99b5a6c79fab4d1519f4cb5f45fa262ca09a26,eff8ed9ce860ec74
vishalmane109_20_20__188.jpg,20,vishalmane109,CC0-1.0,ef1a78f4bb44acc0e0c5f4a38e6880d4471fb519bfbbff43cc592534d024c90d,2a8c888c8d5db6ad
vishalmane109_20_20__189.jpg,20,vishalmane109,CC0-1.0,82b890af2be625b338d602f344d985d70245b0ea5cee580445955d07484c0605,cfdff9f0e1f0e5e3
vishalmane109_20_20__19.jpg,20,vishalmane109,CC0-1.0,fae008f6416f10e8087e819c3b72948b92ed88e30abfa61926c0271dbe042990,cc6e6e6e2e2e2ecd
vishalmane109_20_20__190.jpg,20,vishalmane109,CC0-1.0,514e9f478747feb001b4fea85bf997e810bd5627ecf24e683e20a3dda1933da8,ebc9cd6df7f63eff
vishalmane109_20_20__191.jpg,20,vishalmane109,CC0-1.0,cf3a131c1f6f8ec0baf4508a1e324cf8d25db25c90f9d0f7b6aa6a1e938dd405,646171f1d189a1b0
vishalmane109_20_20__192.jpg,20,vishalmane109,CC0-1.0,462eb4dc5dfc5ab10a806b5eea5a687ce7af75fa660fd7961da2d3f8ef8b0eb5,3e2661f9bc78dbd0
vishalmane109_20_20__193.jpg,20,vishalmane109,CC0-1.0,e0f750178c57959aa46bd9da93f67da2cc1be07ddf66819004c57f0f4776a9c6,f97dc8e9296063e6
vishalmane109_20_20__194.jpg,20,vishalmane109,CC0-1.0,ccf8381a411a4d6e580744ac4be0ecd6dfe7184f684bc462c8bf2759c93bf022,0048d888887921b5
vishalmane109_20_20__195.jpg,20,vishalmane109,CC0-1.0,915e21124b8832fb1795877637aff7ad9cff189069070aba74373390d1107a3f,dcf43cf8b9b9f9f1
vishalmane109_20_20__196.jpg,20,vishalmane109,CC0-1.0,b8ae1bb164c27db28ed59eedf2d76d5dc8f7f0f386d251619f28dae43570cd80,cfcba6f7d13931f0
vishalmane109_20_20__198.jpg,20,vishalmane109,CC0-1.0,155a2695d7b6a45e6e551bb1b110a40f162bacdc4e07193a8e7241f115ce4f2f,d67c7870326666e7
vishalmane109_20_20__199.jpg,20,vishalmane109,CC0-1.0,2330d26e519ee6e4bc8c15f3dc7ffea03bba425635de8d47b05f6b356944b2eb,71e3c1a9f8f8fc7f
vishalmane109_20_20__2.jpg,20,vishalmane109,CC0-1.0,edd7b5b9df78bec7de332537c513ad625b8aefd2029ac34d370b704cb756394c,232127071f0f2531
vishalmane109_20_20__20.jpg,20,vishalmane109,CC0-1.0,94ddebcb9d49e91c3c621432d7a34b97bc53410317c9543bdf88befcdf148734,fcfcac5971e2ec3c
vishalmane109_20_20__200.jpg,20,vishalmane109,CC0-1.0,0336482c58417395b8fff06a7bb7d1794635b413364fd4e1614a55cb7639103d,bcb9a9f3f3f2e4e4
vishalmane109_20_20__201.jpg,20,vishalmane109,CC0-1.0,8ec90267b898674fb40e6636af11ec0b83fcd161b0032a30bfbc13999ae226f1,f3c3c8d9d9799cbf
vishalmane109_20_20__202.jpg,20,vishalmane109,CC0-1.0,a5fa57bf16d61de19a79be9fb5c8093cf661b7717e17a384ae538541425a83c6,cbc3c1e1f2f2f1e1
vishalmane109_20_20__203.jpg,20,vishalmane109,CC0-1.0,3aafaf57d5f4d5cb2df625de8ba32ebe86e293f579779e3bf481059e8900a9c9,e7ca588c842cfeb7
vishalmane109_20_20__204.jpg,20,vishalmane109,CC0-1.0,222bdbb1f1705bf53d97eebfb09d7f49a81af1730df684547a9be77b65ebd600,e71977767efcfdfd
vishalmane109_20_20__205.jpg,20,vishalmane109,CC0-1.0,f588583264c02378dedca6d08bed34017f6ab7a2a869be632e26a5508c2fc455,0102a6a62e2623a7
vishalmane109_20_20__206.jpg,20,vishalmane109,CC0-1.0,dec705cf7bf36171b09dfd9ed5f2594e687ef01cf0d7207d407245fdf8ab44be,56f0e8f8fafaef7c
vishalmane109_20_20__207.jpg,20,vishalmane109,CC0-1.0,29695fa857a43c43d01815be86d6f7706768db85f99d3407fb6a6fc1880848d6,f0d4e1c858d88c0f
vishalmane109_20_20__208.jpg,20,vishalmane109,CC0-1.0,f4da51b998f82a2450dc077f26cbe12b03dca578fb497e0d921b1d0235cb92d4,b034f1f0f0588dcf
vishalmane109_20_20__209.jpg,20,vishalmane109,CC0-1.0,f21410a42df8e5b357fbce60659a7417c490531fccd3958088ea84c3db20c5db,2072a4b4e4eef881
vishalmane109_20_20__21.jpg,20,vishalmane109,CC0-1.0,feabd6f3ef180972924aea4a65549912b274f38f833f6f9bd5663952c9a3ae68,ccc8d69383cf4f98
vishalmane109_20_20__210.jpg,20,vishalmane109,CC0-1.0,8e5f45236b3d49e6313e16731ac12d988a149e6c7415c5c783f64d604b3033ca,4f67756965652121
vishalmane109_20_20__211.jpg,20,vishalmane109,CC0-1.0,9cbdc6942119cc0a1a91da202b6083f39d37d4efa3e0ad7071d9bbbe774ebc1d,0064c691e0f4eac9
vishalmane109_20_20__212.jpg,20,vishalmane109,CC0-1.0,b9647829cf5e03c4a2edac4ffb231d36acdcb49ce116b3a4f20d624755cbb3e8,9387c0ccd45a484c
vishalmane109_20_20__213.jpg,20,vishalmane109,CC0-1.0,5909ea9cc10bfed24388ab724a9a566254509b176e830995d821c623e1c6e43c,f2687969717969cd
vishalmane109_20_20__214.jpg,20,vishalmane109,CC0-1.0,b608e754a789bccadaf222d7eff6fe51db121d97bd9b073fe8fb0aa8d108550c,68688c6c5c99b333
vishalmane109_20_20__215.jpg,20,vishalmane109,CC0-1.0,1d99efbed96a85fa26691bb474dc83917df285252f9470388cf1debe7ea39a9e,81e03698b4f87b3c
vishalmane109_20_20__216.jpg,20,vishalmane109,CC0-1.0,b26a29f98074ad6702d3329adf4e08175162e540ab04360764955f616da2a2f6,3f33c0e2f2d0fcfc
vishalmane109_20_20__217.jpg,20,vishalmane109,CC0-1.0,fc646811499ead4d9a61e12a749d768b5afceae8b544936d4cb2155b8449690a,6c3cb0f0f0a0a448
vishalmane109_20_20__218.jpg,20,vishalmane109,CC0-1.0,2b3769ecc18d31ec7e73b5af638827ee5b20d0160a6a9d937cee91c268ff61ed,8d737066e6f8f3e7
vishalmane109_20_20__219.jpg,20,vishalmane109,CC0-1.0,5cf9cd53171e8b6f80a7aab28b2e4b400ba76455c23fbd26e316fa701c0aadb1,a198acacbc2b8e15
vishalmane109_20_20__22.jpg,20,vishalmane109,CC0-1.0,7d7c24a28c14aa543ab64e5cebb8135330db4188fbbafeee6d7f7871ca0a0d70,3319c6c6d6ce6809
vishalmane109_20_20__220.jpg,20,vishalmane109,CC0-1.0,c966246d9de93269f0b04abde276c77d9bbb92b94e51550fc5f04f47c1f748eb,23637361edfabe9e
vishalmane109_20_20__221.jpg,20,vishalmane109,CC0-1.0,5724d647c1a2bc16997581cc76b7f4da6021902e1eba50bfb45e90d27023e11c,e6dacc3e36faf09c
vishalmane109_20_20__222.jpg,20,vishalmane109,CC0-1.0,53b106bd125173539e9cae17c7b6c3bdc3267d3ebdfd8c4b355fe7e266ca7624,e1f2f43c26cee200
vishalmane109_20_20__223.jpg,20,vishalmane109,CC0-1.0,6b0cba3e7bca34d019edd883849540ac777110ccf556b00f6e58fa20487b9b5f,d8f2e486e6ccf0b2
vishalmane109_20_20__224.jpg,20,vishalmane109,CC0-1.0,16fb9ce67b946943436ff61897c8793b407323b43d11c4e7aea1f79b2a42abfe,0624687878585804
vishalmane109_20_20__225.jpg,20,vishalmane109,CC0-1.0,4be6e3f25ded55876f12b1c0aef956349e798968730f85f855b2cc3686c0b9c5,08e6f6f6d68ef6c0
vishalmane109_20_20__227.jpg,20,vishalmane109,CC0-1.0,f89f2e75e5b0a642f763fee2092b506a52a7e087ef0553fbffcd8ebd245b7722,2070c9f3931f7fce
vishalmane109_20_20__228.jpg,20,vishalmane109,CC0-1.0,c85e3c3cfeae360e232bbda5b895cff8ccefbe41d343174495b4c5aa59e7f8b6,20e0b333abdaedfd
vishalmane109_20_20__229.jpg,20,vishalmane109,CC0-1.0,d649e4142e4c51573fe9af7573855e05ee5d2d7d7fcfbe42a3ea7040c1f6cf3a,33f7f16c6c633311
vishalmane109_20_20__23.jpg,20,vishalmane109,CC0-1.0,b3741de11164575faba46d9cc1432f9b7cbde2651d209a588c829256ca31a989,cdd398b8726361b0
vishalmane109_20_20__230.jpg,20,vishalmane109,CC0-1.0,a22bb629fd0ec3d53af51a2b95d7d6106a11cda52ccb64d900a1579b3500a3c1,c7b3b0a4d45c5059
vishalmane109_20_20__231.jpg,20,vishalmane109,CC0-1.0,d448fba262ddd55a1c0ffb19ec573ed61c81b80d28718fe5e15a2b64fe52f591,3818727072f0b0f8
vishalmane109_20_20__232.jpg,20,vishalmane109,CC0-1.0,294f78e0737c7366c857deef23909c8fb06dc9eacee4e0773c08de831e1cb08e,003068303030a020
vishalmane109_20_20__233.jpg,20,vishalmane109,CC0-1.0,bf8ec3f905f744af827f11b04a9e6fd11296a672e0876452089df0a67970fbf2,0030684060688820
vishalmane109_20_20__234.jpg,20,vishalmane109,CC0-1.0,e4080816134aab1d55f75af6d288fb9ca25d8ab3b10d0634521d3c834dfdda10,617bb96870383816
vishalmane109_20_20__235.jpg,20,vishalmane109,CC0-1.0,ba11d2a2298575274bb33f4ca255d5516445e64d0c4147e7fca08929761c60b8,db938340c8989827
vishalmane109_20_20__236.jpg,20,vishalmane109,CC0-1.0,c7121e3db7aa5bb04f685620d90fe79a68d2e729de004be2acdef36cb2c0660e,272faf68ecfc3c75
vishalmane109_20_20__237.jpg,20,vishalmane109,CC0-1.0,13f669f66a27ba3023d3557673af94a4dd994bcf6c572f5772a232a12e08fb37,2f0feef0e0f7f7bd
vishalmane109_20_20__238.jpg,20,vishalmane109,CC0-1.0,a0a332398c75305656efe2a006f7d4804a03cedc8e107d5c84e88b069d960c38,02d0fdf1f323bbdc
vishalmane109_20_20__239.jpg,20,vishalmane109,CC0-1.0,3eaec45d801e601ad2ab8e2c5b0ff385353b5d426d1b8cf31e58842eff9ff3ff,7e01bbe3e3d39f3c
vishalmane109_20_20__24.jpg,20,vishalmane109,CC0-1.0,1300f69e99f4397c67c4499cba39e3caba493d7d9b46207f9fe3008efe50ecea,4022075b55071641
vishalmane109_20_20__240.jpg,20,vishalmane109,CC0-1.0,d6fdff53d6e3724acac8d93d942eefa20742c30ebe5f33017a7c57ae9773c4ed,d0488e2f4f6f7357
vishalmane109_20_20__241.jpg,20,vishalmane109,CC0-1.0,8c07e92721957c9329bd23492ff0a8323d5696f566ee5426f0586a01748628fc,07c3c87c780c1e06
vishalmane109_20_20__242.jpg,20,vishalmane109,CC0-1.0,ebad89b6ae981844f6caf478a66b0407bd2ad6dbde7b443861487f7e696c8d81,181bbfdfaf7c75e7
vishalmane109_20_20__243.jpg,20,vishalmane109,CC0-1.0,87503cf6b95f8ab5bbb050da00a7127c44e7c69435ab6088aff2c7a5e8588b8f,7fe1830313c96101
vishalmane109_20_20__244.jpg,20,vishalmane109,CC0-1.0,d1027b6e1be8284482a331a6557ddccf7d8acdc092121bdb20887cfbd7a58935,60f8f8bd9b737fff
vishalmane109_20_20__245.jpg,20,vishalmane109,CC0-1.0,13d712d5e1f2d21316a13b85f3f05b77d75d5a3614579da624b61e07019f42c6,4dccf4f0fcf8f8cc
vishalmane109_20_20__246.jpg,20,vishalmane109,CC0-1.0,b103cfcf2e2427280b9accbe24c121c2744d9654f0044f180ef51570064a57b8,1a307078a0e8f4f9
vishalmane109_20_20__247.jpg,20,vishalmane109,CC0-1.0,03ebcdb53203afb379b60eaef7082a87802efaa85a5cb980c50440a2b6bcce2d,6f3f5c7c70e4c078
vishalmane109_20_20__248.jpg,20,vishalmane109,CC0-1.0,12dd98e7631ec1dd7af02fd0d4e16020ea5ecd77a013c79027fe1ee9f67dae2b,230d391723133121
vishalmane109_20_20__249.jpg,20,vishalmane109,CC0-1.0,1fc7d28c5cfc53b5db1b73405a467c678dfaa2bfc1e7af4763264e6477133c24,707cb9f9f0f8dcf6
vishalmane109_20_20__25.jpg,20,vishalmane109,CC0-1.0,86b51a5bc54b09660e4698406ad00d329d63f5b247a49c01ee36b665a226692a,be37d7d5d4d6179b
vishalmane109_20_20__250.jpg,20,vishalmane109,CC0-1.0,38917c0707093f709be0072d6e7cb5c98825cee776acb5cdcbabe0c272732700,535947d7cfddedf9
vishalmane109_20_20__251.jpg,20,vishalmane109,CC0-1.0,877180379bac78c5fa5cde2b16dadc2e8f29f905d31b5c88f2ac941439b0c96f,0b13133b13030721
vishalmane109_20_20__252.jpg,20,vishalmane109,CC0-1.0,c19ecbf64348b1f8782ee1de0e33df1f162c0057a2679df51f3bbf1b9cfd103b,71694d7d7d7b3941
vishalmane109_20_20__253.jpg,20,vishalmane109,CC0-1.0,99a4428969fa71597913357fc333e477b351c89811cbbf5466c94ae939a17e9f,e07272e0f0fe3e6f
vishalmane109_20_20__254.jpg,20,vishalmane109,CC0-1.0,e43f7b9b8284208f1249fafae7e9acb725051d1bae7c10015fcf1194c2c87e07,21053d1303133105
vishalmane109_20_20__255.jpg,20,vishalmane109,CC0-1.0,ea5b76956cab33b553f91dede61cbab6c57d39f9d51ccdb11d1342915f315e57,fe8cf890e2b03460
vishalmane109_20_20__256.jpg,20,vishalmane109,CC0-1.0,567b5f392bb4f15728b569b6490c51a3ddfead827a1fe6bca084f2f5a7e8a7b9,90786969e9c8f9c1
vishalmane109_20_20__257.jpg,20,vishalmane109,CC0-1.0,cdf199f10a829b4cfc2c33c546efca52b9a12690a04e7eb28d15e68b2706e33e,80d87cf8d898c086
vishalmane109_20_20__258.jpg,20,vishalmane109,CC0-1.0,9492c5af0e241597d4f48b270f1d38bcd7de004a2b6050b3655a429b46aab900,92b2e96ac2f8e806
vishalmane109_20_20__259.jpg,20,vishalmane109,CC0-1.0,b9370dbfb0b24e20fcaafa66099f59c0c08fc52deb49e60ef8d0db7ff9c09713,8c7cb2f2dc8cf272
vishalmane109_20_20__26.jpg,20,vishalmane109,CC0-1.0,4b37a6316f5f7f9678e0ea8b53a99b7c096199016173089b23c881e04397f4d1,03333f33330f1f0b
vishalmane109_20_20__260.jpg,20,vishalmane109,CC0-1.0,b1a120834965297c13a13dee964a02e2991169f552f699bbcd8eb6acb969e62a,e3e2d161b079f89c
vishalmane109_20_20__261.jpg,20,vishalmane109,CC0-1.0,dc59e04a726437137be2095a38f2aa4a6b7e7d1a91d87db3244c56241040ee35,210d3d132333312d
vishalmane109_20_20__262.jpg,20,vishalmane109,CC0-1.0,8a5e375b89a4a3a12f24a73089421d2af5c5fd2ac2ceaa84be05ae8623eb8b90,3270f0b474f4f171
vishalmane109_20_20__263.jpg,20,vishalmane109,CC0-1.0,dfca419ccd4601a8ebed98a220f7208aec90f82a140c708b3cb7a5cff210af1a,b232f9f1727878ba
vishalmane109_20_20__264.jpg,20,vishalmane109,CC0-1.0,6a8ceb56a5d5215911d9c06722e6fc09b45bec7e82991e501414a39505cd02df,3278f13272b2f42c
vishalmane109_20_20__265.jpg,20,vishalmane109,CC0-1.0,ac339dfa1460052ca9d9e70238784ab82e1325d51f45674bab73c3b21aa28b8a,6efbf9c9ebb3b2a3
vishalmane109_20_20__266.jpg,20,vishalmane109,CC0-1.0,825ce9e78e3aa0257548c2707188a8bdc74f772987a59d5460be86b9bf2e1338,39d3c0d0e0a00100
vishalmane109_20_20__267.jpg,20,vishalmane109,CC0-1.0,bc2cbe2a27890d0ab6f43b020e5925fb2ff5d39adef2fef9e427c995ac6a0e3f,0967316965716101
vishalmane109_20_20__268.jpg,20,vishalmane109,CC0-1.0,4b831d8393ee92fe5d91f599df893a6c76b3f3188e011cb7b9e30ff41571d1cd,c5c4ccc8c9d8c2e2
vishalmane109_20_20__269.jpg,20,vishalmane109,CC0-1.0,c45117c2678f9e4d393504ee6e1ca2654a4c70ae975b2f473b00e709169af84a,6169712531496521
vishalmane109_20_20__27.jpg,20,vishalmane109,CC0-1.0,ba0f00a68ceb7b41b723229fb4980b4a1391e7db9e510bfbc0d15cd8183b8318,1ffcecc8c8cac8c1
vishalmane109_20_20__270.jpg,20,vishalmane109,CC0-1.0,f4a52fb950fc971040cfa75e5dcc87d3d55ff4472f7a234af001eefde0ba394d,849292b391d2c2e3
vishalmane109_20_20__271.jpg,20,vishalmane109,CC0-1.0,dc11ed8a898b185571a694391f7f5f5464813e0dd330493d39539f62005081c7,8c874313bbb39246
vishalmane109_20_20__272.jpg,20,vishalmane109,CC0-1.0,0d32e52ab89d6999ac546a551a8528e38561edcb32731f0d0958bae00e704dde,e6d8cdc7735b53d3
vishalmane109_20_20__273.jpg,20,vishalmane109,CC0-1.0,4cf50a0d9401a297e49763cada61d15dc31b71543b138badf6969492df53661b,c18bb939cb6b6a63
vishalmane109_20_20__274.jpg,20,vishalmane109,CC0-1.0,b9f866a9514e20a6ae155392232ba3b1c84cc2db54fa9fddfa83682e1c7c0ae7,e3cbaa3969ee6665
vishalmane109_20_20__275.jpg,20,vishalmane109,CC0-1.0,6feace45c18b927aa7526030f8c8f9f8259754fb44a4d1b6538eea31bb9b0053,63d3c22b33504646
vishalmane109_20_20__276.jpg,20,vishalmane109,CC0-1.0,107bb8f37f40f9db095c0a630ecdcc86a9c9274a59d04b0d2d2e89ad701510f2,dae66e7274683419
vishalmane109_20_20__277.jpg,20,vishalmane109,CC0-1.0,647991d0e4be057ddc57f9c53ce55e8720a9989ac5799cec6b3d19f87096c337,4511717130301889
vishalmane109_20_20__278.jpg,20,vishalmane109,CC0-1.0,a77030b53c6f718c6866a0c7a77e606cc8bad5a5acb3d6313bc1edf943697f63,4352616160444949
vishalmane109_20_20__279.jpg,20,vishalmane109,CC0-1.0,c39687ffbc55cdde9082926366e541a4e73e28304906dfcf23ee224e9d3bc6cf,e32663f2f0d95190
vishalmane109_20_20__28.jpg,20,vishalmane109,CC0-1.0,79b395e37ad34ad3ddadfcdc25c1da867070aca8b39a719ebc64a7ac61b69dc3,c45bd3d3cb4b4dc8
vishalmane109_20_20__280.jpg,20,vishalmane109,CC0-1.0,e6feeac15ba760014ddfb6d5525585d9d31e9042396ea145f326794020383061,cb3c78e8ece4e4ff
vishalmane109_20_20__281.jpg,20,vishalmane109,CC0-1.0,91645b4d4a83a061b968007f3fe6a4417271c050d6c2df512ade86fbcfaa3c24,4dc9849c98c23333
vishalmane109_20_20__282.jpg,20,vishalmane109,CC0-1.0,04507e6b0ce9500f876fdf6c00bc4887011a9b424ceb1d91ce9478ca53b4d934,476cd6969cc82523
vishalmane109_20_20__283.jpg,20,vishalmane109,CC0-1.0,349d71bf9fe79476bfcfbe5a7a0432551913ee7f2e795e87b191e121ce7fbacc,c7666a82b631785b
vishalmane109_20_20__284.jpg,20,vishalmane109,CC0-1.0,c0144d117229e7ed07c925c47e0e234de7399c1d02484461b39d9aa4a00c7ea0,c6a666c686bab3a7
vishalmane109_20_20__285.jpg,20,vishalmane109,CC0-1.0,8a44201fc81c7277c0e31bda4e0e1044481001cb7edbcf8ddacb286dcbea5b42,c64e4cd3c9c89199
vishalmane109_20_20__286.jpg,20,vishalmane109,CC0-1.0,17b0801435ae8bb52c04cf8f8ea80fe1b874ec06148f9bde7337fc795873b79d,c6c66d6676d6ac3b
vishalmane109_20_20__287.jpg,20,vishalmane109,CC0-1.0,aca7a085ee022cd7061521e76443d898c7dc6c25a1156bd5a635b63c10f6b62b,2d1d0d094153470b
vishalmane109_20_20__288.jpg,20,vishalmane109,CC0-1.0,170d886d55a28b5965efcfc0f221402a328223d24d9ab0b099c4607fdb99e4b8,d86d1d1d1d198ce4
vishalmane109_20_20__289.jpg,20,vishalmane109,CC0-1.0,54b39e5e4dc15918e7c135d25db432916ac68ecbd5bec74ea971d5c525870d7e,2e1c1989ecd3d34f
vishalmane109_20_20__29.jpg,20,vishalmane109,CC0-1.0,8221bf0c95b88a1cd5a2cdfbb606848218ebeb3256f19327065dd0fbc3ca085f,696d494949494b59
vishalmane109_20_20__291.jpg,20,vishalmane109,CC0-1.0,915770e6dca5344cff18acfab81b911124ba19cb140d84deb1b47d5f5abcd9b2,946a6e1e1e1d0da2
vishalmane109_20_20__292.jpg,20,vishalmane109,CC0-1.0,490d0716360ef8d1c91045eefe23ce3ee61e563eb59c963f8bba64ec14b613fe,6e1c1c0ccc93834d
vishalmane109_20_20__293.jpg,20,vishalmane109,CC0-1.0,5043984e6c2feb47bf8a62be30be7cedcdb7f21a5bb0817e2aef660a72881c62,0c8cd093c34f8880
vishalmane109_20_20__294.jpg,20,vishalmane109,CC0-1.0,95eda66a4804d21d6b9670c2694db80114b732f96e13dbd1e4c30e91db927bee,a782f21b1a99e9a1
vishalmane109_20_20__296.jpg,20,vishalmane109,CC0-1.0,dbf054e38885f070aacac2c6f6ad6d7b236c68f917ea892f44b3ef5569413954,13e0acceccca3805
vishalmane109_20_20__297.jpg,20,vishalmane109,CC0-1.0,f25086160196f58db0c4d7252e733536e7bb961c6e083db3f9fe08fa6c5fce1b,681c1c8cd8d3c5cd
vishalmane109_20_20__298.jpg,20,vishalmane109,CC0-1.0,039a572f93c7d6993971ccb62afeebd2eefd8434f4fa5875f7325f20d1c25e11,ecdcdcc8ccd4c6ce
vishalmane109_20_20__3.jpg,20,vishalmane109,CC0-1.0,6c6d9c0bc9357a15cff0d1f16c083bac628d34b2e82a9559728257541c3ace4b,91bb61f1f1e1fedc
vishalmane109_20_20__30.jpg,20,vishalmane109,CC0-1.0,46afd9e95f42c5e0408d2df5454b6c62b1fa7390cd45777abeadfff91785324f,cc6666242c2e464d
vishalmane109_20_20__300.jpg,20,vishalmane109,CC0-1.0,40f70684920bc314ccbd39c0a0a584d3e91e40f2c301bb32fdd8bff71a51a049,cc49cb895c662e4e
vishalmane109_20_20__301.jpg,20,vishalmane109,CC0-1.0,60514f305f69c732503cfc3a4c4d90c7b8f983804df8d2880f15cbdbcc8204a1,4d4949496c362e4d
vishalmane109_20_20__302.jpg,20,vishalmane109,CC0-1.0,8a782af8a6add909784c7bb24f30a758d8eb9e2b5a499aef848f048ca2f1b157,0d4957d3434f0b59
vishalmane109_20_20__304.jpg,20,vishalmane109,CC0-1.0,14ccb1545a10f3f4813d9829b31944e12d268da9565dd84f38a556c9e3859a3a,6a1c1c0dd493c74d
vishalmane109_20_20__305.jpg,20,vishalmane109,CC0-1.0,a188b2933ba9cfdb9b93f1db0cf8d979eb6550c6957266d6c36f5308b32eb717,c8aa9c9c9c9aaee0
vishalmane109_20_20__306.jpg,20,vishalmane109,CC0-1.0,aafbe0913c386d1872cb82d2c179ad117712e5a4f0390dfa5688108a92cda276,4b5bdbd3391b1b0b
vishalmane109_20_20__307.jpg,20,vishalmane109,CC0-1.0,74ed95deb1bd79a88bb11fd0f65b1a7d6f8b9215ca3b089bced693907de19c7d,b3b2d17971f88033
vishalmane109_20_20__308.jpg,20,vishalmane109,CC0-1.0,edac156e1e7820453562d95520132859eadb07e049994d0ffb2b652e9a1e7c1b,ccdcccccccc4c4cc
vishalmane109_20_20__309.jpg,20,vishalmane109,CC0-1.0,2bd3953dcddd07219239664f118d25fb2f20a4e5fcfecd10601d437cf3291d75,1715959595c50713
vishalmane109_20_20__31.jpg,20,vishalmane109,CC0-1.0,4fe4f6f5e00778ddfea628d1e84789ba357f7f2343c94496f76bc6dabd9aaa58,ea2f9e1c1c1949c4
vishalmane109_20_20__310.jpg,20,vishalmane109,CC0-1.0,a7a800e42adb46b4b31d7145c90f802cfb59b01e5b309f8b68c429fea10e321c,c8c8c8c8f0a6ace4
vishalmane109_20_20__311.jpg,20,vishalmane109,CC0-1.0,6e9612dd35e5595888b3894801690ee2c6899361e54ad6428a95194eaef4dd20,494dc9c9c9cbcb69
vishalmane109_20_20__312.jpg,20,vishalmane109,CC0-1.0,36d6ecb759f502315a9f9ba91c29283c08d7a616f9fb0d054e1ddb8f9bf732d3,4949494949496d4d
vishalmane109_20_20__313.jpg,20,vishalmane109,CC0-1.0,0e1cc60c298db1da4dc98d663a54cfbda2740451a6073d496a4bd5a8e1d41453,ecdcc8c8e8d6c6cc
vishalmane109_20_20__314.jpg,20,vishalmane109,CC0-1.0,b7bcc23ac82a8102759b453a7d88ab0dea60eaffbc7de199952edb80a6ef9000,e3626426a6242424
vishalmane109_20_20__315.jpg,20,vishalmane109,CC0-1.0,8803a1363db415dc0d8715aca4fc55b0e0558a762e1418f06676ec2957767eee,cdc9cbcbec3eac8e
vishalmane109_20_20__316.jpg,20,vishalmane109,CC0-1.0,f38091ec51e89f268233441833b566b9ca5c26ffa9016a6c31962523f8d637a1,7b0993d3434e3f32
vishalmane109_20_20__317.jpg,20,vishalmane109,CC0-1.0,55e35a430283a34b6f3d42b69fa37495e4a57487bcd1e987ed4020ac8c71185e,694949494d652d4d
vishalmane109_20_20__318.jpg,20,vishalmane109,CC0-1.0,da5242aa8ebd6795a1c91f13854e643ae299d88d11aa8461c67b35397ee6d4e7,b24ccc88c8ca4c03
vishalmane109_20_20__319.jpg,20,vishalmane109,CC0-1.0,79153bb46b6cebec75ca9eeac92be3eabdfdd492d571fa5e4c39c46f3f7c9147,2e6653372525445f
vishalmane109_20_20__32.jpg,20,vishalmane109,CC0-1.0,f179ef9d6f3955a26d5ee62f320c8337198a423afd66a51f60a18c7de7d483d1,ccc8f0f4ec7c30b2
vishalmane109_20_20__320.jpg,20,vishalmane109,CC0-1.0,644a6b351818f55b0e046b213c134ed812a112993956796a52f80287f69f3fd8,4cd4c8c8c14d4949
vishalmane109_20_20__321.jpg,20,vishalmane109,CC0-1.0,6a363d33cf199af7698ca8789dda4051f1dd24dd5b0c0eccace0f4061cfb6d59,ece064ececc968f0
vishalmane109_20_20__323.jpg,20,vishalmane109,CC0-1.0,56856444f585bd59976b1de77c9187d1c8733bf41ad7c760a43b60d0b0c1e1de,f0ecc8e9c8cae8f8
vishalmane109_20_20__325.jpg,20,vishalmane109,CC0-1.0,fecaaf40b0ca3fa89fda988f4d38adee9b84edffef1b882711e8adac52be8ebf,4d4c88c8c8cbc949
vishalmane109_20_20__326.jpg,20,vishalmane109,CC0-1.0,6a959903206ea421619d7f01006bd045b3ea148fac5d9d8d07c699fbfcc871b9,e8ccacacacaab83c
vishalmane109_20_20__327.jpg,20,vishalmane109,CC0-1.0,177449123a3956984b0c10258307bc2f2da4ab8c92900342e0cd95d137e006f5,c0c888c8c8c2c080
vishalmane109_20_20__328.jpg,20,vishalmane109,CC0-1.0,688b98873a3ff2024d6efdb6e9ce29f331ba65c26ca03fd3efc5ec0b795de68d,f3830d5d47673f3f
vishalmane109_20_20__329.jpg,20,vishalmane109,CC0-1.0,39d966fcd5e06cabe0ede9c9259c35fe7ae0b0b8a9b4f106be47e6772d05f761,6b4b434b3d2d0f61
vishalmane109_20_20__330.jpg,20,vishalmane109,CC0-1.0,f84d32a7d08fb85e6c10d69ebe98d52147ab2e36197e444375413ad7304a61d4,e0c0ccc9c9ca0903
vishalmane109_20_20__331.jpg,20,vishalmane109,CC0-1.0,ad8b7939327eda1cbfef71a9cab0495610aa213b4fd00b0803810289a0820a4c,db9e1f1713139bdb
vishalmane109_20_20__332.jpg,20,vishalmane109,CC0-1.0,ecdea6cef8cde107502a86c32d97cb72f93dfeb025ec4773f8a0ed85a7e74886,012e96d486a25901
vishalmane109_20_20__334.jpg,20,vishalmane109,CC0-1.0,791ac394738e40d0c9705bf99813b42b0f6dd412efa4d6f879dd055b0c648370,9bc2ece9c9f0f3c7
vishalmane109_20_20__335.jpg,20,vishalmane109,CC0-1.0,328495ba98246414103ed7635aadce3d1d21f6e4e9ae33c24a6704219916e3b5,cac8cac284a4ac8e
vishalmane109_20_20__336.jpg,20,vishalmane109,CC0-1.0,8cc0cd042d6011a87a6881f2bd24c67b6a06baabd3cda09cf3d42d2e68255aaa,86b6ae8ec888caca
vishalmane109_20_20__337.jpg,20,vishalmane109,CC0-1.0,b9f51621e1adc3131fd89692d14e76852e5e6b18a3a9ee5c7456abb88b0d09e5,dcd9c8dadacada78
vishalmane109_20_20__338.jpg,20,vishalmane109,CC0-1.0,648f7a176a85e90c4f2b4a2dcb0195ca83a8baa5917c55602bceff60122edb30,99d1616060e4d6cb
vishalmane109_20_20__34.jpg,20,vishalmane109,CC0-1.0,a846c857c22cd5c437fcd3a2ea194b5c6abb12d2b75a5bed89fc584928b47fc8,3b2b4ec64e4e291b
vishalmane109_20_20__340.jpg,20,vishalmane109,CC0-1.0,6df312c1ad6cab06b8209de1df5d59afa1397a4f1d93a2f299de3d9aa0734fd8,010069555d490049
vishalmane109_20_20__341.jpg,20,vishalmane109,CC0-1.0,ba9fca67588c5081d062ef421e03611c3d58604a6d5862dbb1aeb38ee01d6e76,4949c949652c0d4d
vishalmane109_20_20__343.jpg,20,vishalmane109,CC0-1.0,f94f1a206931fc4e8f962e6a7c88746a08e157de51dd7541a90f8d5a5327a12c,e4656076b61c3a26
vishalmane109_20_20__344.jpg,20,vishalmane109,CC0-1.0,854ea94e1f561a698c68162151a3a75d5bcdae51a9c99df60cf321c18eb0ca0b,231b792d1d1d1909
vishalmane109_20_20__345.jpg,20,vishalmane109,CC0-1.0,887aab47ff150c905b71df625f659fdef703c691fb65a6fe8a8f1df4ba064173,b838f8e0642024c3
vishalmane109_20_20__346.jpg,20,vishalmane109,CC0-1.0,abc5d5a42dc952c1126c98a153ad0dbed4a6cfdddf409936ae3877a7e5086449,0c7ce8989a88c2c0
vishalmane109_20_20__347.jpg,20,vishalmane109,CC0-1.0,d4b896561b13779c08d9ca2e05054a0f0b0103909ed693dae2e365b548ff4ab0,e3e6a6a9acacf494
vishalmane109_20_20__348.jpg,20,vishalmane109,CC0-1.0,16b68c51fcdd3422a39271812ae04431dada046d82f7e7b1f80fed3277f3aaa2,ae9c9c8accd2c28a
vishalmane109_20_20__349.jpg,20,vishalmane109,CC0-1.0,45646086275e5d22f4375a944249fc96f97db23a6e86937dbc23c586f0558eb5,4c4d89c9c9c98bb8
vishalmane109_20_20__35.jpg,20,vishalmane109,CC0-1.0,cec2b87bc5aaeeb35fdd258979cf3f3123f38508da25d55eff2ca82bf0b55a13,401e1e0686062616
vishalmane109_20_20__351.jpg,20,vishalmane109,CC0-1.0,e7f49e2f1973812a993e538d32c428719205889617238f9abdf37bfea11677cd,ae9694869c9086ae
vishalmane109_20_20__352.jpg,20,vishalmane109,CC0-1.0,122c2f3ece6e517300974835cee58c4bcb74da6d198c9652aff19e50b0d4e8d9,d25e1a4c4c2d7045
vishalmane109_20_20__353.jpg,20,vishalmane109,CC0-1.0,4e37e2f2f23cfb5536adef6a7519f0fac8d1a10f90c413fc59a74a3269f3851e,019191610b264661
vishalmane109_20_20__354.jpg,20,vishalmane109,CC0-1.0,a377ef70ab3655e61cd5d6049e1b6af62b96429657bb097f91df9db7efdc32fa,30c33b0b4b038316
vishalmane109_20_20__355.jpg,20,vishalmane109,CC0-1.0,8f41453fcbe9d7dff59319bd26af0e8acbb85b23ba95e0bba4d9bb7517ee5efb,e561636762923e74
vishalmane109_20_20__356.jpg,20,vishalmane109,CC0-1.0,a12c50193aaf85ce07038280fbe839651dd244a119a1ffa16f32bbc8cbbe390f,4449213551c3d494
vishalmane109_20_20__357.jpg,20,vishalmane109,CC0-1.0,b70b18e0e8dd4ab88ae1027a74a85cfb7ef0c93f3b520e46589a17d21d46647f,4dc8cacad6662e0e
vishalmane109_20_20__358.jpg,20,vishalmane109,CC0-1.0,da2b3ad33778023993195c2f05cffc0cdce147b160599a03ffea8f2b8dbab1d6,f8f8cde9379cf066
vishalmane109_20_20__359.jpg,20,vishalmane109,CC0-1.0,7dc405c2ee4859e4bf583dacdbbc946add0e7edd0765bf4eab00a17e280e806e,1b1b1a5ada99d9db
vishalmane109_20_20__360.jpg,20,vishalmane109,CC0-1.0,35f07a9f641906b78571db1659155095e392ae045dc00fd2830946e008a67d16,a1dcd898cecaee40
vishalmane109_20_20__361.jpg,20,vishalmane109,CC0-1.0,36a2e2ed369a18fc5c0cdb235a9da15e5c7bcc04d5fba0dc33d0996732710ce7,ba9a8aa6868a80e8
vishalmane109_20_20__362.jpg,20,vishalmane109,CC0-1.0,b8cd5408e189606cb1795ca8c5676976d07ca8dc1832d542c3bc72293eaf417a,61f490949094e527
vishalmane109_20_20__363.jpg,20,vishalmane109,CC0-1.0,1016c5ad57556ccfcb947b9711f1d843a5a3910262e7241170a9d07b45e433c7,174b4f1e1d0cc3c0
vishalmane109_20_20__364.jpg,20,vishalmane109,CC0-1.0,166f206c8c9cd755e412e568a3f121340a3c6d181b3391b87e313dd113152bff,0837332305898d09
vishalmane109_20_20__365.jpg,20,vishalmane109,CC0-1.0,37d00a066a5d45e8c56385c745d65cfc13a438681f422b46fdc449272c82a24a,89979383cf4b89c4
vishalmane109_20_20__366.jpg,20,vishalmane109,CC0-1.0,78a57ea25f44ddd71cb7e6e05724dab4795f589755fb060abc0faad2c842cfb7,6a1c9c1c919383cd
vishalmane109_20_20__367.jpg,20,vishalmane109,CC0-1.0,fe34e9fd9966ac54f645185e4ae50d9ab04cd3260ccf4d7367a76e1c0dca4c20,f8e8a8a9a4c8e706
vishalmane109_20_20__369.jpg,20,vishalmane109,CC0-1.0,ed38ad3c384a1ea9ea366dfd040ee11a923b10b4a7182f6bb5e1e25ffa47dae7,0018321e1d391000
vishalmane109_20_20__37.jpg,20,vishalmane109,CC0-1.0,a4e0aa54190daea6a42cb221c8d17d64313a671bcd55b7ff1bb8844b8e8739c3,012d696464222747
vishalmane109_20_20__370.jpg,20,vishalmane109,CC0-1.0,ce4ab87f0f190687115282dc0685e0c8db915a11f3befaa661ec433dd9c064d6,2d8c503c3e582c3c
vishalmane109_20_20__371.jpg,20,vishalmane109,CC0-1.0,12f143826408850c11e5b7684bbd5f71b66b91b9e91371ac73e5323077d06989,f0e0c829d9b0f8d8
vishalmane109_20_20__372.jpg,20,vishalmane109,CC0-1.0,f73ab80a113808577d8408d39faf60c5525e0e8d3278f94453160641c776ee0a,88081103000202c0
vishalmane109_20_20__373.jpg,20,vishalmane109,CC0-1.0,31aab8aba42ecb975289a6ca7f25373907149f5e392a33c1599ef36da00aaf01,767cfc9ce8eaf8d0
vishalmane109_20_20__374.jpg,20,vishalmane109,CC0-1.0,b255b63a1d3935f6d492afab7e3c4e1103404bdbf990f8ffeffdd771e1c60ee5,eeae9c9cfcaefcb0
vishalmane109_20_20__375.jpg,20,vishalmane109,CC0-1.0,ecdf94b9f1937dcfd4dd06f252c63786c7e93c0dd2c4e39ef51507a89899c61d,4509899191917151
vishalmane109_20_20__376.jpg,20,vishalmane109,CC0-1.0,529ceb25dc6f1e81232909c55a8d3812e3fab3b56db968ae10b2309624cf0e80,8472696979718841
vishalmane109_20_20__377.jpg,20,vishalmane109,CC0-1.0,9d48b30d08685e4e10056a9286f5a75dab65ccbd5dd01e7747b059d57e4f3363,691d1d0951d34f49
vishalmane109_20_20__378.jpg,20,vishalmane109,CC0-1.0,37b1655847d21dcbdf2bc89acf4b928acf0186b64c0fd368a85824d2f9ddf2f5,499955399c981819
vishalmane109_20_20__379.jpg,20,vishalmane109,CC0-1.0,1ba2cbf693af1289c1a5fdb30571a4b3734633974c86adb629eece49a5962321,de4c5c8d98989c9c
vishalmane109_20_20__38.jpg,20,vishalmane109,CC0-1.0,ed3157445adb3aafd66980ae7801f371834010b9956c451e7498c97f49afe379,ded272fa7c2e66cc
vishalmane109_20_20__380.jpg,20,vishalmane109,CC0-1.0,d4474fcd2bdb37d785a76de14c93e66b154aa621272b9a1731a7f890ee304dc2,e434181c32b0e521
vishalmane109_20_20__381.jpg,20,vishalmane109,CC0-1.0,6ee12df1aa35944a3ab86ded55df5a94ce0868cdf019f3d6965032239cebf443,4c49cbc94c762e2e
vishalmane109_20_20__382.jpg,20,vishalmane109,CC0-1.0,d6c924a1291091d0ec464485ad033c9ae3f0fdd1302557b472125faca29bc3df,e8e1fcececc4c4e8
vishalmane109_20_20__383.jpg,20,vishalmane109,CC0-1.0,93df49ddf960ae5a5d1a756a1a1db34d39dd5412ab30852ab0d1f45f0b863c8b,e1fcdcccccc4c8dc
vishalmane109_20_20__384.jpg,20,vishalmane109,CC0-1.0,30018d613552656c8ed0998bd0c61d210f7c9b25e3cb22eec5056565227f1967,48e4e4d0c0c0aaf8
vishalmane109_20_20__385.jpg,20,vishalmane109,CC0-1.0,d8d306f49c736ebe0bbf440d0966f62caee5ea5448572de9b398e690da1f2a1e,e0e0e0c0d0f0d9c9
vishalmane109_20_20__386.jpg,20,vishalmane109,CC0-1.0,489f4383ebc9758aa0d4b3416ee2a6cfc5feb4b6aa297e5d5dd7ce55d36dde6d,ca99dcc6c6c3c3c1
vishalmane109_20_20__387.jpg,20,vishalmane109,CC0-1.0,0fa25ac5f133254dae747d317c1411e85968e9e4e4e96c96b9d902b8c262aa2f,94cde1d1e1f0f0c8
vishalmane109_20_20__388.jpg,20,vishalmane109,CC0-1.0,dbe66635b24ae08f5a3590c28b4ba585c2d0a8e56321fb0029306e0ac0aa44b7,a6c929f9d9f5e699
vishalmane109_20_20__389.jpg,20,vishalmane109,CC0-1.0,6379ff460325f4c0684b1143906063006e7142761fecb4c6a0bc1b772b6002b7,88c969d9b9f9d659
vishalmane109_20_20__39.jpg,20,vishalmane109,CC0-1.0,04dbeb884d8fef48e2db08a3fedae3ee81e136e5b1d16cfb980da3c6021235a6,40d13c3818981b3a
vishalmane109_20_20__390.jpg,20,vishalmane109,CC0-1.0,5a3ccb29782a2a3c45b74c97f822a16d5910c2592f6d8df7c08f0b5eff7267cb,f304e4c4c4c4c4e6
vishalmane109_20_20__391.jpg,20,vishalmane109,CC0-1.0,ca4990364635238201d66fcb74eb8e6cbf9a0ed3a1eea86df7850181689a0969,e0f8b8888c88b0cc
vishalmane109_20_20__392.jpg,20,vishalmane109,CC0-1.0,76a2c78a8354b9255331ce8bbfabb64613980b874a7295703d95cbe1dcf18c85,1898e0d4d0c8d8d2
vishalmane109_20_20__393.jpg,20,vishalmane109,CC0-1.0,3e271c7a2d6de7eda3c4bf4e118f66911f8f071715cd12745edc9ec8d7b0fe23,d2d090acace4e4e0
vishalmane109_20_20__394.jpg,20,vishalmane109,CC0-1.0,a2e26ddd49d381c4085d2b20e032984bfc0cde261605a6c405fcb56057554d45,4147fdf0f0f4604b
vishalmane109_20_20__395.jpg,20,vishalmane109,CC0-1.0,0949e2594db4053efcd8da1db4ee206d8a12ec5f622f02af2b396f879450c95f,040030506968525a
vishalmane109_20_20__396.jpg,20,vishalmane109,CC0-1.0,e4751c5418c59f362e0cef930db1a90193644909da3d81e5f5673033efc4628f,0000c02034544c44
vishalmane109_20_20__397.jpg,20,vishalmane109,CC0-1.0,6fea7300b37f69da8aaf3e5f375872f73a5493deb45a79edeabbe39095b13013,2434341c0c0c4c1c
vishalmane109_20_20__398.jpg,20,vishalmane109,CC0-1.0,754cf4d2df2926b3389f2ebefb51f3503b684ddfec8ef2c9fafb35f3bbfcb6d1,70f0a02404454769
vishalmane109_20_20__399.jpg,20,vishalmane109,CC0-1.0,1080c3d0650ca16afddcc0c62d8c2fb15c44f4871740aceb942d8c14cd198ab3,fce09058485c5858
vishalmane109_20_20__4.jpg,20,vishalmane109,CC0-1.0,e7f4c2678b975479db0a61ddeb595664258ef2c0bf3583834e232b106e2a0934,11012420b1b31098
vishalmane109_20_20__400.jpg,20,vishalmane109,CC0-1.0,0153509dcecc1050528df5ad0a540d2e6ff4fe5260516a5afaf42f344d5a1f00,e8f0e4d8dccc8c93
vishalmane109_20_20__401.jpg,20,vishalmane109,CC0-1.0,c725360adf489a6ed88a8e1013d76505d1e2c12e5768bff206f77ad6548a271e,a79f7b6b6b68eaf2
vishalmane109_20_20__402.jpg,20,vishalmane109,CC0-1.0,34300bd6b15e93dde1e722c739911117a7ad189938816320f4d432159490fa75,131ff173737360f6
vishalmane109_20_20__403.jpg,20,vishalmane109,CC0-1.0,e21beed468d869c4b0c988fad5e3206b96a0419a231d1d956b22d181e2ba50b8,091f71f1737372f6
vishalmane109_20_20__405.jpg,20,vishalmane109,CC0-1.0,f9bbd7eee9749d87911f55e2b23d3e43ccf76bd925a50a2581a846bf8d35c673,e1c048f0f0e4e4c2
vishalmane109_20_20__406.jpg,20,vishalmane109,CC0-1.0,2795dd5e3efe4350ba0364dddad458b7d2a462528d8aa5b8b95e7613d34bba81,d18038f1f06cc6d6
vishalmane109_20_20__407.jpg,20,vishalmane109,CC0-1.0,36a56133b4d0d3ebad878440b9bd89242016c137c7e550cb92244841391e0f3f,c1c180383834228a
vishalmane109_20_20__408.jpg,20,vishalmane109,CC0-1.0,8107943062cd5993285f547655e7acaf1795fc6da5a4f074829b55a558e59ea9,1084d0c849ccce62
vishalmane109_20_20__409.jpg,20,vishalmane109,CC0-1.0,63b92fd4e12de7858a5cfdc960016ddb3f58720e15e68b29c9d742ddf1697678,90e0a99191929494
vishalmane109_20_20__41.jpg,20,vishalmane109,CC0-1.0,db292d4056c7e491214043796ee05c744de7357fea78ea0491b85aaf972a15cb,814f53534343272c
vishalmane109_20_20__410.jpg,20,vishalmane109,CC0-1.0,a5249830c5a36e373d560a33110db1c40e05e99669bd3948fa82c9648dc61323,6999aee6e6e09095
vishalmane109_20_20__411.jpg,20,vishalmane109,CC0-1.0,c1ff99c89c3ffe0cd6b060375e68c90e3c6edf9e33362e777e0eb4037bb5130f,2a6769e4e6e6b0a4
vishalmane109_20_20__412.jpg,20,vishalmane109,CC0-1.0,6b554eda2507542bcb6d23666997cf0df799eaa10fb8d4c4ee4df8c544f30834,665e9eeee6c6a0a8
vishalmane109_20_20__413.jpg,20,vishalmane109,CC0-1.0,22f90190a0956b175cfa6ecade25de1bccc2ce4a43b3c8c33c4524cdddb3bc19,264b956768c86c44
vishalmane109_20_20__414.jpg,20,vishalmane109,CC0-1.0,e905c0d09bf773df592352c345c6de10f6978c8cc301f5b1a2738bee3a08f6b1,1b2fcce4ccc46021
vishalmane109_20_20__416.jpg,20,vishalmane109,CC0-1.0,bfdc13ba0eca0f0ece43d444b42202f46923ba84912b8225101bf1405128e6e9,40cfc8c8c8c88692
vishalmane109_20_20__417.jpg,20,vishalmane109,CC0-1.0,0bf0dd830a3c676602014d695f1676f3ad556d74b01d53528e32d7a0ea84a325,506aececcce0aa9a
vishalmane109_20_20__418.jpg,20,vishalmane109,CC0-1.0,47833a1df2daae8ff82a3f929d91a7a135d51710fa8eab2ba9e1465480458065,62c2c1e4c4e4e0e8
vishalmane109_20_20__419.jpg,20,vishalmane109,CC0-1.0,0d207d89ac5700edf07fe0af08c4031b2497a1a3fa8a2eae70817008cf0220e5,5868cc64d4cc8488
vishalmane109_20_20__42.jpg,20,vishalmane109,CC0-1.0,3eeac7baaeea7fcb7f560b68a5942bb7b79c5b77c975b11646e85fae8955cd1e,6a2e9e1c9c19acf2
vishalmane109_20_20__420.jpg,20,vishalmane109,CC0-1.0,63c0ac5e882699284b89bff07d2195ffdaeeab33e2c74a10a43f62bb593e7919,8e28e8cac686c8c4
vishalmane109_20_20__421.jpg,20,vishalmane109,CC0-1.0,c0716156ffc45cd2b4dae0f34570fe6020babe456cea983cd6e98067a3f6c629,60c6cace848a88d0
vishalmane109_20_20__422.jpg,20,vishalmane109,CC0-1.0,a854fe82e54daae00554e334fa7b8edeee6d16f654d488cc941990ee1f552e6f,94a9f4e66662fccd
vishalmane109_20_20__423.jpg,20,vishalmane109,CC0-1.0,e7c37f0d2084365aeae5b5841444efc05321bfef3ca8947c82dd4a09bfe33eda,66d824cccecfca40
vishalmane109_20_20__424.jpg,20,vishalmane109,CC0-1.0,ce720028a8616d3ca405f90340c6c2f5fed5de5bf5c27c5b42fd80bfed0ef69f,0c8ca0cccfce868a
vishalmane109_20_20__425.jpg,20,vishalmane109,CC0-1.0,1bdbf4d5915068f512760c08485e99a5c684aa1eb8d074fd08b27f41b0f1899f,c999943232842c76
vishalmane109_20_20__426.jpg,20,vishalmane109,CC0-1.0,d8b16d645bbab046617dcaa882b1f8ab2abc77ab35c3e0de3812f5504589e252,56e8e8e0741446e6
vishalmane109_20_20__427.jpg,20,vishalmane109,CC0-1.0,9c099a52b80dcd09a3221863f3da1a7c3fd4decc0c90689ccb4182cf23578999,34e2ebe9a0f0b175
vishalmane109_20_20__428.jpg,20,vishalmane109,CC0-1.0,81761b4dfb473eb863d8f10e6249e5c60148e37f79184fef2371a22bf27b54f4,d4d485a8a8e858d9
vishalmane109_20_20__429.jpg,20,vishalmane109,CC0-1.0,e7849e4e776d297e01c04dc78c8f893a9297792ecf72e35e47271edad46187c6,6c6948c0d2d870b0
vishalmane109_20_20__43.jpg,20,vishalmane109,CC0-1.0,e46d3dca645bb99edf5253239dc6697b4999b52350cb49418b7da15fd7e51c6b,8c6a3c9c1c180de4
vishalmane109_20_20__430.jpg,20,vishalmane109,CC0-1.0,3d6be88d12725d54b4f984090b9d80e160e21e93b05ad62e18c44489290c7d02,323436e0f870f4b3
vishalmane109_20_20__431.jpg,20,vishalmane109,CC0-1.0,3b4f2199866539698071725c791bcd38f076ed0033093846094c0a2990a22869,062c68d854343626
vishalmane109_20_20__432.jpg,20,vishalmane109,CC0-1.0,4dae5fe05d5f5e3225f843647b1e268366feae9e9deaf0a9f3b1ae4f5f63e698,038712963830f232
vishalmane109_20_20__433.jpg,20,vishalmane109,CC0-1.0,cf915fe9143cc9c04325e2b0b7839ba0650ba6f4cb02b2c6b1a2b9e5d687c39b,58d2a1c0b8b0696b
vishalmane109_20_20__434.jpg,20,vishalmane109,CC0-1.0,7c65f3c73a1d21a83e70179b6733c2e8f825530826b3ca8aed641d487288a185,9cdc0879a0e0ea06
vishalmane109_20_20__435.jpg,20,vishalmane109,CC0-1.0,d57e25b91bb0bcf2b6d84a4936324add81de923fb52613f5ece595cbe31764ce,f265bbfa7664f4c6
vishalmane109_20_20__436.jpg,20,vishalmane109,CC0-1.0,eb1acd0bd9a791875b38bf7c58db960d29290cc3afaa3fde0b89d4b88cc60586,ac6464c484e0492d
vishalmane109_20_20__437.jpg,20,vishalmane109,CC0-1.0,c89a78ef19c47c089d8729ce1560d57f9f071d59a319620786c7a01d44c1cfb0,9d78f8f8f8f8fca4
vishalmane109_20_20__438.jpg,20,vishalmane109,CC0-1.0,04189e5d0fc7e8e68aada4b13d4178c083ad75929e5a4db8e7f66114ccaf1450,0fb7f0e8e06161b0
vishalmane109_20_20__439.jpg,20,vishalmane109,CC0-1.0,c8ed95a588145b328438d51c98bee1abef5f8c98f56f8de4f07bce5b831fbf58,b2a6a636b2b89094
vishalmane109_20_20__44.jpg,20,vishalmane109,CC0-1.0,e63c412c62638921d2c3a8ed70c1774d887541fad522af1bd17d4747f20aaeff,292d1d1d0d0d0b0d
vishalmane109_20_20__440.jpg,20,vishalmane109,CC0-1.0,de52b1d25d2cdb4e289d4a0939f5b4d3f25eb28643403a736a3c633cb52b80a7,26c6c8c8d0e1d0e4
vishalmane109_20_20__441.jpg,20,vishalmane109,CC0-1.0,d44178c1b523988de45ceeb5d4b9332c166f7c08c4ff59c1e460732a8d7cc8bd,7031b8a8a864c0d8
vishalmane109_20_20__442.jpg,20,vishalmane109,CC0-1.0,be0ff88c93436e6086e7330df61982d31e052602e61c36a233b2a63f60b89f83,526014bcac2c447b
vishalmane109_20_20__443.jpg,20,vishalmane109,CC0-1.0,64466345de05498df71bb349aa6bab5e93afb89ec3e75bcb71b4c15124b9faf5,5260349cb4a60639
vishalmane109_20_20__444.jpg,20,vishalmane109,CC0-1.0,4ddc3a8f6296c635b54a6425e8a64b25271df4f44888a8a49bdc1500045325fe,526094bcac244229
vishalmane109_20_20__445.jpg,20,vishalmane109,CC0-1.0,80df5cdf297ff7da24c2b49747987d02a283f6333aac025e4e21e98a2f227991,743cf82a0a088256
vishalmane109_20_20__446.jpg,20,vishalmane109,CC0-1.0,5322170a7bb566475fea5f610aa191c22457e0d769f04ada9b5060c991e5a293,c8c85058a9c6068b
vishalmane109_20_20__447.jpg,20,vishalmane109,CC0-1.0,5be4904c1c2b6a2aaa60e8b39beeeeb74e63ba9ad1322d260e5056a38f39381c,d8cddcb9b9b0b8b0
vishalmane109_20_20__45.jpg,20,vishalmane109,CC0-1.0,a335fa0dd25349c612fe18aa08eb93550a7c3b4ef190c3ff825db163743b1d10,3555959591852727
vishalmane109_20_20__46.jpg,20,vishalmane109,CC0-1.0,f36274ce1404e812a9701318a3c33890e10e7073b2060e5dacde01dd0eae7a2a,6c6d1c3839193948
vishalmane109_20_20__48.jpg,20,vishalmane109,CC0-1.0,d6f88c48d7ca4b3bd50583ac458f897c79cab618d874b2e985acb3d044b27e67,7250f0f0f0f0b48c
vishalmane109_20_20__5.jpg,20,vishalmane109,CC0-1.0,dc53f523b8427ba906ac453ca406cc8eba0f86bcaffcbd23db26516f021223b4,1a3b71e0f030b131
vishalmane109_20_20__50.jpg,20,vishalmane109,CC0-1.0,f5c3389f42806c9129026f03ad096b7d488832a3e5cab9f21cefe790643566ba,982be6c64b59b098
vishalmane109_20_20__51.jpg,20,vishalmane109,CC0-1.0,c06efaa2ceea0718aef74d1fb018a6299993da88b6ae4a5edbd29f863bd1846d,0e9e9e9f8f8e8e40
vishalmane109_20_20__52.jpg,20,vishalmane109,CC0-1.0,11f054a940b19d6b06fbea6cdeb824086ae44b5356ff4752a64e0c3703b8d928,cc682c9c1c1819ac
vishalmane109_20_20__53.jpg,20,vishalmane109,CC0-1.0,220dae9f9296b4ed78004ca5f0d06facbcdd3514dc84975aa1eb2114236b406b,dcc4bcf97e2a64cc
vishalmane109_20_20__54.jpg,20,vishalmane109,CC0-1.0,8d8232add7cc46f0e2b80c167bd797ca9742a90e67738894aa14070e00c8b7c5,4dc66236262e4e45
vishalmane109_20_20__55.jpg,20,vishalmane109,CC0-1.0,c8281c7185ec020315e78abde8e07e1e3e586cc1333e3bcd8dbd090ca2d0cc35,eeb3949cccced333
vishalmane109_20_20__56.jpg,20,vishalmane109,CC0-1.0,2d86442e8a900375386c605449d6b2fa06542b44a87bb4d73363585184d2e99f,e9fcdc5d4b4b2b6f
vishalmane109_20_20__57.jpg,20,vishalmane109,CC0-1.0,f9fa8a846f4144f0580f68bb91ca427fd71c45097e7bb3fcdda57a1ae4e813f7,a83ea7e16074bcf8
vishalmane109_20_20__59.jpg,20,vishalmane109,CC0-1.0,51ce2ea453beb7e50ae085b72be5f800e1152ff2f9c14b0ec2b26cd39ffb9425,4369670717010101
vishalmane109_20_20__6.jpg,20,vishalmane109,CC0-1.0,fd4aff15ed3c7f84bbb7652ba73d4b01cac0fa33286e7741130e21430fc68423,999ca67360632134
vishalmane109_20_20__60.jpg,20,vishalmane109,CC0-1.0,0ea6e1570ae26937f1c3db64ff9186573504586ffb0eebd400959a2f46cb4f53,ce6a1e9e9e0dacce
vishalmane109_20_20__61.jpg,20,vishalmane109,CC0-1.0,bae24939e55815f63b3e3c1046706d1c5ca4fa2a4ccd6c6adf92d02114dab8a3,34343c3432343633
vishalmane109_20_20__62.jpg,20,vishalmane109,CC0-1.0,eefcc2b00d48a05c98f1c60f2acb08fd76ea8a35d680e21018c54de7aed1765f,a24d49c9cb53c64b
vishalmane109_20_20__63.jpg,20,vishalmane109,CC0-1.0,6d652cd5825d359ce61bbfb08c5d141503ed8a7d51100242ea95d7218c5f08e2,b9092d49496d2218
vishalmane109_20_20__64.jpg,20,vishalmane109,CC0-1.0,02f09fcd13c0193247987bf1b9348593e2f78ec6b3a81551438f5e29c8bc6c1c,687019ce9793a7b6
vishalmane109_20_20__68.jpg,20,vishalmane109,CC0-1.0,215af205d92ee5337b1fc092eb446e97a05bf866146f9aae35810d019e4881b6,35a495959484a525
vishalmane109_20_20__7.jpg,20,vishalmane109,CC0-1.0,c224574148859554ac4417f2471e39b2d83d841f7216ccb44a9272e10a27712f,846466d2d1d19293
vishalmane109_20_20__70.jpg,20,vishalmane109,CC0-1.0,30b1ea628bd247fafe28816f865b827b8d6d317670228aea2d9fd36c3641877d,2c30f0f072613127
vishalmane109_20_20__71.jpg,20,vishalmane109,CC0-1.0,98205c483df4ff6a4b27a49f3562250d6a53266aefaf97d7c68f5f8bf3149a09,5ee6cacd5c2ce68c
vishalmane109_20_20__73.jpg,20,vishalmane109,CC0-1.0,bcea11539215ddfcf43cf261dd618ad9405a3ef94a1892c89b68681be5f0bae5,3eaeb1b3b31949a4
vishalmane109_20_20__74.jpg,20,vishalmane109,CC0-1.0,cb4e66895dc9abfc9d5cea9cd09ac8c21ec5d670589b1f0b26f5eacc3a83dba0,05d595959895e7b5
vishalmane109_20_20__75.jpg,20,vishalmane109,CC0-1.0,df635fa04bbea676d8c40e83843a8572322a97831247705158ff39bcf0c1e59f,078f95959585c727
vishalmane109_20_20__77.jpg,20,vishalmane109,CC0-1.0,b9e93c79f38dd3fa58bc7fac5858ef8dda3afa4f6f6cce6eb05b5d756025e1e2,00ea2e9e9c59c800
vishalmane109_20_20__78.jpg,20,vishalmane109,CC0-1.0,56dc4dc0c6304b585e3d002e3d0f3229dd6bd4ae5341bc4554fb22c03fb21cc8,ac278bcac3d2ceb6
vishalmane109_20_20__79.jpg,20,vishalmane109,CC0-1.0,56209e176f34127d0b6bdf29d165ec9bcc7031fcd452c10cc6d7775e0f301323,494949c9c9c8c8e0
vishalmane109_20_20__8.jpg,20,vishalmane109,CC0-1.0,0f938a2810281e088891ef5ca52e464dc344ddb3eefc805c60260f12a0ed6a34,074343d3737b7333
vishalmane109_20_20__80.jpg,20,vishalmane109,CC0-1.0,5b073e9ae757b546a037ff3b4d57338d7f1a6a4d75460135603bc0fc9afeb820,33e0c6d6d6ce6a11
vishalmane109_20_20__81.jpg,20,vishalmane109,CC0-1.0,65fc8e17a1ee1079768dedcb60bb07b3db0ca393f74657d29e30b9d3e5cea469,b83170f070b89997
vishalmane109_20_20__83.jpg,20,vishalmane109,CC0-1.0,cc378e7d4e41451d7c4c1d1c881bed1f0de4102ba052fb31ca2e984b86308c58,4dc889c8c88b8ae0
vishalmane109_20_20__84.jpg,20,vishalmane109,CC0-1.0,fbfe8d22fe00ee8f0f8d40033d3170ce1cd5b94490fd253837a464e2ae19609a,94853222e0b8b331
vishalmane109_20_20__85.jpg,20,vishalmane109,CC0-1.0,19cd78f98b7d4f7539a5155859ded9f1c1f1fc9e4ebe159f8e149cbf49d40b96,a080d9899a99e882
vishalmane109_20_20__86.jpg,20,vishalmane109,CC0-1.0,0b5a2f5b43d119bc67ff06d4dabbcf357d5e6fd00c3bb46e60ee711950cd964f,494dc9494b695556
vishalmane109_20_20__87.jpg,20,vishalmane109,CC0-1.0,d46bd0045f91d1c3bfd19bcfc3a683b4189dfd845a3b3ff4f58cfedeee94ed9c,b1f078f9f3b381e0
vishalmane109_20_20__88.jpg,20,vishalmane109,CC0-1.0,dac80e86c15c01dcfcb4414cc384d4813bdb0e7c38a7097427ebd88fea2f2069,6d1c1d094cd3c34d
vishalmane109_20_20__89.jpg,20,vishalmane109,CC0-1.0,661cb9aab38280c6884d445b0f040f0656058b8d0e1814a02e8f1d53d1b6453a,4d4dc9c8c8cbca48
vishalmane109_20_20__90.jpg,20,vishalmane109,CC0-1.0,b76dad5306079e200068bface63e610dcd1a7026885bd152b5ad8a9328c59f89,a8dd939385cd4d98
vishalmane109_20_20__91.jpg,20,vishalmane109,CC0-1.0,fc85e969504ca96748b9dcdfbfeb825331b19003cbb66471e7b39f25aae9ee24,72f1e16b646068ec
vishalmane109_20_20__92.jpg,20,vishalmane109,CC0-1.0,8d190f528e629644e7e1ad47fff6d2bff8f7734c90e9612dfd2b5e02362bc0dd,d83030f47438b0b0
vishalmane109_20_20__93.jpg,20,vishalmane109,CC0-1.0,de24efcdddbea77754ea8161dc6c73f2a0754350e980200c4658e2ed47562f71,454d49494949294b
vishalmane109_20_20__95.jpg,20,vishalmane109,CC0-1.0,2cdd14177536708c49294a270f7442e919e7eb99ce0167e365df1ed66ffdf555,454472362e2e4e51
vishalmane109_20_20__96.jpg,20,vishalmane109,CC0-1.0,f64cc7e1e17e0ff8ad82b25d082908dc4ab0ca46f7d8a74ee919f146e4085ebe,6b633a3b6c4c4c5c
vishalmane109_20_20__97.jpg,20,vishalmane109,CC0-1.0,ae4008bf39a518d07043c9443164af7ef40f487599f0f8e6bbe73d46e25f69bd,4d4d75652d2d2d4d
vishalmane109_20_20__98.jpg,20,vishalmane109,CC0-1.0,51ffc6419992baf90f8da8258efb71ae06d521c517bb7fb9cddc97fc970e8fb8,cec72dfb3130ccac
vishalmane109_20_20__99.jpg,20,vishalmane109,CC0-1.0,c7613119a127ae8fd782f33635a311cf4fbcdfdec302b222a29f76c07b226770,75c49495949184e7
vishalmane109_500_500__1.jpg,500,vishalmane109,CC0-1.0,0eb5c89d1ae72be85943f9b7e372ebae3a81214827fea1034d9a9c6f8f6392cc,d02c2c1c1c0d6ce8
vishalmane109_500_500__10.jpg,500,vishalmane109,CC0-1.0,8ea67a5f5820e9f7e994f50828cc3c8c5fd879c188dc9f0d08eaf3e728e275d6,aa2e9e9e9e9c48ea
vishalmane109_500_500__100.jpg,500,vishalmane109,CC0-1.0,1444ae6bad561eef6acd03e122fe5f0346d301ff06c95c15f0d43570b902d3f9,2f1f1b5b5b47474b
vishalmane109_500_500__101.jpg,500,vishalmane109,CC0-1.0,fa82a9401d7ab1b4e9c46c9e7a1521b1133dc5c3572f46445df56cd3a70124ce,6160606c6c558d9b
vishalmane109_500_500__102.jpg,500,vishalmane109,CC0-1.0,6d99945fce00e99cefe41927fb0c7ad1836bd8b19fb48896fc95ae2755998a5f,20300c0c26313616
vishalmane109_500_500__103.jpg,500,vishalmane109,CC0-1.0,5055743f449400ebe4d2e0cbcdec4c1193221f5ce1fe0d59684b01194918596c,2d1d5d695747474f
vishalmane109_500_500__104.jpg,500,vishalmane109,CC0-1.0,6b382ee06ed0fcee88dcc8b56231afd0e969476af5e332be24246d9bb07a42d2,c0a89ed4ccc8ece0
vishalmane109_500_500__105.jpg,500,vishalmane109,CC0-1.0,f65e37135022042390b94a024a50b81b162feb14ccece8ac252f61765740f307,786860d8d0f0b0b8
vishalmane109_500_500__106.jpg,500,vishalmane109,CC0-1.0,e2eaaa55b4f8be8b0290380104724ae91bc71446fc76edce95d768cedb1501cd,2bc5d9c7c7cb8001
vishalmane109_500_500__107.jpg,500,vishalmane109,CC0-1.0,eff8c6e833fc2f12581944dfd011b89b06b7865d012c4eae9b632341565a492e,fcaef2d034b43a1a
vishalmane109_500_500__108.jpg,500,vishalmane109,CC0-1.0,af8d64036789b729aac38ef2dfdc2fcf2ffd649f596b7a2d2fed2670efb33d71,2d1d0d294b47474b
vishalmane109_500_500__109.jpg,500,vishalmane109,CC0-1.0,f5af9375da9a327c6d5fa024c8303b4d710e396eba2f6f51ebb0fef6676ddf77,c58dbcdcdecc2c4c
vishalmane109_500_500__110.jpg,500,vishalmane109,CC0-1.0,47a86fabdc2e61000ed592c03f2730f0a337c60b8e181e4fb725e1b1125fb7e9,691d196b5347c75f
vishalmane109_500_500__111.jpg,500,vishalmane109,CC0-1.0,8a3c2df17af417dbc0899d261722579f91a7d8bff63134937b2c51300525364e,cc8b9987c74b8bc0
vishalmane109_500_500__112.jpg,500,vishalmane109,CC0-1.0,8b9da4021f686cab5da5c56e3b82b63d854db67af308433477fbcdb60f8d00d0,a9eb69696969c105
vishalmane109_500_500__113.jpg,500,vishalmane109,CC0-1.0,4c5db5db57ff0c2518ff09be33fdf824928f4b43f616fe0df91b9549ac2bfd5c,24a0c1c46dc02092
vishalmane109_500_500__115.jpg,500,vishalmane109,CC0-1.0,1fc337a77e2ceabbf9cf776b6f79054d3f0c1f41871043db197b63b97788d186,1300978687cf87cf
vishalmane109_500_500__116.jpg,500,vishalmane109,CC0-1.0,0b5a631a9dc429029ec0703d1c3d41981436c74e9d4666bb298c98036add7af6,fcfcad696973338f
vishalmane109_500_500__117.jpg,500,vishalmane109,CC0-1.0,2b50b69906f9f7ac379f25b24bd10fb8443b32d11a92760ebe7ace775d7fd7c4,20183838583c3830
vishalmane109_500_500__118.jpg,500,vishalmane109,CC0-1.0,7e885c2c63cb6e97b9e943e1b21fb78166932d96a9ebdc3c7c54c38c2ff6c8b6,c1aabe9e9ccca2a2
vishalmane109_500_500__119.jpg,500,vishalmane109,CC0-1.0,4e03b5ba45e8a0a1b405189c67ddc77c4f71d5ebdf2623c31b383d6f283346ea,e6be9c9cccdedece
vishalmane109_500_500__12.jpg,500,vishalmane109,CC0-1.0,19f9d15a1540f3d3630e20502663a9e1512c4680d005d9562a869510df136fa5,6a2ebe8e8e4c488e
vishalmane109_500_500__120.jpg,500,vishalmane109,CC0-1.0,d0fdd32ae78b16b38a72f4ba463cbe14c9e97816b2157dad938f38b4d29a363e,2e361cc42e1e4ee4
vishalmane109_500_500__121.jpg,500,vishalmane109,CC0-1.0,f54153ff863524d9448f3d006b50b096903a7eccd4d3966c2aeea162fab1dd41,e681c63e3c2b0916
vishalmane109_500_500__122.jpg,500,vishalmane109,CC0-1.0,de557c39833f5f426787a3408e209cd9b176dc59ba2a39fdbcdda26fb5d2eca2,e559599dd9ddcc49
vishalmane109_500_500__123.jpg,500,vishalmane109,CC0-1.0,3f5a7896b2e902ff613508bb0043c8caf8cebc3e4b3bab7a14a99a8ffa01a2b8,cd8989898be1e9ac
vishalmane109_500_500__124.jpg,500,vishalmane109,CC0-1.0,0009777dcd1afcb42195cee66045f7609dc584131665bafa8dbc06714155ae77,22164e646d3d5d49
vishalmane109_500_500__125.jpg,500,vishalmane109,CC0-1.0,c3b37ca7a32418727b7ff67590e65ae2e348d7235914ba3e71b7f343b0853518,7a4accc05c700116
vishalmane109_500_500__126.jpg,500,vishalmane109,CC0-1.0,ffab02dce4240a623088e5a0fbea8f365f6534afb47c9a720f0d339bb68f0c59,e8dcdcf8f8f8e8e0
vishalmane109_500_500__127.jpg,500,vishalmane109,CC0-1.0,bba0e3ba6a8dd858466545d1dc458927d5a3943f289a9ac08442b6e2d4f181f7,9224b2a636d6c5ca
vishalmane109_500_500__128.jpg,500,vishalmane109,CC0-1.0,8c0264d34cec59c5763106c689b19ead66277e0dff00002b2f29c86ffb391ef6,4c4c4c8ce96d656c
vishalmane109_500_500__129.jpg,500,vishalmane109,CC0-1.0,2aca8002f114b1c176eef2bd40c31e33910fb386b47dab8e3708403857e5431c,5a391e3db3a3b2d3
vishalmane109_500_500__13.jpg,500,vishalmane109,CC0-1.0,954ba4df7ea6afa76390f444e9cf1853687bb3e9149db3668458391686d2ab6a,829b928683c3839a
vishalmane109_500_500__131.jpg,500,vishalmane109,CC0-1.0,ffd1397e3f133f89b50018b4ebafeeb580ab74ec1bce1d3f28ccf15688e54dd6,acace0d8bcdc9cfc
vishalmane109_500_500__132.jpg,500,vishalmane109,CC0-1.0,d95dbe4572aae7fe0453877a353aad9effb500825f7e93515b5fa9c8c014fd4d,6949697569696569
vishalmane109_500_500__133.jpg,500,vishalmane109,CC0-1.0,94efc0f2852f447acc97baef5b693da3cb368f71dd2d8af4d98a6ee5d0a15466,e8c42a3e6a2a9290
vishalmane109_500_500__134.jpg,500,vishalmane109,CC0-1.0,fc200c151e737a43aef803cd14eb0827be344f9d3ad13097bb5dee79bc874012,c4f43672e6d4ec09
vishalmane109_500_500__135.jpg,500,vishalmane109,CC0-1.0,cb7806cc2cfd415ffd519223e598ad0c29ce5a88c6e6db636d130f916454ed14,19dc9c98dc8cdcc8
vishalmane109_500_500__136.jpg,500,vishalmane109,CC0-1.0,75caebee783dfc2535980bfe236a05dedeb8b2152c60167b451ee940b470d3a0,8a9b928283c39a2a
vishalmane109_500_500__137.jpg,500,vishalmane109,CC0-1.0,f6b2344584be7b9d5b08dac49c278be18259202eef81ecceb8128150bdc8f6aa,d9d8b8bceab6cddc
vishalmane109_500_500__138.jpg,500,vishalmane109,CC0-1.0,4e64b1676d8838af26e7d8f04d194bd52977e0d6a712fdc2f80eea6548465303,bde14b2f34949d8b
vishalmane109_500_500__139.jpg,500,vishalmane109,CC0-1.0,b660262d18ea5a1c1c2e6bbaaa08a222cace7fd593d1d5b5345df325f741203a,cc3997decdc3723c
vishalmane109_500_500__14.jpg,500,vishalmane109,CC0-1.0,5b21c290bd8f113bdf8faf0c2e5533f4f1411d990c5d718956961f0193d97d0f,2c8d3476ee7860cb
vishalmane109_500_500__140.jpg,500,vishalmane109,CC0-1.0,09ce12ca8a7050e1965361b2b45792eedb83ed409a0bfcea8d095152c5db0a79,d0d0c0c080c08080
vishalmane109_500_500__141.jpg,500,vishalmane109,CC0-1.0,fcb1504a453f946ed40bd60437547b6bd007214818e4e90e0aa4a955dc9273a5,1efea6960ce2d35d
vishalmane109_500_500__142.jpg,500,vishalmane109,CC0-1.0,6b5e0930f052880628af5685dde8a0a677db2551a9c9ca5150af570fb64eca51,aeed797838b9a10e
vishalmane109_500_500__145.jpg,500,vishalmane109,CC0-1.0,b77c4725ed28dfa5e5bf10510a859f7fbfb9e8e721852decc92372b921b5fbc9,706c3c9c5cc42008
vishalmane109_500_500__146.jpg,500,vishalmane109,CC0-1.0,8d1e05fc742aafafea6348f3db902c084a3e7afab27db397505f44ef1104a45a,2800291d5d690000
vishalmane109_500_500__147.jpg,500,vishalmane109,CC0-1.0,f710249367d406ce31e96089b02647cb70b026127a99276fe109d42493040d46,9909c7c7c5d333b9
vishalmane109_500_500__148.jpg,500,vishalmane109,CC0-1.0,902427ba7acabb3ea9f00ec119fd07f8399c1a41b29299021abfaf49dc76b168,f6ee2eaeeececee0
vishalmane109_500_500__149.jpg,500,vishalmane109,CC0-1.0,468096f469b7f6e12d76df360db56c47689acd92b15df371be359d20066af18a,b8aa9e9e9e8c68ea
vishalmane109_500_500__15.jpg,500,vishalmane109,CC0-1.0,87f813463aefee8da1fcb68fae704b7b0876f1bd62cf9058367f87973961a735,60f0e0d8988898dc
vishalmane109_500_500__150.jpg,500,vishalmane109,CC0-1.0,ce71654b69acf5f5d33ed21abcf0565dcaf12f8af8a1def022b011a05dbbf8e6,0e9e1c8c0e0c4646
vishalmane109_500_500__151.jpg,500,vishalmane109,CC0-1.0,418d49e4b1c557c895c40e9c147ee5e408dcc82ab9ec1839f056ef498b80bc59,c0c0d1c1e1d1c9f9
vishalmane109_500_500__152.jpg,500,vishalmane109,CC0-1.0,6a4036d8765d0bcdc49948e729f1fb3f3ae735c8ca69321e10d68175909082d5,bed6dcece39bdb7b
vishalmane109_500_500__153.jpg,500,vishalmane109,CC0-1.0,e0e752afc39a609e7c321771021b54e05528df2d8ae381e7e3ba12529a0f67e2,d219094544444453
vishalmane109_500_500__155.jpg,500,vishalmane109,CC0-1.0,e587bd72a090a40469e0d23be7e7a0c878080a8ee3e3feb0f62c909c6432a9a6,9867a8c81a28ed25
vishalmane109_500_500__156.jpg,500,vishalmane109,CC0-1.0,57ffc9fb868db8a8b73d8b8af634dc332a5a67946c4bdec1767e7674d3fa5db4,64c6861e3c353424
vishalmane109_500_500__157.jpg,500,vishalmane109,CC0-1.0,cf59178ea7a85ad3608bd21f9d96e34fe9f8b0899b40121300e770e3a65ad9e4,ac9c8de8cac6c7ca
vishalmane109_500_500__158.jpg,500,vishalmane109,CC0-1.0,41980a95e911601b3200200ff6b863a1dd35b756c1ea3c34ca688e5f37f1441a,f0a0b4a487a4bcf0
vishalmane109_500_500__159.jpg,500,vishalmane109,CC0-1.0,061fdd0bab880afc51678f3ff15f82aa239caec25aad453f2ad6a0901887af1c,969e9e3f2b6b410f
vishalmane109_500_500__16.jpg,500,vishalmane109,CC0-1.0,868e4f23edebdb29ec2bdede98337b0d5294c9538e0df693e70664a0122958f4,d5899b858787cb8b
vishalmane109_500_500__160.jpg,500,vishalmane109,CC0-1.0,020c59ef39f9611f566a4379ca7c5807c0092176b7a8e620c51150f9bdbbaa42,ee2e96969e1d4cee
vishalmane109_500_500__161.jpg,500,vishalmane109,CC0-1.0,09ab2adc58da7f04341ff4a9ad94dba1d29145c44d8076e156810649b10f46c8,aeae9eee9296829a
vishalmane109_500_500__162.jpg,500,vishalmane109,CC0-1.0,cc4c7e4da3c1b25aa8f9d04d172e5b4b6fc12b6a119336c64237100490bb3168,f4763dc9c9a33327
vishalmane109_500_500__163.jpg,500,vishalmane109,CC0-1.0,04e979f4a21ff0203eefd8605c6a9830dc93f97f5628aead6069eed0e60d8ba2,c90e1f9cb474599b
vishalmane109_500_500__164.jpg,500,vishalmane109,CC0-1.0,af09727dc103649b09c2fce5f25a9895642be292b26badde5044d8f762060988,bbb1cc341f0ef1e1
vishalmane109_500_500__166.jpg,500,vishalmane109,CC0-1.0,51fa72d69d591982daa7a94d80b41ff40beadff2af9b785b4e4bdb4b7aa458a0,6664242c24643434
vishalmane109_500_500__167.jpg,500,vishalmane109,CC0-1.0,27cf363eba3b87a9ffba414502791c11cb42811fbac702c76785bd7ca6cce2d4,4b1b1be860ccce5e
vishalmane109_500_500__168.jpg,500,vishalmane109,CC0-1.0,71f1e35a44bc54bdbfd992481cfbf5b19f8b5a421eb09413c604f56c5deb5c3a,58583c3cf07c0043
vishalmane109_500_500__169.jpg,500,vishalmane109,CC0-1.0,b71f09ff13497afd04ee9eacc1d1306074f57baee13801fcace9e594777a3c7f,ae9e9cccae9e9ccc
vishalmane109_500_500__170.jpg,500,vishalmane109,CC0-1.0,0d1599f6389969f6c7750563154e0f4959ae0bf384d836133582355e19be0411,2a303a9301208096
vishalmane109_500_500__171.jpg,500,vishalmane109,CC0-1.0,69da4824f233a57d04249e219124043df7199f2d32a47fb04f08dcdd1f5b2895,2f26063626263022
vishalmane109_500_500__172.jpg,500,vishalmane109,CC0-1.0,2fa98b24c478cdb1dcfe55d737306c53af09b7fb07c058af0be8fb9aecb17c26,c8a7371a1f3823e6
vishalmane109_500_500__173.jpg,500,vishalmane109,CC0-1.0,d81b11295a44d5d59b4a947b6d74b78fa05f8e7ab74bb4caee8853a2232f0f48,d4dcdcf4c4c4c4cc
vishalmane109_500_500__174.jpg,500,vishalmane109,CC0-1.0,03b041d4c9d37524bd879f5a5a77317adbf20c541d201a25ca41c03e0ef39455,71291d5d5d5969c0
vishalmane109_500_500__175.jpg,500,vishalmane109,CC0-1.0,afe09b14772e32af59a23b86e8babd0e4e14009ec13526e247db241ec542f8c4,ae9cc8c8ae9edcee
vishalmane109_500_500__177.jpg,500,vishalmane109,CC0-1.0,28f63fe0c5cb5295301c4454ab611ecbb65ce706bfb5226aef132a0b18176188,f0e0c0c2c2c6d4d9
vishalmane109_500_500__178.jpg,500,vishalmane109,CC0-1.0,d77d77536a35111f468bd45364b4cc3f7c7dd0e48bc16426bc025fcb23ec5295,4dec91dccbd9c7c3
vishalmane109_500_500__179.jpg,500,vishalmane109,CC0-1.0,06aa2dbb5bd548fdbe3ef8dadea4625a305013571cf3ed9af52f30d752da6d49,79744c5c687871b3
vishalmane109_500_500__180.jpg,500,vishalmane109,CC0-1.0,ef0a06e20e43c6420f2b1a0b859416ca0f2f78e5152aa4a0326dbd23fea90164,c8a7b732191c3923
vishalmane109_500_500__181.jpg,500,vishalmane109,CC0-1.0,8ad3abd09d510dc29cd1d31c30d9899216f7340868c4bf6855dd595d57607947,dededad6cecaf2d2
vishalmane109_500_500__182.jpg,500,vishalmane109,CC0-1.0,254ed2a2e275c641b673195f5227a4b6e63aa58e8745da482b42aa353a45b59d,de9b33e1ac3c3920
vishalmane109_500_500__183.jpg,500,vishalmane109,CC0-1.0,339a2903ff0605a4e24248daaaeaa0c27dff579718b25ef07bb3b2abe07d279b,e6e2e2e2e0e0e8f8
vishalmane109_500_500__184.jpg,500,vishalmane109,CC0-1.0,3dae6d13608023a084fef60a42d4ef899bbb3a020db47810bec987e14bb05ee3,55566ecc5e4f6aea
vishalmane109_500_500__185.jpg,500,vishalmane109,CC0-1.0,3c631ab82dd188a9c2fd513a57ad4904b333534681f3e375c2999b39b8be5e23,46d89b9383839b9a
vishalmane109_500_500__186.jpg,500,vishalmane109,CC0-1.0,8ea5d7fb755856e20505689877eef90e2e6a5650f98e5e29539b79e7f3f89bfe,212436d0442e6c1c
vishalmane109_500_500__188.jpg,500,vishalmane109,CC0-1.0,a84157378ffba95c049855066827dbd1c4955a559135fa6e4068fb4bfc87610f,ccccddf6ac6870dc
vishalmane109_500_500__189.jpg,500,vishalmane109,CC0-1.0,7815a153ec4d98a5b79f76a820f39e1601921c2238dd578bfe855e29278645a4,a92a524a7a2d3b32
vishalmane109_500_500__19.jpg,500,vishalmane109,CC0-1.0,49ce7d5f9f11b467a499128c756e6fab059286b6fcbb4534be0279fbad669414,f1d2aa96172d2d31
vishalmane109_500_500__190.jpg,500,vishalmane109,CC0-1.0,a69f951d821d8533ea0264e49ba5d772e7052c39d3b94ca66b2b15ae7d225687,901c0e2d194b83e1
vishalmane109_500_500__191.jpg,500,vishalmane109,CC0-1.0,d687115c17a4f204239a879302a432a0ae8d46b40415ce4f3c6ed63b5b5c4355,240e9b162f23061a
vishalmane109_500_500__192.jpg,500,vishalmane109,CC0-1.0,cf3518a2cc8c3176597b75e8722e50a0e88309b2e65aeec6cf80d8087b4e7e90,acbc9c9cdccccce0
vishalmane109_500_500__193.jpg,500,vishalmane109,CC0-1.0,917d7f234eb4d4efb4bd2cd1f235949a674b4985d4876a274a1946b0a61674e8,c09abd3c7e139d9d
vishalmane109_500_500__194.jpg,500,vishalmane109,CC0-1.0,0385fe670baa0ff00502f3ffaff32d086cfc1cee42e255f644fe423440cc9c58,80e06626a4b4f4d2
vishalmane109_500_500__195.jpg,500,vishalmane109,CC0-1.0,2b83691fff036ed47e68e3eb92301899cf3bd741ee4235f2992c27d0052959b6,6000f032b6b4d4d2
vishalmane109_500_500__20.jpg,500,vishalmane109,CC0-1.0,5397364a7c199b0ebef5e6ab56722101396250887e02260dc9f49e821fd9a5c6,9e899a828283cd8b
vishalmane109_500_500__200.jpg,500,vishalmane109,CC0-1.0,7569ea81b033c9571be41561f37ee83e17c7b2736f3f19672069745713289f74,c0e1b084c4cc64b8
vishalmane109_500_500__201.jpg,500,vishalmane109,CC0-1.0,2d305506b8bea82162eab4747fdba149871f5afacb841f8c856e9a01047532a2,e0e064248ea6e674
vishalmane109_500_500__206.jpg,500,vishalmane109,CC0-1.0,a3ad02cc09acfcbe0c9148443279ec7c8d21927ff9dfbb8e67498885ca0ebe5d,e4e4e0a898cc68c8
vishalmane109_500_500__207.jpg,500,vishalmane109,CC0-1.0,744b5dd714a7daabe6b071715bf89491462024818f452109d198c50486855077,a4e0e02c8c8cec78
vishalmane109_500_500__209.jpg,500,vishalmane109,CC0-1.0,621b2753b0548a4dc11c068b8e57fa17c87c603ab05b858a1ba1551480033023,d2c0e0a48cc6643c
vishalmane109_500_500__21.jpg,500,vishalmane109,CC0-1.0,5a617f30df1d5a754da4e4d61de9fc763473ab64b90a4d441f85c2e641f8dec9,2a2eb69e9e8c4eea
vishalmane109_500_500__210.jpg,500,vishalmane109,CC0-1.0,3550a1213e8ba92a6013cd52272bfb108732bbf2ed1d749fa1ce7f02b6499043,8080a1e081d8d0d8
vishalmane109_500_500__211.jpg,500,vishalmane109,CC0-1.0,48b691d6ff55f3995a19c24bfe51aba8410a3b2fe2db296f9ef8d67c565eaec3,e7f2e4c4d6d25644
vishalmane109_500_500__212.jpg,500,vishalmane109,CC0-1.0,1bde997fe91b43b608ba24132ab672020a94773beb89da65ec0a05723824484b,f4f0e4ccecb4a4cc
vishalmane109_500_500__213.jpg,500,vishalmane109,CC0-1.0,895c65685796592f32da20e62bf4dbdde824886b93f297f0c1e6b39e2949bc69,e4f0e4e4e4f44c4c
vishalmane109_500_500__214.jpg,500,vishalmane109,CC0-1.0,7a3d836211331aac3f37fe12bbb692958bfe35c58e763aa8a0d615bf126e8ab1,6470e4ececa4dccc
vishalmane109_500_500__215.jpg,500,vishalmane109,CC0-1.0,e910ecd64b7bb95369124740989050a80eb32d516020d988ffc46d9606739190,c0e0e83c3c6c6042
vishalmane109_500_500__216.jpg,500,vishalmane109,CC0-1.0,a9ed4cc0c902bd86f8877625549040fd0446fe5dc709f374ca04127d521f4812,e8f8f8b87868c043
vishalmane109_500_500__217.jpg,500,vishalmane109,CC0-1.0,c432f1cccc1d9ae33aae4751e4d4d49b20fed9e3fd9e747810c4e10a4ac1f793,36f0f0f4ecdad2d2
vishalmane109_500_500__218.jpg,500,vishalmane109,CC0-1.0,44f8dc3ccd8166ca073587b110f43da9b71a6d4ff3faf53df87a172820bf766d,c0c0f0f0e0e0e8e8
vishalmane109_500_500__219.jpg,500,vishalmane109,CC0-1.0,d833315cd4cae7089c8e595d2865f728dd15d2ca918b8de3e89e540c75a96cda,1c6c98a480c8a1b2
vishalmane109_500_500__22.jpg,500,vishalmane109,CC0-1.0,2408dbf15f6afc723101b49dcfa3713b0d9aba93d2a003f60b1e2734532698eb,2f1e1c5c0d4d6cc8
vishalmane109_500_500__220.jpg,500,vishalmane109,CC0-1.0,37acb112d9930731ee7e4ef7f66e2097a8d8ccf3323173be7ea2235cd449c732,ecd0d88584466663
vishalmane109_500_500__221.jpg,500,vishalmane109,CC0-1.0,a187e34824fb1d9524173f1eb22cc675c1ebcd2658a58d1e1a5e673849ad2cdb,01c3e1e0c4d0a4c6
vishalmane109_500_500__222.jpg,500,vishalmane109,CC0-1.0,a334672b9824d9d0961b19639959e75e8f47550ed461230dd8e04be56505ff7f,01c3e1e8c0d0a084
vishalmane109_500_500__226.jpg,500,vishalmane109,CC0-1.0,0f848817ba4e71b2ff44be84e2ccffb524cca693c6647faa3696d96551a9ec7a,c0f0f3f060606262
vishalmane109_500_500__23.jpg,500,vishalmane109,CC0-1.0,e026fc0eece2fb13160f922564ba85456c11eef165569442e50983def78ef7a1,928bcbcb8b8726b2
vishalmane109_500_500__230.jpg,500,vishalmane109,CC0-1.0,6453957f40d336d5555dfaafa04f3f0e172dae95f8a4cbe01713f039dda3265c,c0e059f9f830d292
vishalmane109_500_500__231.jpg,500,vishalmane109,CC0-1.0,d39420a704ffb4769d8ba6555f2a589b1023a26a93214178115584d35d173c2d,c0f072f1f06465b3
vishalmane109_500_500__232.jpg,500,vishalmane109,CC0-1.0,c70f03a59a85ba07a89fbf713aeeb529a4199689caad1675972833db5dbd06bd,e078d3e060e4e463
vishalmane109_500_500__234.jpg,500,vishalmane109,CC0-1.0,143b12f493b612df2350d03520e51915f7fd74dc0eac6332de892310d7c41cc8,59cdbc70706168da
vishalmane109_500_500__235.jpg,500,vishalmane109,CC0-1.0,ff9c839a02503e564c13184bd22bc672ab214d7c5b9b3057e206781c7b45fcca,99e98dfcf8c4cab4
vishalmane109_500_500__236.jpg,500,vishalmane109,CC0-1.0,e4f3be9ad4bbcc08d59db6d120308213491a9747ff7cd2c14e380ce97dc9b933,d91cf8e4c494d6c6
vishalmane109_500_500__237.jpg,500,vishalmane109,CC0-1.0,d3c71e5556871220ba16c111928b7d7b8cb2d4963ad13b343540abf06ae0f2d7,d998f8e0d2d2d2e6
vishalmane109_500_500__238.jpg,500,vishalmane109,CC0-1.0,ef07066b39bb9261e37265cd93b662e5474e8b0a2425089e0894085cb458317b,d99c78e4c2d04ee6
vishalmane109_500_500__24.jpg,500,vishalmane109,CC0-1.0,5c970cbede82f51fa9a63a69152441b0e2723b50c733e4320a899fff07c504c3,dc2e3e1c1c0d4c84
vishalmane109_500_500__241.jpg,500,vishalmane109,CC0-1.0,67dd43f1014d24249dd31199306bcd1466087322e3f002244237d28919f15846,591c78e4c2d0c6e2
vishalmane109_500_500__243.jpg,500,vishalmane109,CC0-1.0,471a67d6a473bfb20c874f4bf95a5df87b15811dd37a161f5d5e37655f7a6aa7,a2a49481302835ca
vishalmane109_500_500__244.jpg,500,vishalmane109,CC0-1.0,5e1cc815fddafed5c5f081bb3587fa573113a0e74d1e9020085bf116b561fb08,890c8c2c3c306263
vishalmane109_500_500__245.jpg,500,vishalmane109,CC0-1.0,d11dea574478c9fa790e8817da79c3c4e5f7dfc36c174055220666df1a75be04,dcc081c054989899
vishalmane109_500_500__246.jpg,500,vishalmane109,CC0-1.0,97b779f8506642d0c31b25e0c6303f5c87e9bfdb365dd1277b3bf4d5ae04bc37,0200000124a6a7af
vishalmane109_500_500__247.jpg,500,vishalmane109,CC0-1.0,392c56036b1c35fca6a31a28f407e722f5759d590e0c30717834ba0050e36028,a080000045469299
vishalmane109_500_500__248.jpg,500,vishalmane109,CC0-1.0,b343edb536733bcc82f69a6c2954eed8aec9facdbb1aaaa603d0c9b5feeb0647,56d2584d461a1931
vishalmane109_500_500__249.jpg,500,vishalmane109,CC0-1.0,c7cf14e2a2331fd4e2da0477e98470869a6b69ecfb96883d906efa35b66aa241,e172d2484c1a9995
vishalmane109_500_500__25.jpg,500,vishalmane109,CC0-1.0,cca632b796d346fea7723ce2871bd2cf874281fc466e5613b294ee1e36c0afa7,7f2e4dc795850703
vishalmane109_500_500__250.jpg,500,vishalmane109,CC0-1.0,dab30afa9cef4d50a48217a9009d6d5ed14117dd6455b27caa92aeb91031786a,defa88d894363223
vishalmane109_500_500__251.jpg,500,vishalmane109,CC0-1.0,e33bfef918681200be14e9181690bb9f67699c72e6e8c817d33736572787ce82,fff988c8943232b1
vishalmane109_500_500__252.jpg,500,vishalmane109,CC0-1.0,8f49a8486cf5bacbcb055b1fa515851484a923ba1011404af824f550bf189dd8,efcde8cc86bab191
vishalmane109_500_500__253.jpg,500,vishalmane109,CC0-1.0,6a8dca2a0801eb3e62798450fa39125f6f53d55eefe217975e726edd50600e57,6cc3e4e4cadd99d2
vishalmane109_500_500__254.jpg,500,vishalmane109,CC0-1.0,6c874f467438c4e41af62db0681cbb6d2b3c9a4d242e9c7320f64f6f7cba9989,cc0c4c8e8a293c30
vishalmane109_500_500__255.jpg,500,vishalmane109,CC0-1.0,88713f61303a6c4737a4c2f9a71b775b9e5dde01c45182e7f868c941a2442565,f3e6da58989c1259
vishalmane109_500_500__256.jpg,500,vishalmane109,CC0-1.0,707e22f03a70d3375eab9047a0ed6b3db16685c6ae48e6e0fc46300a2c120fb4,b1b307a84c4a8bb9
vishalmane109_500_500__257.jpg,500,vishalmane109,CC0-1.0,3e79308bd5912115dc1ff1e257c467479fc1c2d5dec6447090351114055fef84,38f1b5a466e4c594
vishalmane109_500_500__258.jpg,500,vishalmane109,CC0-1.0,0ac732f0e9b2b7a2cb6c4fe83a83accf52ba9ca74641076845f5fda35f89ac8f,42c89ceece9eb4b0
vishalmane109_500_500__259.jpg,500,vishalmane109,CC0-1.0,cf741ef7d70abcefbb8a329c881f5e8ee2e61d1523843b5bebcbb85384aba817,24c8c545070d6161
vishalmane109_500_500__26.jpg,500,vishalmane109,CC0-1.0,02da0cf5521633476381ec7f3589bdc9306ceabebb3937b33e18062ea48f07b0,809b928687cb8b8e
vishalmane109_500_500__263.jpg,500,vishalmane109,CC0-1.0,75bef6024d817ab731285eb033f2a5744fd7fa8d8adb4334e2e4d8ee1162b9b9,09b88556031d4561
vishalmane109_500_500__264.jpg,500,vishalmane109,CC0-1.0,cc7c2b52052f5e12777a470519745f920525046926b36682bc72d15c2d92541a,08c8874213145461
vishalmane109_500_500__267.jpg,500,vishalmane109,CC0-1.0,c890d266985e33366d200f1e681f4fcf912504ddadb5b6129f5957bced0573bd,0cc8824213066470
vishalmane109_500_500__268.jpg,500,vishalmane109,CC0-1.0,1fe3e45bd5fb03542a236a2846ff330c32ae7a5a86df2afd3ea1b4448ed34db3,d358f8824b1b8e22
vishalmane109_500_500__269.jpg,500,vishalmane109,CC0-1.0,84ba403ff7c72e2580293372dc0571ba66efb7edb96f8fd6f7d21bbebc885b32,06afecc8c8e0c8d9
vishalmane109_500_500__27.jpg,500,vishalmane109,CC0-1.0,54c767ddbafe3a1c5bb59c0dfd6a42425163a8af6f37e58b77389d7a5a88a73e,c2cacac6c2c2ca34
vishalmane109_500_500__270.jpg,500,vishalmane109,CC0-1.0,0014dea5178ff9afe8bd99399b436c1bd250c9fe16cc43b1a1070ff325197719,c4e430d181818390
vishalmane109_500_500__271.jpg,500,vishalmane109,CC0-1.0,ff5dfa9f31334a3bf5cbf942708349985c3d70dfd1d031b6c28aa5de5bf0236d,30988cc4c4d25201
vishalmane109_500_500__272.jpg,500,vishalmane109,CC0-1.0,41cdaf91448e9fd1f486954cfdc3d9d3cf11deccf6abb7abe7db30f33f99241c,a42c6c68e4c6ca69
vishalmane109_500_500__273.jpg,500,vishalmane109,CC0-1.0,cb8c9daeaa68d4a901b5b30f4268fafdb4a90406d2f348afd7fd50b47088de14,acacacece4e0c84c
vishalmane109_500_500__274.jpg,500,vishalmane109,CC0-1.0,db9443fc3bdc83f4a27388258ac8c166234fa2f737b145332c6adddd91374112,142c2e9280869e9d
vishalmane109_500_500__275.jpg,500,vishalmane109,CC0-1.0,69dc47eedd687cedae11367a621b4e353ffb16a92fa805e7e842eb2b9d5fbcb2,34c8040402030138
vishalmane109_500_500__276.jpg,500,vishalmane109,CC0-1.0,3ab2ddc05ec508b959425e80a84833a45fd6e130749909f92eac1dfe60679eae,a0443463414d48c8
vishalmane109_500_500__277.jpg,500,vishalmane109,CC0-1.0,7628d0c98ceca9dd98bae21aa05d80f59e496bc1f55e1e4b5f919f8789733f39,c581f2a2c5c58ccc
vishalmane109_500_500__278.jpg,500,vishalmane109,CC0-1.0,1f360a6a30d4b33a5506d01311dc09ff92b898d25781d652bc8f3bd4964056e0,e7ff94c486939199
vishalmane109_500_500__279.jpg,500,vishalmane109,CC0-1.0,9448cd8b9e0fdbd879e7d219b7480bbb07d470c888fa26e3eac439d13ec0a17b,c3e3fbfdf595d5cd
vishalmane109_500_500__28.jpg,500,vishalmane109,CC0-1.0,bd08b37c33b2644ea15c8c5a29a483fd4fd8bd5762a845ffa97e3d516e1c28b3,37deaeae968ecd6e
vishalmane109_500_500__280.jpg,500,vishalmane109,CC0-1.0,09b2da99f3147bddb8a82a8c3fc8ccc6f1ea85d2bcb4c9b43fa3c109fb554a4f,f0f8fc529ac3a2ab
vishalmane109_500_500__281.jpg,500,vishalmane109,CC0-1.0,81b4bd98341f75805103299772674959896b19aa1d4516bcfb904569f277c27d,ccfefbf3d35a4bcb
vishalmane109_500_500__282.jpg,500,vishalmane109,CC0-1.0,b36a2ca7c7edc4f2c849d766b70fc2ea47aee7e55a20f0fa232fecd45e1c643e,c1d7fef7fbe1e4a4
vishalmane109_500_500__283.jpg,500,vishalmane109,CC0-1.0,e7f315db7ad847f5250feccdc4102bf093ee38c7d167e849e65142645a285b17,fb73e7e3c785a0e6
vishalmane109_500_500__284.jpg,500,vishalmane109,CC0-1.0,32b5da831d26e16ab40db9db2bad115320b3cb02e14c731a9e48c2596007b955,f275e7f0f0d2a0a4
vishalmane109_500_500__285.jpg,500,vishalmane109,CC0-1.0,cd11651854682b922a4123b54e31cc734f668bc31de4f0da9fe37daef92933de,f8f4f8f0e4c09220
vishalmane109_500_500__286.jpg,500,vishalmane109,CC0-1.0,2d4cbd8db56fadad8f8348b1c38df0983ec7869f888951288160cfc0c4f77fc4,f8f1f2f0e4c2d290
vishalmane109_500_500__287.jpg,500,vishalmane109,CC0-1.0,19849f4d311a85e9b1445fa7e3a54a5b6a2ae97caa43d358ab95acd3aabe9e08,f8e8f0f0c0d2b0b0
vishalmane109_500_500__288.jpg,500,vishalmane109,CC0-1.0,837cd8447824aaf9377cbbb118bc71cb144d2df31aa7a746020edf401bbd35eb,fcf0e2ec60c04242
vishalmane109_500_500__290.jpg,500,vishalmane109,CC0-1.0,7ee3ac1c6e5af5cbd8b3b33ea1e84412cb9c14c87174467a2875d4d04bf6c528,c0c0c0d8d89090c4
vishalmane109_500_500__291.jpg,500,vishalmane109,CC0-1.0,2aa63044288f619b2156f5489d56f4beebd29b5b730258f1612307a4a1d3faf7,ece8606070303030
vishalmane109_500_500__292.jpg,500,vishalmane109,CC0-1.0,d27e4f1c6a369a71d208593a3477683a3fb50fee35ba5fec2ff92ba5ced4a511,00808080804d0b03
vishalmane109_500_500__293.jpg,500,vishalmane109,CC0-1.0,7ac19829278b6ddb829cd85ce5ea56353b1fea169211d9470856e38c4c78ba8e,8898a03838381844
vishalmane109_500_500__295.jpg,500,vishalmane109,CC0-1.0,a6aa97bd5bfe49038c3fc94920d62ee3d7dcda7c87923baec7308bb2182fd8e8,8890a0387038380c
vishalmane109_500_500__297.jpg,500,vishalmane109,CC0-1.0,b88dc6f82e46d4f4e2631959dc26b0a80cab1ea63d7c5b830c08654f1436bbdd,92222041c4c0c0e2
vishalmane109_500_500__298.jpg,500,vishalmane109,CC0-1.0,eab9cdd1af400bd53ea6b675f005c65c0aac7a44c308541a5326bc82e0e3d3d8,c880a0c0d2c2c2c2
vishalmane109_500_500__299.jpg,500,vishalmane109,CC0-1.0,9d8feafecefb226b847a28853ff5e1cca150d6263925f320d6ebcf0b2b2e6fdf,247575ad6cf43521
vishalmane109_500_500__30.jpg,500,vishalmane109,CC0-1.0,d208fec0e7fe5ecd510d76aa5fa3786854b4bbc7aae8cd380fc40a94c4ff7101,2d2d1d1d5d0d0d6d
vishalmane109_500_500__300.jpg,500,vishalmane109,CC0-1.0,64184ae041193e95d9346f9dfc65356ce84c39d0a5f1f0ad80a4bc7c6215092c,12108d07052d0c0b
vishalmane109_500_500__301.jpg,500,vishalmane109,CC0-1.0,0864781f032efa0552e91c2cb59693cf2e1055047655a4dfdbeb1b78d71672e6,32157d2d4c743521
vishalmane109_500_500__302.jpg,500,vishalmane109,CC0-1.0,aa7dfbd1a866cdab8856262686a6695130add11f4a36ed63c82b766e84cdeaef,e2e2e4e448c4c2c2
vishalmane109_500_500__303.jpg,500,vishalmane109,CC0-1.0,9c3a195a55bb0a38d52e540e0e0a3de66cfb471fbd8d6e3baaaaf6c514571f97,e2f2e0e0c8c4c2c6
vishalmane109_500_500__305.jpg,500,vishalmane109,CC0-1.0,047412a92c209755f3cb7f65db3e600655f6d4df21d7338cb3508447df6d0e9f,f1f2f2e0c0c0c282
vishalmane109_500_500__306.jpg,500,vishalmane109,CC0-1.0,2738f8d8fdfe5cfb946c62823e993047cd975fee7e96c38f943d45847e0a547d,2280c0c068444448
vishalmane109_500_500__307.jpg,500,vishalmane109,CC0-1.0,d22b5714c7bb5929d6f6bad79662b2b391120f337a6c05dcc40dae85a6fce05e,58b0e06020440008
vishalmane109_500_500__308.jpg,500,vishalmane109,CC0-1.0,c7eb7db068fd42668e934b8725698f004571c4104ec8e381d4bdff4f93138aa5,485060a020242408
vishalmane109_500_500__309.jpg,500,vishalmane109,CC0-1.0,441fbe26ce3260de43f1619ac38297ca1e1a31baaff72916d4dd044c91288356,6408a04020444548
vishalmane109_500_500__31.jpg,500,vishalmane109,CC0-1.0,139f8056f621c918350ebed6911506b07ffc228eb36219fc4b128f68d1b630d0,78583e3cb8fc3c61
vishalmane109_500_500__310.jpg,500,vishalmane109,CC0-1.0,1689494f2fb8dd59ce3029998ff0d280ba16481ec6fd111209e39cb9def6064d,6028a0c068444448
vishalmane109_500_500__311.jpg,500,vishalmane109,CC0-1.0,3bfe92572884b9019723941bb04bb5aaba5859934db8e87ccd724d1553c6430c,c0e0e0e8941c8c89
vishalmane109_500_500__312.jpg,500,vishalmane109,CC0-1.0,422f1bbbb37fde04fbdd38bc3bac4648c1142da28628a9a856a5f1fd7036a4c7,f0c0e0a0891d0c88
vishalmane109_500_500__313.jpg,500,vishalmane109,CC0-1.0,441b735095f89f78a1ce98343ae040b5a4f2f1e334da6423aa14288f689b31da,a0c04848c587038a
vishalmane109_500_500__314.jpg,500,vishalmane109,CC0-1.0,53ce890d5005d2f27fb796148d4b51bad30178be55ada056a5638d155f472696,804060898d878bca
vishalmane109_500_500__315.jpg,500,vishalmane109,CC0-1.0,27901b23422223f1b36175ebec7cb74e58ce64b82d01f9d45d59bf5b718c35f0,c1a0f0c58687cb8a
vishalmane109_500_500__316.jpg,500,vishalmane109,CC0-1.0,a2ac8e4dfbabeccf2b400b508e4ba2fa9f70300675a7f35d6e9f1e20760fb93e,98ca6c4d4e4bce46
vishalmane109_500_500__318.jpg,500,vishalmane109,CC0-1.0,837971873466f1f30d46dbbe6d94f9e546abed19f6aab6c9485c19f80045ffc2,84e67d4ccecbcb46
vishalmane109_500_500__319.jpg,500,vishalmane109,CC0-1.0,0b15b4e447080aa86aafaab89bb80aea6db3c7327a937f7aaf08b270793d2dfd,e2b392848c961497
vishalmane109_500_500__32.jpg,500,vishalmane109,CC0-1.0,17f122424acf274709e35ecf3cda39f8b859707cdb0fe76d085847ed0b543e52,152020b8a62c7c4b
vishalmane109_500_500__324.jpg,500,vishalmane109,CC0-1.0,db8bd43ae8a96f9ee5bd09263c308e5ef789e45174857eceab644294cb51e5bb,a2b3d39088502484
vishalmane109_500_500__325.jpg,500,vishalmane109,CC0-1.0,e62fedf71413f8b79b1bb1b8f4c2fe6a65391353436f5b1e15826f86aaadc47a,a293d198985024ce
vishalmane109_500_500__327.jpg,500,vishalmane109,CC0-1.0,e47400e229a040e52b25cc87bee63fe71d226eb4111950b622e842788caf02ca,e293d3989852248c
vishalmane109_500_500__328.jpg,500,vishalmane109,CC0-1.0,d4d45aae90d5e189b2434abadb32068b10c78d8c43689ddbc3be49f9b964324b,a193d39080602082
vishalmane109_500_500__33.jpg,500,vishalmane109,CC0-1.0,8eed8bfc64f5d9f01856301fefb4f9bbc29ea80963af4c73db5404ee1c7d562b,8a9b928687c78792
vishalmane109_500_500__332.jpg,500,vishalmane109,CC0-1.0,0b2788c7a7ce0637bf5ba0843c052bf0a41ada4c39f1cffb0e8e89b1505afb3d,fbfbf0f3e1e3e3d8
vishalmane109_500_500__333.jpg,500,vishalmane109,CC0-1.0,899c972885715907ab415be3930b986b58775bb0e977ded4d1dec39bdc39c3c4,a0d0c0e0c0d2d251
vishalmane109_500_500__334.jpg,500,vishalmane109,CC0-1.0,271a38fcbc8a00484f93062c47d52ea7f7308d18b2b0cf303555a4db7553b005,c081e0fad2d2f2c3
vishalmane109_500_500__335.jpg,500,vishalmane109,CC0-1.0,d3b0c120ae9789275271947dd8a9455bd3d9f84c12e8f80630e8b752d24b4715,c1a1f0f0d2d2e2c2
vishalmane109_500_500__338.jpg,500,vishalmane109,CC0-1.0,dd91b8d8a29ae5648254c98df9da932fc2f63ff40fe973bf2c3d48838788b69d,c7d3e3a4c4e8c1c3
vishalmane109_500_500__34.jpg,500,vishalmane109,CC0-1.0,94aa370f5969364eb875740e636a236ba29761f88e0ee5361e06200d1eadf4a9,928b9392828683c3
vishalmane109_500_500__343.jpg,500,vishalmane109,CC0-1.0,5ceb376591773e49f3313433e9b4ce40b981c93982f09f832926d87c8e1bd2ac,e0f0f0f0b4d8f8f0
vishalmane109_500_500__344.jpg,500,vishalmane109,CC0-1.0,0c520a7d830746bfa0f6b81de6ddafebe81406487429cd76989c9667255def1f,f0e0f0f0b4dc68e0
vishalmane109_500_500__350.jpg,500,vishalmane109,CC0-1.0,c0203dfa2e9cf1e697d4f4d8e488fe975d4658e79502a91e04e56c6e14e9f806,f4f0e4accce4e8d8
vishalmane109_500_500__355.jpg,500,vishalmane109,CC0-1.0,e049c222abb3216ae99222146f11219302856f28cafa3781350daa0f5994d96e,d2d8faf8f89c8c88
vishalmane109_500_500__356.jpg,500,vishalmane109,CC0-1.0,14744c874b6a8536072691b6c48ecfdfd5ed68db4ba8c6250c4c291b7446a5d3,f0f0f0d8983838d8
vishalmane109_500_500__357.jpg,500,vishalmane109,CC0-1.0,1a05403b357be5d91e44ac4718749426c7beaef38c48ab5014cba8c6c24ba5dd,ccd0e4ac8cace878
vishalmane109_500_500__358.jpg,500,vishalmane109,CC0-1.0,24144db49b5eaf8e130785bdad0fe96137d265f89192f4aa7b7c6d2f0eadd905,c8d0ec8c8cccc8d8
vishalmane109_500_500__359.jpg,500,vishalmane109,CC0-1.0,6ee6dd63faba465190822b8fd3643365e450a2989155fec5d303bc1084db603d,4cc8e4ac8cece8f0
vishalmane109_500_500__363.jpg,500,vishalmane109,CC0-1.0,f7ff2bf7c791a08f6e1121c11296839a5c0b5c08bc1e6e82e1501b813e8eabe8,c0d0b0b4d4683070
vishalmane109_500_500__365.jpg,500,vishalmane109,CC0-1.0,48caef849d5301b03509fe554724e5bb3206c46704c541e7aff2fedd0aeb5aa6,c0d0f0b494583072
vishalmane109_500_500__366.jpg,500,vishalmane109,CC0-1.0,be2e6e29bb6e4ae78414539e4b108e84072ec37d675ce180cf3ed46b6302398e,e058d4b9c97cd81c
vishalmane109_500_500__367.jpg,500,vishalmane109,CC0-1.0,8397d49aec3dd4705b48c49626810a6655f8c9c0edbd963706f961be4bccb39d,a068dcb9ca7c5819
vishalmane109_500_500__368.jpg,500,vishalmane109,CC0-1.0,6b551dba893ef0e17848d3587289e3336cd44510f43a84887adff8670d85414d,a068d4b9a97c785c
vishalmane109_500_500__371.jpg,500,vishalmane109,CC0-1.0,8be2e0e18820dd72ee8228ca128b7670d80103781b03408369f396bc01262a8e,b571c9d2ecf5e1e2
vishalmane109_500_500__375.jpg,500,vishalmane109,CC0-1.0,8daaec3015c250e6ce0fb92a424abc1c5309125d5cf20ac7c9e7517d8f4aef4b,a0c0c080ada93828
vishalmane109_500_500__376.jpg,500,vishalmane109,CC0-1.0,d30135a7ce00712f5074a980eb9f1f80082ab79f7df9c34635d4c864dd27469a,a0c0c0808d99b8a0
vishalmane109_500_500__380.jpg,500,vishalmane109,CC0-1.0,1194e7c00aef462de107d49326ab6df33b9e1f563db66b935c00d3de828a9e63,b040c4c0e0c9d9d3
vishalmane109_500_500__387.jpg,500,vishalmane109,CC0-1.0,a52c0db8f08a6edff3eb5336e1786feda91b4e197808bc285886306b2222aff7,216352c4bcf6eeae
vishalmane109_500_500__388.jpg,500,vishalmane109,CC0-1.0,76f8a32fc06419c0e6d2d36811a16a9d2d21e4f8bedfc3855b25d355c47f1c13,212342c4bcaeacac
vishalmane109_500_500__39.jpg,500,vishalmane109,CC0-1.0,8665d5694b38ef9a5ba34e1d932435600e4460df3df4caa88034701cce12a511,81414b474349c1c3
vishalmane109_500_500__390.jpg,500,vishalmane109,CC0-1.0,bf18f7c9f60a8f8b15798879a408772f1fad5db67017557df870a530e2412e61,01234244bcacecec
vishalmane109_500_500__393.jpg,500,vishalmane109,CC0-1.0,79a1f1eb514ade64bb84640c3421c77c9d937786ed1996456e7ce8844f1df7cf,00808962705036ea
vishalmane109_500_500__394.jpg,500,vishalmane109,CC0-1.0,c9ba65d54257ae11c035d2ad99a88322d0a77f73addd5c51abe5bf04972cfa51,0080896a70507666
vishalmane109_500_500__398.jpg,500,vishalmane109,CC0-1.0,7fcc295eac0f0882a9333888fc15260fc5eb42314e9b33a6a7c83adf3f7f2ca7,73b8489c58702622
vishalmane109_500_500__399.jpg,500,vishalmane109,CC0-1.0,1d787ca511a810e2cbd71117d861cd6f7e20ec204630bba0fb32c624195691ab,e378189c58702622
vishalmane109_500_500__400.jpg,500,vishalmane109,CC0-1.0,e65f7fcabf302329977d4c95f3960fce1a9ba79461f1f8b2c589dc88d15f626c,e3e20cdc5874a6a2
vishalmane109_500_500__401.jpg,500,vishalmane109,CC0-1.0,422afef88abf7125c4bbba37360550dd724d6e060c2166b61995b13088de9033,e7e62cdc587226a3
vishalmane109_500_500__402.jpg,500,vishalmane109,CC0-1.0,3558d5f94cda94b2ec65e77b78ae841f835aa410c1b9adfb55069ef8e816f8c7,c7c67cbcdc72762b
vishalmane109_500_500__403.jpg,500,vishalmane109,CC0-1.0,b4ba48948cf34d80a3344c61e335efcf8465bc3589e3d979ece6c26d8306400c,3294a89c282226a3
vishalmane109_500_500__405.jpg,500,vishalmane109,CC0-1.0,031a393a576269f3ffbfdfc6bcb5a3596ee3605b11906d3facdac7c836a53276,39b0a8d4682222a3
vishalmane109_500_500__406.jpg,500,vishalmane109,CC0-1.0,e9ce7ba8f99a0227f8207aaa6960a267a78a5c4f816c059f4ad9ca37d50ac485,39b0485c686226a3
vishalmane109_500_500__407.jpg,500,vishalmane109,CC0-1.0,6c4d070ff8b2efced98eace4539f5e847f08be73b18eaae2045d21a9149300c9,c0e0d0d0c6c89497
vishalmane109_500_500__41.jpg,500,vishalmane109,CC0-1.0,09a7329f2b98b880148243653890e959db5439d742787fae8f194991ea2af8a2,002a2e96169e4c6e
vishalmane109_500_500__410.jpg,500,vishalmane109,CC0-1.0,67141fcdce67405e4068fcb694eb49aec32db7f65b9f318ba4383888a9781d7b,c0e0c0c0c2c49693
vishalmane109_500_500__413.jpg,500,vishalmane109,CC0-1.0,e56c3214d25ba870ff9d995f06187d831365104b989b16f0dae76b14f0bc981f,f8fcd0b83cb2f6dc
vishalmane109_500_500__414.jpg,500,vishalmane109,CC0-1.0,2b1a37e9c20aa71a6f517a478fee9eb8fe57822b8c3c8eddb14d4a4990de9d8e,f0f8d0f838b6f698
vishalmane109_500_500__419.jpg,500,vishalmane109,CC0-1.0,e87c1d210c4bee9a0e7f9b843b8abd26097fc620919df9d68cc5e7b643de962b,e070f0e07070e1e4
vishalmane109_500_500__423.jpg,500,vishalmane109,CC0-1.0,aca97c84ebb07fd7632ab30543de3cbfa54366485a69c51892d9ead0ef917354,e8c890a474de9cb8
vishalmane109_500_500__430.jpg,500,vishalmane109,CC0-1.0,46ba3e49ceb2caf92b13010660ae0f4fcae275759c3178494874c08b4b35e481,d8f0ecc0e070f0f2
vishalmane109_500_500__433.jpg,500,vishalmane109,CC0-1.0,7e888e8450213e996a13b84152409086360a125f017d302e29744136aa78f0f0,6466e9ececcc5400
vishalmane109_500_500__434.jpg,500,vishalmane109,CC0-1.0,0126f9963cc9492d14ef965f13f1c163d4bfc795c6ad68111a57d4c5e3b4b408,cce6d1cce0e96ca4
vishalmane109_500_500__435.jpg,500,vishalmane109,CC0-1.0,08fc9daa6e4850d295d8bbbc08f7674f08ce356e5df83d0b33157d71c7759286,49e4d26ce8acb478
vishalmane109_500_500__436.jpg,500,vishalmane109,CC0-1.0,b7082621ef1f26880b33bf048e6f8eddcc54c754ba06d47f2fa3e1262773e521,a691e8d8c8dc546c
vishalmane109_500_500__46.jpg,500,vishalmane109,CC0-1.0,641c6b14cf5a84530d960a7a71eabb3c517a236bd31f222f41e6bac3ef24bb8d,174f66464e06471f
vishalmane109_500_500__47.jpg,500,vishalmane109,CC0-1.0,7e12b827d3b8542decd395626e7e98502052bab832d0096fc97663c3ad91de16,c2cb9987c34b83e4
vishalmane109_500_500__49.jpg,500,vishalmane109,CC0-1.0,d71255042050456631ee561c7528a12e5e1c7e7f94fca4c415fdd0cf01499d8e,6b2ab69e8e9c5c4a
vishalmane109_500_500__5.jpg,500,vishalmane109,CC0-1.0,7d7a581671cbc70b1b8ba4fae0cd53acf70fd4f454767ee0b0538e8a6946775c,848c9c9c98481103
vishalmane109_500_500__54.jpg,500,vishalmane109,CC0-1.0,5eb470c4deeda367cba5a857dd6b771267d737311de2c9ba79bf6e6df878e8f5,d8f8ee969cd8d088
vishalmane109_500_500__56.jpg,500,vishalmane109,CC0-1.0,67bcfde7901f5e771093e22daccadba97957e8e6d7d77f368baaead316c1b702,e82e3e1c1c0d6ce8
vishalmane109_500_500__6.jpg,500,vishalmane109,CC0-1.0,372e9416ff065387f90bdbc53d66dd73da7884c25cf03a5355d5d417554b5f75,2e6e363e3e4c4ab6
vishalmane109_500_500__64.jpg,500,vishalmane109,CC0-1.0,6617424e49e6e0be86520a04732ea092e797a736508c2cd86ba57774c7635e56,828a928686cb839a
vishalmane109_500_500__65.jpg,500,vishalmane109,CC0-1.0,6facaff0e3a12fab6b3b73beeca6ae3a06c76ee3ca38c38a247d39c98586b4be,ea2e9e9e9c4ca2a7
vishalmane109_500_500__66.jpg,500,vishalmane109,CC0-1.0,a65a581065de7d45dd917ee5d7f6c311d0d5b149c918dfceeb67abc6f90eacdb,28150f0c0d0d3524
vishalmane109_500_500__69.jpg,500,vishalmane109,CC0-1.0,908b859d16b8a90305b4217a8753fa75250246feea5a9b84bd10bd105d6c932e,69673f39dd7d79fe
vishalmane109_500_500__73.jpg,500,vishalmane109,CC0-1.0,800d8d5b5e4cbe51261cae2249f35afaa0ad73bb271550ffe07d7e9f32132920,7030585848082870
vishalmane109_500_500__75.jpg,500,vishalmane109,CC0-1.0,8adca9ecf9a4a6139beadea40fa28b38f99ca0132d7f730ad8071e34ccda7dc9,6a2e9e9e9e5c4a92
vishalmane109_500_500__76.jpg,500,vishalmane109,CC0-1.0,33ca06cbb2947d003d974d199eeabe1e61b99089b178e47aae7a6f4aba65117c,786d9d3c9e9f569e
vishalmane109_500_500__79.jpg,500,vishalmane109,CC0-1.0,731b83289f237ea766265ba64da43e192c72ed4293f40cc9251301cc02c74834,92cbcbcb8b2732d6
vishalmane109_500_500__84.jpg,500,vishalmane109,CC0-1.0,932bd0e33515b1afdb7204714c880b4dfb7460c85fd72635df80b0fea259fa14,2a2e96161e0c4c6e
vishalmane109_500_500__85.jpg,500,vishalmane109,CC0-1.0,da9843d9b4f0394fdbc946b4d8691eea92d7d209e9c1820f3611116452c82965,72632d999b86a459
vishalmane109_500_500__86.jpg,500,vishalmane109,CC0-1.0,048c24102f0a9aeb0a404c0da49e3a299d1cd13dbe767e007400d51d67ed1632,f2d62e9c48ae8ece
vishalmane109_500_500__87.jpg,500,vishalmane109,CC0-1.0,5f0e5ad141c7d0e6e30be86978430e87e860ef35a84a47830522cedf8f1e17eb,15e82e9e1c4ce209
vishalmane109_500_500__88.jpg,500,vishalmane109,CC0-1.0,23978e720260773832bbe51f807ccd0ede616f307fd82db4d677d5aa6809ce53,d6952c4f998de571
vishalmane109_500_500__89.jpg,500,vishalmane109,CC0-1.0,428c459ad9d71a47240f78e5e73bfa1801a5fc40eb64b3ef09150bb2f6d445ad,39457737b7969584
vishalmane109_500_500__9.jpg,500,vishalmane109,CC0-1.0,7c7bdbd7efcb43d92dc42cfdaa48502fd96abeda519ce32e642710f8235df2c9,ee2ebe969e9c4cea
vishalmane109_500_500__90.jpg,500,vishalmane109,CC0-1.0,f41315a576ad3e4dd2bb9e0a6b25fdc5cd2c14c7dda8499c9954a9765a5fc13f,2ebe9e4e8a9a8683
vishalmane109_500_500__91.jpg,500,vishalmane109,CC0-1.0,fe285e4323141c1bee1c86e08f17eb34d8de4ba03132d82a856d720a1e70f40e,2d151d652d1d1d6d
vishalmane109_500_500__92.jpg,500,vishalmane109,CC0-1.0,896c156ed780179a2b084d4c32a0dc8bb1d8cfcc1667fd96c569dcb6fc11811f,65279f9f9f0e4fe5
vishalmane109_500_500__93.jpg,500,vishalmane109,CC0-1.0,91b4b6cf3ec501aefc844128d0dcfeca55d219709eb473d86cc5bbf6f2b25292,f02aae9e9c1c6ce0
vishalmane109_500_500__94.jpg,500,vishalmane109,CC0-1.0,0f205f6b675c2a69d091f262e126dbd4120c170aa14f8eee476fde2d3764a7bd,2d1d1d6dc9d3c74b
vishalmane109_500_500__95.jpg,500,vishalmane109,CC0-1.0,7ee55ca9233292107412c98dd3e845a02d2dc3c432477292e1c8705bd7567beb,6c2f9c9c9c1d4cc0
vishalmane109_500_500__96.jpg,500,vishalmane109,CC0-1.0,f86b46bb525465c00784a0f164564a36d16d45e124cda347fe20a1278d405998,9c3c2eb637323298
vishalmane109_500_500__98.jpg,500,vishalmane109,CC0-1.0,c8611f1e1c06afb85b8034dedd3ad62a8a8a6fc25af58178be8835199d4c82d8,2d1d1d49d9c7c7cb
vishalmane109_50_50__0.jpg,50,vishalmane109,CC0-1.0,68a47ed3624c3415f031aee5832e5aa8980d4c2a520705ae7e7df45fbbdeaa3b,3c7ffee6cef8e262
vishalmane109_50_50__1.jpg,50,vishalmane109,CC0-1.0,992b4d369778019ef352cd38ad9ddf91609aefee96dc77a29f49f6c75dd86eac,07ced09990d08031
vishalmane109_50_50__10.jpg,50,vishalmane109,CC0-1.0,b6ad53a747eef9354c50c4c21185ff02f17aad7fae9c91427472a06946e85e2f,c6e3f27870133cf8
vishalmane109_50_50__100.jpg,50,vishalmane109,CC0-1.0,ec55cf107a7da971a5c256963f4ef778fefb7a946f1af6d6c653e0a9532f6920,00656cf8f8f8f87f
vishalmane109_50_50__101.jpg,50,vishalmane109,CC0-1.0,2b9a3cd1afc67aa559fa7bca47ade08271efec679f1dea65b70eb3b7357de4dd,436159d8d2b39bcf
vishalmane109_50_50__102.jpg,50,vishalmane109,CC0-1.0,5f81a07b805891db0d9926377715cd2726d48816c67370d8d1076de83403da9f,870f49c8ccd090d8
vishalmane109_50_50__103.jpg,50,vishalmane109,CC0-1.0,9736ec0ff19fdf7dc08c5918452be1412ec3d0fb1d5e7319769638f37f40001d,0238f8f8fcd8627e
vishalmane109_50_50__104.jpg,50,vishalmane109,CC0-1.0,a532d1be0027c309a5932f89f933e6400e3049dc853f0f5711c15ba69ff4982c,ccc743ded093ba8c
vishalmane109_50_50__105.jpg,50,vishalmane109,CC0-1.0,ffb8a714cff032c98b7aff7e3ac39c1fd5bf56e4d3c23c1ca2faea2cde08836e,a6134dc9c8c2d1d9
vishalmane109_50_50__106.jpg,50,vishalmane109,CC0-1.0,5848871ea673115eb9846c11541e0fd46e81bbf3708b5b2043233034eb2fbfd2,861663e0c891d5cd
vishalmane109_50_50__107.jpg,50,vishalmane109,CC0-1.0,0f4f9068a1b4aa8c8326870502c422b7d5af7635bdf4751787abdfc5f056065e,88e9e1e1e0e0e01c
vishalmane109_50_50__108.jpg,50,vishalmane109,CC0-1.0,3e0d9d0bc9122b5ae6bc7c508bbb5b1ed50fec451f31df3c22f48f823d962076,06c8e9f17171f999
vishalmane109_50_50__109.jpg,50,vishalmane109,CC0-1.0,d08987df57664d34ff0376182ee2f3a07d90248c6c31070e1a391ac9d00f370b,1026e4fcfcdcdc37
vishalmane109_50_50__11.jpg,50,vishalmane109,CC0-1.0,25ec6d06dc4e12b1b429e3d5786bc5152f7d26d81cc4ce86e426a25e85fa7437,4108e8e8ac839345
vishalmane109_50_50__110.jpg,50,vishalmane109,CC0-1.0,070bb833cce825c131b75258b38448c81d1ef1977b7dd98155241a32c5133f80,a464e2e171605258
vishalmane109_50_50__111.jpg,50,vishalmane109,CC0-1.0,a43e69393605a28c8f579b313c631d5ac9bdd97101f839d01f6dfb6bf86e6f1e,786dadedcccfdab9
vishalmane109_50_50__112.jpg,50,vishalmane109,CC0-1.0,74412afa867bb9c39b87c924d9f5c3fba48c9f5edeb121873c1834225316e011,464c89c8cbcae0f1
vishalmane109_50_50__113.jpg,50,vishalmane109,CC0-1.0,871652356ace1707216879a38e174f466d759e5ac8cb4863c1c4cbdd2ea7fc05,0000440149c9c9c1
vishalmane109_50_50__114.jpg,50,vishalmane109,CC0-1.0,5873ef71fb27d06ff524c850afb292e7f67edd952ee5f166c10b5128cd399266,003b1f5d5b030700
vishalmane109_50_50__115.jpg,50,vishalmane109,CC0-1.0,9fe05cd297c4822ca8b3cb7542fb92ae878dc13846515875e7231811547b121a,554cc9c9c9cbe971
vishalmane109_50_50__116.jpg,50,vishalmane109,CC0-1.0,a36ec5c0f1477a4071796709b5573dc2158e48474453c5aa236d471d86f7b600,1824b0fcdef87876
vishalmane109_50_50__117.jpg,50,vishalmane109,CC0-1.0,112b74fbb7f4c113450476a479fae15abbd8750ab3dbd0a39eb893052c2adf92,d2d2d0d0d2d2c296
vishalmane109_50_50__118.jpg,50,vishalmane109,CC0-1.0,5c702e7d5110fefc600462c38413457c9fe54d1446f718c5dfe361d5a68baeb9,1048318f8d8b19e0
vishalmane109_50_50__119.jpg,50,vishalmane109,CC0-1.0,c646b40923b120f67153628f54feebfc2508777548bf4ee2d7c13932aa04360a,4545464e0e4e7671
vishalmane109_50_50__12.jpg,50,vishalmane109,CC0-1.0,c6188f4251444058c7a46f3606593d8be24e36cfffbe1670d9c871ecea2e1e22,90d83866e6eec8c0
vishalmane109_50_50__120.jpg,50,vishalmane109,CC0-1.0,999b271200307a8654772c828db088127a091a2c2520418b7638bd165e35f2f5,4a2f179f1e1919ca
vishalmane109_50_50__121.jpg,50,vishalmane109,CC0-1.0,0bd9b0e52eadd7a65d1204bb6daac70ce036165f8fa1506097acee56560b4bd1,0e0b4c0fc3b1c9c6
vishalmane109_50_50__122.jpg,50,vishalmane109,CC0-1.0,86e0e42b0eec2a7ab4f93a258e7cbb503fd9082ec91f76f2dc0b65ea88365292,418aded4ca8e3101
vishalmane109_50_50__123.jpg,50,vishalmane109,CC0-1.0,d634332c67e3a39a4bd028898aec24e1606c3c08b5a5998bdecf79006d94a556,01384f4903034116
vishalmane109_50_50__124.jpg,50,vishalmane109,CC0-1.0,3f911a69500d0196e4c973e7c01d7ca5c836d9ef01087a9c0f8aa4fd509513d9,832341514903b121
vishalmane109_50_50__125.jpg,50,vishalmane109,CC0-1.0,6d87481a9fc391e1d7e0d6c0f346b09cf0ca099b550351dce7cf519e55ab3f04,5b1b42470703035d
vishalmane109_50_50__126.jpg,50,vishalmane109,CC0-1.0,b73698a787b5fd31f3c976dfaa37fec965cadf3f3df15764da7b64b968274931,ddc9cbf101090504
vishalmane109_50_50__127.jpg,50,vishalmane109,CC0-1.0,8ad22a6ee11c3f3b4866c5d64483908751803ae849589be4943c892afcfd7447,20b8f0f4f8f001fe
vishalmane109_50_50__128.jpg,50,vishalmane109,CC0-1.0,9d5743391b90dc51bcfebd35c8e24906c3598b476bbd80fcc5b1904a2a7e2693,b0e8e4ccacacf2f2
vishalmane109_50_50__129.jpg,50,vishalmane109,CC0-1.0,367a636c8e9cf97d7e749554705921c3f976539acfcdd6c9e97b797a010be970,792b1d1d1d191b19
vishalmane109_50_50__13.jpg,50,vishalmane109,CC0-1.0,066450eac8938bcbf19612f01c6416c7d731924dfe5f23dd2a0c407b970d8b87,25a848d9f958cd8e
vishalmane109_50_50__130.jpg,50,vishalmane109,CC0-1.0,98c907e69f2ecb8ba93397219cfc6df32f1e158929466df9902f6f01cf6ab230,8ac3d2d2c1c3419a
vishalmane109_50_50__131.jpg,50,vishalmane109,CC0-1.0,192c146b6075c8d7be8d9da5e7c9b758d4bb2882a6559c7c56b904c5f486b559,c4c47464743670f0
vishalmane109_50_50__132.jpg,50,vishalmane109,CC0-1.0,692231666af243645f132a7b55c696a59a1d922ee69dfc0f550f3dd773bf5fcc,0c8d5347474747d9
vishalmane109_50_50__133.jpg,50,vishalmane109,CC0-1.0,a087e165b32cc419735b7e1a62f961c75bc7c182d2c656517f67b1ddd941f446,5ca75b3b373e3976
vishalmane109_50_50__134.jpg,50,vishalmane109,CC0-1.0,d3b1b1df0f89a125e7772d726ede53f3ec1b123fbc749ac6409bbf3ed1470acc,44766e4e16667371
vishalmane109_50_50__135.jpg,50,vishalmane109,CC0-1.0,e92a67d1eb0b01a222add2a0f2bb37dfc7fca34827c441a7c0e6509f1b61aee8,54cdc9c9c98b88f8
vishalmane109_50_50__136.jpg,50,vishalmane109,CC0-1.0,2a35d4b334cfbf106bbab27b6095a0ecb56c94fd7afb5d878f07e3aced9353ca,454dc9c9cbc9550b
vishalmane109_50_50__137.jpg,50,vishalmane109,CC0-1.0,066c18430215e9a64dc2c14f0a50388d657ecbe4d4c22828f6457a3839609ced,18dcb49c9c989800
vishalmane109_50_50__138.jpg,50,vishalmane109,CC0-1.0,fb1b8749f3c8a8492a2ad0fbd703c159cc8847a4bc79fc783192ae9d68d5b6b2,21dcf0e4f8f0017e
vishalmane109_50_50__139.jpg,50,vishalmane109,CC0-1.0,7d84b99914d1a84aabd9a1c735e5337cc8804f7016672149addd281b30a2e805,695949e9cbfd696d
vishalmane109_50_50__14.jpg,50,vishalmane109,CC0-1.0,1df85a7f7990d2e0570d18d19fb1a7e781d8426fa9557984bef5717130c43ece,248cc641f0e072d0
vishalmane109_50_50__140.jpg,50,vishalmane109,CC0-1.0,7f5b03ee90508057c913af131ea05b1bc77f8fb29fa4cc481f2a34cd30d4b1ac,ac9fdddddddb8fbe
vishalmane109_50_50__141.jpg,50,vishalmane109,CC0-1.0,eb6745fdccb5c33f29873941f10aceccb474480c3d9d1734bbe25b676120ec62,9c0eb60785a1809d
vishalmane109_50_50__142.jpg,50,vishalmane109,CC0-1.0,801f20f8a2b26268dc300ccd45e0fef32d003faaebcfc1c5265a76bb9d961aec,7d6c796d69697d4f
vishalmane109_50_50__143.jpg,50,vishalmane109,CC0-1.0,2e720df7983d1cf2b48f16240c8ca1075d282baddd0b439cc3afb6abb8c756e1,33928e8eab868393
vishalmane109_50_50__144.jpg,50,vishalmane109,CC0-1.0,5fc4c63336e254c12702e10526ef1534ca311eb07802aef6d77f208061f0846e,fa7af4d4d4f06286
vishalmane109_50_50__145.jpg,50,vishalmane109,CC0-1.0,1a47466f1fa7fc780d4b1555c4f4547b20f5a9d9c4d25a5645f3b44074168ef4,7973d6cecd6fbb79
vishalmane109_50_50__146.jpg,50,vishalmane109,CC0-1.0,d4ce92e75eb6af20a0e63cd5e4fdd2354bd058be641287ef9d6aff7808688077,a6061a33373d704b
vishalmane109_50_50__149.jpg,50,vishalmane109,CC0-1.0,9f63b0e703e8baccc00ab7b42a1a209adc1d86416f2a4770c35d5b287c4cebe5,72e838fcf0c1987f
vishalmane109_50_50__15.jpg,50,vishalmane109,CC0-1.0,466f14aa8569d383ae6133ba4da9da0ab3002ed3fa6f7453a1f85658f8e7ef32,df5dd1d1c1d6defc
vishalmane109_50_50__150.jpg,50,vishalmane109,CC0-1.0,afa3d53ad2668bfd0cc57005740877bc5e206e5d219df4c8d76265146d2cf439,e88a9e9e8c888888
vishalmane109_50_50__151.jpg,50,vishalmane109,CC0-1.0,c283403911c95eafd14a48e70562ac556aa920cfa0782d9a8a47e70d3f8ffc1a,8e8e8ee9e9f96933
vishalmane109_50_50__152.jpg,50,vishalmane109,CC0-1.0,da72d111f25f8f384b95d3aed20bb6c0dca585072be11d5ff10a2d0341b3c3d0,00ea2a9e1c09f211
vishalmane109_50_50__153.jpg,50,vishalmane109,CC0-1.0,d71d2ea5840386a86810d717f9cf3e9ab21cb991748b040dc6b2d81e18d58367,a0a11318098b8b21
vishalmane109_50_50__154.jpg,50,vishalmane109,CC0-1.0,0c9014befbcaf2f7632824c47f79bebe11d1403d385fff5797717dd3d1ca6911,074666261c162e69
vishalmane109_50_50__155.jpg,50,vishalmane109,CC0-1.0,fcb631cc33aa508e533fc2d3522d0edc5e180891c2ebd1557697cad6eed95c41,80c0a09d98d89c96
vishalmane109_50_50__156.jpg,50,vishalmane109,CC0-1.0,1e33e33645d3576297e0ffb09cbca63bdb2c24e082bcab8c1d721da64ee4c044,70e0e0c0d8be564e
vishalmane109_50_50__157.jpg,50,vishalmane109,CC0-1.0,8b8ffc536d73130851bce96d3903cab3202eada4dfd7eb293315698df5c0cbf5,320e0a0a4a0e2623
vishalmane109_50_50__158.jpg,50,vishalmane109,CC0-1.0,ac3d087168a751826d1ca2799b8277540018b02651afde2c86a8cd00adc04271,8cc1ba9eda7c1c02
vishalmane109_50_50__159.jpg,50,vishalmane109,CC0-1.0,45854293aed1b44c10b386800573b216a47fd6525677b4396a84d7ed5056b305,210919e1c74f7d33
vishalmane109_50_50__16.jpg,50,vishalmane109,CC0-1.0,71f3ff776a9774846cd332e42403919cfec8b3a8b328d549d3981dcd611f9e23,c4d068f9e071a999
vishalmane109_50_50__160.jpg,50,vishalmane109,CC0-1.0,e43fb5216b54c68f90ed0bb53205f050811048287ab5dc39f3b61cf4324185cf,55456e4c6c647131
vishalmane109_50_50__161.jpg,50,vishalmane109,CC0-1.0,f7991991b27351a851532229e143e8961c4906657cf00bd4541c3cb4a03fc77c,6979d0d0d0f17321
vishalmane109_50_50__162.jpg,50,vishalmane109,CC0-1.0,61bdfe893bc9575eb5cfde5b69da40ea4f542129b5a8ba59d53deee3462c0146,cbeb9b9b93db1f3d
vishalmane109_50_50__163.jpg,50,vishalmane109,CC0-1.0,1518544696cbf32a900104037cf521b8082a9fcbb1a45a5c90266e59f77e7ed7,446d3939392bd126
vishalmane109_50_50__164.jpg,50,vishalmane109,CC0-1.0,557d832572764cb55e5d93dae6067785eac2a8b5bd3e17257d843b0beeb3831c,8a93969681c3419b
vishalmane109_50_50__165.jpg,50,vishalmane109,CC0-1.0,ba057f1d0e732ad54c4ab8576d3037163d784566a26d1fc7c901aa6b15cf6469,564ec948c9cbd858
vishalmane109_50_50__166.jpg,50,vishalmane109,CC0-1.0,0e62ca33e70ff1b4f10ec8cbea76b235c600403c282b011c21d27e50bdb2307e,d182dcdc888aead0
vishalmane109_50_50__167.jpg,50,vishalmane109,CC0-1.0,9bab86f78fa00cabdb418556f68177d8c458d4dc38d2ad853fc1d945c6d98134,654d4969494b4131
vishalmane109_50_50__168.jpg,50,vishalmane109,CC0-1.0,bbaff5451e78ce9fb6a46c766733a8a6af0aba775eca3e0d9f5053d4efe03683,5255766e4e667271
vishalmane109_50_50__169.jpg,50,vishalmane109,CC0-1.0,7183d44231abd4f36adfade226ed95328595cea7e0b7b7bbdc76861ce8fa2ad4,f0f070d1d17060f0
vishalmane109_50_50__17.jpg,50,vishalmane109,CC0-1.0,ad7f382becd6700ad2e71c085a48cd884705076c388a95e89d7d04c3f087d72f,508048c8ca8a2291
vishalmane109_50_50__170.jpg,50,vishalmane109,CC0-1.0,5795969ad3d3f138a92f11e06a45c8f312d8f1e403a1dbeeaac6128775c9ab10,001b17d4505b23f0
vishalmane109_50_50__171.jpg,50,vishalmane109,CC0-1.0,24fb9e6f86e4ded176b9ebfa5e3a0cd3daa79329fc7d274313b124bbd6a5bdf9,66767636b63e78e4
vishalmane109_50_50__172.jpg,50,vishalmane109,CC0-1.0,f591e772d3a9518405ad5695f27451b3c50779028594aa1434f4ae2d4b9fecc4,16965957c7434349
vishalmane109_50_50__173.jpg,50,vishalmane109,CC0-1.0,4adcf469212dd7808c7bb8ae8ace8220517dd43ec0603f1010bca8f050fcfec5,070c4c2d8f9d3f37
vishalmane109_50_50__174.jpg,50,vishalmane109,CC0-1.0,01c6a4609be187441266ea0e043ad45fec0201990b41cf753bc337d6a175520c,9d33213032425614
vishalmane109_50_50__175.jpg,50,vishalmane109,CC0-1.0,25b691453c8c43466f94724abb2e4d7a9e00dbf5a9964518b81981fcdff63338,6a2b9c9c1c1819aa
vishalmane109_50_50__176.jpg,50,vishalmane109,CC0-1.0,61092db6f6fd3cec12f27fc7d1c92dbbb0605354bb327ff5374ad7ff4907746a,feaaae9e9e98b9ba
vishalmane109_50_50__177.jpg,50,vishalmane109,CC0-1.0,0682eedcfb8a7bcd6ce2f41c6c8e2d170243419e64b10c76c65a758c18932ee3,c82a1c1c1c1929c8
vishalmane109_50_50__178.jpg,50,vishalmane109,CC0-1.0,6761b386b4c22f0e7690fc4e0cb57929a39abe2d816d327f4e0e0a177e55bb0b,126e4e4d13133316
vishalmane109_50_50__179.jpg,50,vishalmane109,CC0-1.0,26fa8ea7b0a31e46ec974879c618f5205e02b4dfc62b8b01e49459483d630677,c2ece49c9c9c9898
vishalmane109_50_50__18.jpg,50,vishalmane109,CC0-1.0,a53102aef0876e90083f027d8cec58169709046898aa38e6d01e6b07d9770979,081812524849c898
vishalmane109_50_50__180.jpg,50,vishalmane109,CC0-1.0,5f01c1527a0dbe571dd083022fb2083f7070e9e9bb25f7e49609a8a93794e321,5551664e1e266673
vishalmane109_50_50__181.jpg,50,vishalmane109,CC0-1.0,c9fac64591121c7d5097702b280e9395b0b8fddea90ce94a5446dfff6572d24b,59d7c74343ad2d00
vishalmane109_50_50__182.jpg,50,vishalmane109,CC0-1.0,d45a3aa5b6c491349a80df0d7742606d66941a490fb47dc2f8f3985e2e261e1a,fb7b2fede56b2e1f
vishalmane109_50_50__184.jpg,50,vishalmane109,CC0-1.0,1348bfce348f2e5908057c1970e327f8fc4ee951ce574c9541e146ddcb5f9ffa,80152d2d3d33804b
vishalmane109_50_50__186.jpg,50,vishalmane109,CC0-1.0,ea1f6cfb76e241aa045e06d9cbad612b7873bebc3d6e7a620f2cbea18dd56ad1,ea2b1d9b1c18199a
vishalmane109_50_50__187.jpg,50,vishalmane109,CC0-1.0,63fff83e619cc89e02edb719193093d6785787b1100bcc451916221a2e431fad,665e3a13171f3c70
vishalmane109_50_50__188.jpg,50,vishalmane109,CC0-1.0,a2c905f8608b2890daa7871d4a916e75c89808a71fd639cb9a2ebcbd8a963081,c4cec9c8c8cbcaf8
vishalmane109_50_50__189.jpg,50,vishalmane109,CC0-1.0,b9fa2792fbe86c2fe8c3ec1e390981d77dcc825342aa8c064064ef861aa15b24,f0f46d652c35334d
vishalmane109_50_50__19.jpg,50,vishalmane109,CC0-1.0,1c8df421cccf595cfcccf3a88ab1be2ea1d78f95f793d2506e6760782c3b3fdf,086a48c98a8b03c1
vishalmane109_50_50__190.jpg,50,vishalmane109,CC0-1.0,6015ba562d56231c0a8abf9db7337edfb8fd42a7c28877a2665ed67450d98914,38e1d4f8f0e26370
vishalmane109_50_50__191.jpg,50,vishalmane109,CC0-1.0,20387dda3ae7ac46a2d3d7e7a6d9760efa1ea44f780ac3897555fe24f73b3107,b4ccc9c8c8c8c8e0
vishalmane109_50_50__192.jpg,50,vishalmane109,CC0-1.0,976df86754103060b6e061ad9c606dfc772fb7642e4560b14bee0a237f2d0c58,4fc9c9d359473e3b
vishalmane109_50_50__194.jpg,50,vishalmane109,CC0-1.0,a652c2a78149d172375fb7c3c348c4368885242cb924f79ceed2b554b1e83fa6,3b31713130111949
vishalmane109_50_50__195.jpg,50,vishalmane109,CC0-1.0,a86ea244e7af2e461e2405aecd9a17f4598d09ca0045dde64da7f4f07b03318c,43d2d2e262711999
vishalmane109_50_50__196.jpg,50,vishalmane109,CC0-1.0,2cb54f9e441f617b1f070a2aad1d9d8802b8dc77b44c5a834f3d336a5e1e148d,0c4971717159a1a5
vishalmane109_50_50__197.jpg,50,vishalmane109,CC0-1.0,785975f1f29cb6bd31c45783bcf0de5954341f8a13135ee4b54e5fa9864b8a7b,373279f4d0595244
vishalmane109_50_50__198.jpg,50,vishalmane109,CC0-1.0,51e47fe919313057a6faf1823477d5a08f400a83b1f9d15796a6b2b0e0574d3d,26d3d0e8ecaca7c4
vishalmane109_50_50__199.jpg,50,vishalmane109,CC0-1.0,c16567b0fffc3a63799555a64c287333d89ec02f8f15aa6073a850f950b43423,50c8c1e9e1a1c89c
vishalmane109_50_50__2.jpg,50,vishalmane109,CC0-1.0,3e1d6b5437395923d6dc97af645cf3bcea69f0eb7737707bb77ae2b04eb12625,99e1e0e0e3ef7e59
vishalmane109_50_50__20.jpg,50,vishalmane109,CC0-1.0,fe4d1fdca4e76d463b42fdabdc9a79a76c46ebab3c6b882f770ec7d382d8289e,f8f8b4b0abae1ef8
vishalmane109_50_50__200.jpg,50,vishalmane109,CC0-1.0,630ea2440810b587df143c99aced2594da1df1ae61076d0d514f67cd8e3692cd,30646464646070cc
vishalmane109_50_50__201.jpg,50,vishalmane109,CC0-1.0,d9e132607b44572786861b1d4807031e43e261cabe466047a4229f01ecd4b1d3,04cde8f89efefef1
vishalmane109_50_50__202.jpg,50,vishalmane109,CC0-1.0,7d1caee2328a56433ed1c376901ba53cb1b27da48a943a804293e4ffd6b0c986,87c3b0acaad4f8f8
vishalmane109_50_50__203.jpg,50,vishalmane109,CC0-1.0,149ee3f9d52104fe6c59908c117e3656f7e9190ba7e4c04da124c27fe8fb9a14,5b41e0ac8cb6544c
vishalmane109_50_50__204.jpg,50,vishalmane109,CC0-1.0,b3a2fb2f8d8889415839d343e976ce07e43d977a80743bb36ff320651f586c14,3b41787060e0e0a8
vishalmane109_50_50__205.jpg,50,vishalmane109,CC0-1.0,41cd79d4a8562812c02675bdd10dc85ee92332ebb8c1e9536aaf7fdbdcbcc8bd,9d99b43430705046
vishalmane109_50_50__206.jpg,50,vishalmane109,CC0-1.0,9bbf0ccb34b4b111b829f053ce8e980ee458b80815b8c5d9d77bef8a98443cc4,3b6361694948c86a
vishalmane109_50_50__207.jpg,50,vishalmane109,CC0-1.0,912f3ea0f130543a5d8dc2dcc8a8d418c4c0bd13105aa3d8955c710dd038025b,8793b3637b333333
vishalmane109_50_50__208.jpg,50,vishalmane109,CC0-1.0,d08a6ade0e84314a3f8c37326604bb09a0b6918cdf5838cac8e2b0b8fe9c9f80,45ecaee5e5ee9e1e
vishalmane109_50_50__209.jpg,50,vishalmane109,CC0-1.0,a0cf952122f8a9e0d3ae8b19bbdd0b69260058fdd6c2861357382890d8356a60,4662ca626b6b7333
vishalmane109_50_50__21.jpg,50,vishalmane109,CC0-1.0,1cde94628ffc3759d2f0d434b9e6122989ff6906307b02c60dd2ba1604ee84e9,a0d8d0d1dee4f0e0
vishalmane109_50_50__210.jpg,50,vishalmane109,CC0-1.0,ba4991a62156adc57cabfc6f3b1c8e4e149bd7201a9137ccd0a4c554efc3bcd9,0e66c692d276666f
vishalmane109_50_50__211.jpg,50,vishalmane109,CC0-1.0,3012fe96e7ed9ebabc3110addcb4855d378ae6ab6f0c497cb7c9910a7e2b7283,070b6b4bfb333333
vishalmane109_50_50__212.jpg,50,vishalmane109,CC0-1.0,f88b8f99e8e53ce21a88fd86aa6aeb1163412ad27b7e901a25d338a9d127cd4c,9d1f7768740400f0
vishalmane109_50_50__214.jpg,50,vishalmane109,CC0-1.0,d4dff4f946e021bc9cc32df0bdc01ab302f4b166673bad76beb13a58143c1baa,0763cbdb33676727
vishalmane109_50_50__215.jpg,50,vishalmane109,CC0-1.0,718096ff7181c533baad39ff032b32dddf791ec43e158fc13f01193ab4b36b2f,464b4acbbb333737
vishalmane109_50_50__216.jpg,50,vishalmane109,CC0-1.0,a759959e0182b71a6bedfbbd69ff3a7ea837bec02294944aa89f181b515e3c05,86c2c2a226a6a66f
vishalmane109_50_50__217.jpg,50,vishalmane109,CC0-1.0,cf60c198b1f314a861a3addcbcec85e4da4742a682d7386d261f687d785d4d50,0766c26362666627
vishalmane109_50_50__218.jpg,50,vishalmane109,CC0-1.0,960b6e925648c4eddda22a69111e7823cdb3d5443cc9c633153c419cde66150f,0e86c2c276666627
vishalmane109_50_50__219.jpg,50,vishalmane109,CC0-1.0,472251778293b5fa5a66a906ff4ba5eb48429fe178ecd9b75eb3250b33dfdabf,f2e0f0f8e8dcce76
vishalmane109_50_50__22.jpg,50,vishalmane109,CC0-1.0,f434dbf7bf49474d3b591cfad07e4255b98e1e959fd97060d6703b91d2b5772a,e0f2e060333ff8e0
vishalmane109_50_50__220.jpg,50,vishalmane109,CC0-1.0,4c1a3c12204235850e57527f3ee474fbcb99649486de06bf8dc1665bf19de7c2,0e2662ccac383696
vishalmane109_50_50__221.jpg,50,vishalmane109,CC0-1.0,40bfc2a29acbc8a365be64d15589f22204b1b0f932b7ce0ce98643db81981951,70f9f1f0f0602430
vishalmane109_50_50__222.jpg,50,vishalmane109,CC0-1.0,6a7a484a9c356b536f59988de2d598f38cd5c5a518ea7e00c0c7bb00b24e4952,06c2c4acac34371b
vishalmane109_50_50__223.jpg,50,vishalmane109,CC0-1.0,9e65715ee57d3d0eee48275e78f0eebb8120d762336b24138aa56c266afcfecb,0f9b1ad9d98bc797
vishalmane109_50_50__224.jpg,50,vishalmane109,CC0-1.0,5f2a352965158f15181a71ff8d3af71a1609fcceae69cbdb6ae75e749de442fa,f898f0f8f0f0e248
vishalmane109_50_50__225.jpg,50,vishalmane109,CC0-1.0,d8f0c57cf63335d4192a71d2cd0fc5bea7db6ed7c72c9145a305d555a1df39b4,a6fefabcb6ce70f0
vishalmane109_50_50__226.jpg,50,vishalmane109,CC0-1.0,1330fc248b44be3ca94369a0e2159ba848ad1c72aa608e8d103d0321c5bd4a68,1bfbe9b464c09834
vishalmane109_50_50__227.jpg,50,vishalmane109,CC0-1.0,a11f2cef283b387f80f56b23dceb0d35ebefc5ea21f7206273927a66f092d35a,65e0c8f0f070bc7c
vishalmane109_50_50__228.jpg,50,vishalmane109,CC0-1.0,07552f20d2bee8ba0940b81967466824c918a5004ce22edffb2036a535dd7cee,67c1d8f0e1f0bc7e
vishalmane109_50_50__229.jpg,50,vishalmane109,CC0-1.0,df2753b92747b0e56658d1c9730e9bc936255d465cbc174847a5e3695fc5df57,29fdf0f1f4f0f8c4
vishalmane109_50_50__23.jpg,50,vishalmane109,CC0-1.0,d4c8e673ecb3a70270ac324fc1079c757603cd8b63187fb3ce467e01b91cbf39,cc38b8b0303f04e0
vishalmane109_50_50__230.jpg,50,vishalmane109,CC0-1.0,114f221e18ad0aa39398499b9f98f9c9e78664d816d299a411f0b16ebef343a3,c8f8f8f2f11c3663
vishalmane109_50_50__231.jpg,50,vishalmane109,CC0-1.0,90f9cd21b248675a10e3436a2edaa02e3703b0b3ce53cb5003735237498d2dbf,8dbdf0d676f0f8c4
vishalmane109_50_50__232.jpg,50,vishalmane109,CC0-1.0,b7f1b5b742e92dda339645bbb9c8bfe84128ecb4a076f18ea34efb9f0af7db81,ef8df8ddcc38f0c4
vishalmane109_50_50__233.jpg,50,vishalmane109,CC0-1.0,7bcd4bb4ef6832ff564a6dba3856fcd5e4a704030a57c55a3db54c82654d06f2,f3f1f2f3f1f1b084
vishalmane109_50_50__234.jpg,50,vishalmane109,CC0-1.0,0cee1a48ebbe94cadae1b7a421a90a150a14898e07f8604c8a1d2cd670b2f149,8fe1d3e1f0f0600c
vishalmane109_50_50__235.jpg,50,vishalmane109,CC0-1.0,fc3bd99e9e93091cc352cbedde3ae7e0eda8141ecba1ae67c950f95dcbf8f726,e8c170b0f9f89efc
vishalmane109_50_50__236.jpg,50,vishalmane109,CC0-1.0,350434a1f74f719f9498e710743f41f8e50137ae142c1b5c18cd295bb1456467,8dc3f1e9f3c5a130
vishalmane109_50_50__237.jpg,50,vishalmane109,CC0-1.0,029ef0fa4c085c2e6c0fedb00af868ce408b6bcd7fb894bb58f6a476abaf0da2,6fc6e3f3e6e68601
vishalmane109_50_50__238.jpg,50,vishalmane109,CC0-1.0,5154b1fe039f21b12157ae12c98d66cf93d456bbc68fd60bcdc7e1368b55c689,4fd0d1f3f2f26200
vishalmane109_50_50__239.jpg,50,vishalmane109,CC0-1.0,cc5a0b4999c83748e27ab5803d19834c498e1b824bc9da32db7f54001e084750,537bb2bae8f0f0c6
vishalmane109_50_50__24.jpg,50,vishalmane109,CC0-1.0,60c4b38988f54e7647c507bf7d278fbbe62960dae8c60ceaa8a95b690440f295,41f0208e6486ccf0
vishalmane109_50_50__240.jpg,50,vishalmane109,CC0-1.0,bc98f78bb5e5f8bf2f6b70b376b9534d2bbcf583f6cd76c722e2ea8ec636eccc,7464d178f0e6ce14
vishalmane109_50_50__241.jpg,50,vishalmane109,CC0-1.0,6b6f7566401ff2a209116f12ab73d85c4e41ddeb0c3ec1a868d7846eab894c38,74f9e9e8e09c9ef4
vishalmane109_50_50__242.jpg,50,vishalmane109,CC0-1.0,87158f8c457b6ae2bdd0ed4133ffb6f5faed6e9ced1e3d03fd252a3b5cdfde31,e4cf90e0f0e4e471
vishalmane109_50_50__243.jpg,50,vishalmane109,CC0-1.0,9903a803e416a0d5e3630bd1e0f6511996df1a0b6a12fe5f32800f029b453040,cfcec0605c1e2e65
vishalmane109_50_50__244.jpg,50,vishalmane109,CC0-1.0,bb631ae8fcd1f8f36e9059896971806cdb860f7f457fa9e1188769edf1956a26,27ecd970f17166c0
vishalmane109_50_50__245.jpg,50,vishalmane109,CC0-1.0,59c025d1bfdbb61e186dec39ecc5f519aa69e62ca5a3ae93465fef93cab80840,b9b3f1dc73033d4c
vishalmane109_50_50__246.jpg,50,vishalmane109,CC0-1.0,2cca5b4c9a3ab4da552444b799dfb122873dad5cfd27646b75efd3042e4bcef4,eded70f0f8ccc5a0
vishalmane109_50_50__247.jpg,50,vishalmane109,CC0-1.0,630e63ecbb51f30ed7c7e59fe158fff1b96f6039f7be5a781944bb1119457865,6cfbe4e4e4f8f8fc
vishalmane109_50_50__248.jpg,50,vishalmane109,CC0-1.0,c7161f9b05f128f5cc87e05c0a5884def1fe199575cfc2dbe8f34a009dae8af5,7cfbc9e46c71b8fc
vishalmane109_50_50__249.jpg,50,vishalmane109,CC0-1.0,da3c9b0ff0c33e921f1126ca87bda4fd5520bc800d4b17048c9d6546b5edd56e,33b9727072b23330
vishalmane109_50_50__25.jpg,50,vishalmane109,CC0-1.0,03e1d3eba4d41a0ae39511432962bdd0e9e3f919683ba5c2f1f82438418c691d,71c0c0989c8cd8bc
vishalmane109_50_50__250.jpg,50,vishalmane109,CC0-1.0,4eb3ab72ffb4b915b02f89c786cac943524609191eaab61fe71d7736cfb5a017,59f6e1e96179f8fc
vishalmane109_50_50__251.jpg,50,vishalmane109,CC0-1.0,3d0c8a7350e2707b8454626156d528756354f35d29a5b24b97d207e08504f295,71e4ccc4e67adc8c
vishalmane109_50_50__252.jpg,50,vishalmane109,CC0-1.0,7c67779611e8c188943a9725c89a1ec2b82a84b0f958528ee059a8d4637cf003,f1e9e9f066fcf86c
vishalmane109_50_50__253.jpg,50,vishalmane109,CC0-1.0,79b6e5ce0393017bfa07519c2e7a1f7da22615c2faa7f227e374c2f0d043700f,9e9464f9f1b4ddf9
vishalmane109_50_50__254.jpg,50,vishalmane109,CC0-1.0,4af474bb60230d224753b92cf3d3eb60b0b3cb1c10c9e1d28118cdb7e6f59f72,9e3661f0b8f33770
vishalmane109_50_50__255.jpg,50,vishalmane109,CC0-1.0,dac10fe6647253f9a19c792c787439d94d09d78e37538aef3cc8a5c8a2c73fc6,63e6c2e1e0c789e4
vishalmane109_50_50__256.jpg,50,vishalmane109,CC0-1.0,cc65eb870362d546dc603479b7a4d6c01474962a4aafe8867dcc9d956068e815,7d53f6e1f2725078
vishalmane109_50_50__257.jpg,50,vishalmane109,CC0-1.0,f0cc1ad49c2f9e9e750d936b5cf5de8f905fa764eae94658338c549a8d95d898,99e0e0e0c9e9e1f9
vishalmane109_50_50__258.jpg,50,vishalmane109,CC0-1.0,2916fbbe63c1d6878be466ad8b1e5cf30464aeca909170221256dc085ab32c83,f9d9c1c1dc566ddb
vishalmane109_50_50__259.jpg,50,vishalmane109,CC0-1.0,f47ad6b29cc973ec5e5085935b2897a137e3d24bca6389e12b0cf4a03c102382,3c3c98f1f8f08d39
vishalmane109_50_50__26.jpg,50,vishalmane109,CC0-1.0,c4594f78a13926fcc265c137decba315866d654f6ce564097b4943c80a1c92f0,f070e0e6e262fcde
vishalmane109_50_50__260.jpg,50,vishalmane109,CC0-1.0,643b846482a4d8e5197fc344d091a8818ade9fdfef4cdcad8ff3fe819521b640,7c1818f0f8f8bc39
vishalmane109_50_50__261.jpg,50,vishalmane109,CC0-1.0,f366d9b29596178a82bc3ef75f69371f77e81b0f2342c2bffe3a4358c6e75555,cfdcd07071f8d993
vishalmane109_50_50__262.jpg,50,vishalmane109,CC0-1.0,08543beeb38bb214e4c2f0913bb05c969c00bae74d1fccbe0519b2eda1dbd404,b8f8f0f0204c66c7
vishalmane109_50_50__263.jpg,50,vishalmane109,CC0-1.0,c16445418500dc19c44a0ec7455359aef5dc6fa966a289656252dd6d7eb6b8a5,b1f1e0c0d0f2b8d9
vishalmane109_50_50__264.jpg,50,vishalmane109,CC0-1.0,5bb1652ea691602750164f9e0650e1de2615d73be6e07725c36cc68d063689d2,3e2ee8c5c1585ad7
vishalmane109_50_50__265.jpg,50,vishalmane109,CC0-1.0,8a1f3654184f55fe348376b6149daf7845e23823a2afaacddeff42f57e2638b5,4ac0d4b9bc7c39b2
vishalmane109_50_50__266.jpg,50,vishalmane109,CC0-1.0,a390f18ca578bdcb2430c8b7f5595d0e17bbe9c20827c85233bb2eec0182c002,37f4ccf0f0e68ecc
vishalmane109_50_50__268.jpg,50,vishalmane109,CC0-1.0,eb32847ce8818b1029dac50d0c38832d3125cee98fbeada1fbb1e01e74d9e096,73f4cc5cf8f0fcfc
vishalmane109_50_50__269.jpg,50,vishalmane109,CC0-1.0,624765431fc7d37347845d016e23d6a021e7a6effc460c1ec150ab34f1853bf1,cbe9e2e1f1f2b37a
vishalmane109_50_50__27.jpg,50,vishalmane109,CC0-1.0,19d133978c38fc2fce0b526e97680b5db9ceff5c4d86922711cc4b238eb07ec2,e0f0e0ece4c6eaa8
vishalmane109_50_50__270.jpg,50,vishalmane109,CC0-1.0,2a2414bcb9cdce653bb50204c23a7f7c16259914483fadbf77640a04a8f178d1,969e7070f1787c1d
vishalmane109_50_50__271.jpg,50,vishalmane109,CC0-1.0,2812cf47fc69206da8b16bdca1860d90c351be916cb01871a2ff0913484a91d4,9c3af0f8f8f8fefc
vishalmane109_50_50__275.jpg,50,vishalmane109,CC0-1.0,4aeb3f2448b7c5ee2a56e739471f009db26e177f896aa782444508e785fedbcf,da6a3c9c9c1919e6
vishalmane109_50_50__276.jpg,50,vishalmane109,CC0-1.0,560ba2cf58ecef74f5775660cc9ded9254f9182be6f17d589a8d70e48f7bd03e,c82a3c1c1c19a8f2
vishalmane109_50_50__277.jpg,50,vishalmane109,CC0-1.0,b2d121ff597af6d130fbe2c4da1ba88e5db68445b3ba39f5f223cf9f3e5f6509,03cad6d7c383cac1
vishalmane109_50_50__278.jpg,50,vishalmane109,CC0-1.0,5f222476145901665a6ce72247e245b7f4502bb3a4571b73b45cb03e7fac6f69,00c8d6d6c3438a00
vishalmane109_50_50__279.jpg,50,vishalmane109,CC0-1.0,c9c64d0ebf776737a72cccd4885a637a0eafebcc699911fdb39514205375021f,291d1d1957474343
vishalmane109_50_50__28.jpg,50,vishalmane109,CC0-1.0,fa19b18280b7830949f827a6c87d3a9a7d6b55ab89bd022f68ea643a6cf8b963,351ad9e4c38f1c70
vishalmane109_50_50__280.jpg,50,vishalmane109,CC0-1.0,9465d06bb9ec1bd80430c057e1f900acfb9a8443a3e3f9be0b86a5d071868ff6,b0dbd6d7c3438bb2
vishalmane109_50_50__282.jpg,50,vishalmane109,CC0-1.0,c9b2e34c4d1e6c82722ff6f978acb7fa1ece3fba76396a6da7d6f886ebc05e40,9bdebce4e3b13233
vishalmane109_50_50__285.jpg,50,vishalmane109,CC0-1.0,031007780537010ec742925009bbc805b63d59329a87a785cdc2a3de4de09bac,ea9e9898c6d6c3c9
vishalmane109_50_50__286.jpg,50,vishalmane109,CC0-1.0,5c5effd19123a3f5813be4960a7e7b02d3b1030e2cd94286d66e0dffc77703ce,8e5d5cd64a5edc4b
vishalmane109_50_50__289.jpg,50,vishalmane109,CC0-1.0,7bc49a0e4b03d22977bd795d40c0801295a6e31d1bbb14af7c7d393c265dffc4,41704088bde9f184
vishalmane109_50_50__29.jpg,50,vishalmane109,CC0-1.0,56980d4b18510468f65a65a49559815f614fadf364745e6d4be53c22f5cc2188,a59dbd97c6cff8c0
vishalmane109_50_50__290.jpg,50,vishalmane109,CC0-1.0,9dd3a5d01f998cba3879b8e0bbf48afd930763fa4e07e35611f46184a036f9d9,130b1b2b0b33131b
vishalmane109_50_50__291.jpg,50,vishalmane109,CC0-1.0,4e9d955d0f02e3b49911f889d586b1dc99a281c115c7a48cacfc85c33a41d21c,ed6d7e767636fc43
vishalmane109_50_50__292.jpg,50,vishalmane109,CC0-1.0,1eece6d0f13c798610770129c1d80f9d9c3234323e24a5590f0a7c3aba20b8ca,3f94951b55663623
vishalmane109_50_50__293.jpg,50,vishalmane109,CC0-1.0,4498910ebe4f510760c61893d3876d62391f5c274a9b01eb8f124e7e8599f450,39350d8def7ee0f6
vishalmane109_50_50__294.jpg,50,vishalmane109,CC0-1.0,297cf0e2553a6fb3552889135e7e0c0cf5fe35b450e4c60ba21d7a5cc58d56c3,331f959794591323
vishalmane109_50_50__296.jpg,50,vishalmane109,CC0-1.0,8d2ab606027d929c72cd2e15b5b52f563a76cbdbfabafe14e25a41a1cddd94e3,2b1d191b3b1d191b
vishalmane109_50_50__297.jpg,50,vishalmane109,CC0-1.0,d104d305a2da5a046b19030857055b099be4a391eeaf39b61a7a27d5363f3cc6,9be363d39b999999
vishalmane109_50_50__298.jpg,50,vishalmane109,CC0-1.0,aab64e0dacc8d2a5c8bf495834c9e703546c0eb6541f7cdf38003b4463bcf483,8416161b23278e0b
vishalmane109_50_50__299.jpg,50,vishalmane109,CC0-1.0,d7059285fef018befd74d0f0e1214d995e6a6453ef287acadb0b237caf8e61c8,332bc86969697969
vishalmane109_50_50__3.jpg,50,vishalmane109,CC0-1.0,2249fa969e60ed52ba2231cd1f427d0f3e12d90d1392bde67a2d0fd8eaed2aa8,300d61c2c1286ff7
vishalmane109_50_50__30.jpg,50,vishalmane109,CC0-1.0,95b576607ba30e8bab457c67419c6f8bd1b99944f6736b4549d270eb84460947,6a7adadafaf0fbb8
vishalmane109_50_50__300.jpg,50,vishalmane109,CC0-1.0,85a5319bb587e88bce743d457bad12d1d1bc359c8286be2f5fd7108216085a65,c89c8888aa9e1809
vishalmane109_50_50__301.jpg,50,vishalmane109,CC0-1.0,bbedce588bdab1b567c41b16a43642e6fb4ee1d86cbdd38b4be69be2452a3a33,4c4dc9c9c9cbc971
vishalmane109_50_50__302.jpg,50,vishalmane109,CC0-1.0,85ea2c61c4875c5ff54e3472c086d80c03c99ea590677867f5b40e34e84803fa,61891963c74f7d6f
vishalmane109_50_50__303.jpg,50,vishalmane109,CC0-1.0,4156cd81334293ec4d0c2949ba43a4f4b60ad207148f0eae610bbd34ed2047ac,e993994b0f060e0c
vishalmane109_50_50__304.jpg,50,vishalmane109,CC0-1.0,a8fc1fa1b5f3921346d161e97b67fea55da79b6427718bc719d6a4fc2ebc4b96,2b1c1c999697c18b
vishalmane109_50_50__305.jpg,50,vishalmane109,CC0-1.0,ecc905b8a4940711f5d23c34a8cc455645321299b7ab8e297963567f8b7ba0ad,ddc9cbd9456e0e73
vishalmane109_50_50__307.jpg,50,vishalmane109,CC0-1.0,0c9b9830a924d37fd91edb74416a5af3b90d269b7f1747dc63c430aceeb4b8a9,1a1a39bb6062eaaa
vishalmane109_50_50__308.jpg,50,vishalmane109,CC0-1.0,22e74990dd6069cf295f7eac271e46cb0c1fe893658ae25b838da0b972ad3abb,455b575743434b4d
vishalmane109_50_50__309.jpg,50,vishalmane109,CC0-1.0,4bcbc19375bccf36771c22969763d61b7bc59420ab9787eee7caa196dbbd3a92,90cd237379718610
vishalmane109_50_50__31.jpg,50,vishalmane109,CC0-1.0,7c8210898a36c5492a1af53327453dcffa11e59e390b28876e8e590daa048f46,0adee66efef9f9f3
vishalmane109_50_50__310.jpg,50,vishalmane109,CC0-1.0,1ac81f3109e8daf75d46b121a270e05bbb1ecd48df5722a912629802be8b970a,69a19187c793b323
vishalmane109_50_50__311.jpg,50,vishalmane109,CC0-1.0,2950ed6c0f8fedae09ab96c3aa030af625ebefe698afcf133bced3f8d0753835,38ecded23b3e34f0
vishalmane109_50_50__313.jpg,50,vishalmane109,CC0-1.0,34686bfcb2cda6ceb681d932589d0dec13940cd0662406b0a57219ce636b540e,beded4d494d0c786
vishalmane109_50_50__314.jpg,50,vishalmane109,CC0-1.0,0813d459c1fe2c181f1068410a4c69734448a34cb792b046ae5eac1abe86e382,60d0201813131f4c
vishalmane109_50_50__315.jpg,50,vishalmane109,CC0-1.0,9ae07c9930071e85806706048ecc99b6660c4152b480f334dc2e5c2982fde0f2,0020ccc8ca983400
vishalmane109_50_50__316.jpg,50,vishalmane109,CC0-1.0,dd98d5c4ec33ae147bc77209da9df9c8c12cb3f516ab4f3a41401adef835c426,0c95d5d5d494b094
vishalmane109_50_50__317.jpg,50,vishalmane109,CC0-1.0,65f078da07e47fa91970e4a200ded05acd87ad706863e2a6787c90ada2254190,3b7dd59495594327
vishalmane109_50_50__318.jpg,50,vishalmane109,CC0-1.0,9fa465b9ccc64d3e3e59cbdc0874653699b0c71b52d608f4c0c7dd7460f30a1d,2e1e1c99c297c7cb
vishalmane109_50_50__319.jpg,50,vishalmane109,CC0-1.0,81ae30f9274f24363d104d5c04e2ef3c6af449fcd6d35625f653bf598fded6a1,01ceccc8cab00301
vishalmane109_50_50__32.jpg,50,vishalmane109,CC0-1.0,529bebb9439634bbbb2da9ab93965eb8edb7618b44983a1fd2d75479f7457acb,f889e070e3c7f2e0
vishalmane109_50_50__320.jpg,50,vishalmane109,CC0-1.0,1eda09101386b56c1070bd3e146cc359c9d37b0380bdd08287bfd941cb5ae379,cc3cf4d89a9af2ee
vishalmane109_50_50__321.jpg,50,vishalmane109,CC0-1.0,4d0e23089dd9344cd4f2ce8aef40b1770b5f85188a90326d51ef19b2d49446dd,e8ecc6a4796ce0c0
vishalmane109_50_50__323.jpg,50,vishalmane109,CC0-1.0,dccb4632fecb89b09edcef46a2872a480fbb5a3cb4a5a626ab79f1e0712284ec,532d2d1d1d1b0947
vishalmane109_50_50__324.jpg,50,vishalmane109,CC0-1.0,d4ddfc53cccd84f64c241c08a51808a09dbc8e2530db9baf3821ac552e442f55,c451796979517188
vishalmane109_50_50__325.jpg,50,vishalmane109,CC0-1.0,9d93eb46f72cca971ee3c04e9b73effe9724f1a948a9f2fa4ccd8b47e4e13157,2f5f959595d94b07
vishalmane109_50_50__326.jpg,50,vishalmane109,CC0-1.0,7f295bdd70e9b8cbc2a563af6f93915df6aefb39a1fa48b845921848d0d57e4c,a6fbdbcbe9e27e6e
vishalmane109_50_50__327.jpg,50,vishalmane109,CC0-1.0,7e561e2a05db05ab564b5e122f8b348a7197441e14b1cf7326f33eddb60a86d0,3f27e36199973717
vishalmane109_50_50__328.jpg,50,vishalmane109,CC0-1.0,7603af3f41fdd2910d4568be83046d769ca1b11dc66216e20d037ae847d6f930,5545664e1e267371
vishalmane109_50_50__329.jpg,50,vishalmane109,CC0-1.0,e595020976283818d1c47a88fe8b20cf09fe7eb50ea0409916395291564306a5,fcfaf2c6d3c7c3a5
vishalmane109_50_50__33.jpg,50,vishalmane109,CC0-1.0,1c198b1acf6df5d9236c4c2cc4dd9ee7e814243e5afce9bf28e87ac421dc8c40,ecc6868e9aece0e0
vishalmane109_50_50__330.jpg,50,vishalmane109,CC0-1.0,2e6d05c9decebe4570612746b81bc0af25f84aa047d84ebd518ab826c62ed48c,01a9898989898901
vishalmane109_50_50__331.jpg,50,vishalmane109,CC0-1.0,dc1cb4e065ee302b903b8bf9b99caa502151ea33aa3753c516b2ef010df0efaa,c4061f1b0d0f8c13
vishalmane109_50_50__332.jpg,50,vishalmane109,CC0-1.0,84d471c24e57844d55376e77c7cf88f0433496369433c80896d94db00ae79da6,e0e0e0a1b0b2c8cc
vishalmane109_50_50__333.jpg,50,vishalmane109,CC0-1.0,6892c5c22e867970ffb47db521185ebc5cdad4073262dfff3571d53d515997e9,e92d9d1d1d1989c4
vishalmane109_50_50__334.jpg,50,vishalmane109,CC0-1.0,92fac90c7b9a3594003d6e42d177fe9223f4f55677636cda1776f6c680dcef64,3323517969797169
vishalmane109_50_50__335.jpg,50,vishalmane109,CC0-1.0,04c40531e88b38eec3cad310922a62ef48ca7e4ce91cbad74e2767aba206f450,fc3636ddd4590b21
vishalmane109_50_50__336.jpg,50,vishalmane109,CC0-1.0,2701e53cb578d5d60db98a313af35146a0c18d4649d503351e96adfa13138e51,70e8e8ecc8e8e8f8
vishalmane109_50_50__339.jpg,50,vishalmane109,CC0-1.0,99f8ab6e86c4fd2868890f8284aaed12bea81506752fc0b1ee412b1e54db398b,44c8c9c8c9c9e870
vishalmane109_50_50__34.jpg,50,vishalmane109,CC0-1.0,e09b9682d343e899fd168420bcb3c7302276b76939ddf9ae528b88417a09f5a0,f0f0e4e2e3b1e830
vishalmane109_50_50__340.jpg,50,vishalmane109,CC0-1.0,f2b11acf533c46f39bf639602d3a507f7df5204cdc9328aaa4b0958d40579070,8d95998b8b818387
vishalmane109_50_50__341.jpg,50,vishalmane109,CC0-1.0,1e1ee6c2b12bf3e61df2d13662d29a954a6f2c741965d333377377354b0b6ce3,cd47471717630551
vishalmane109_50_50__342.jpg,50,vishalmane109,CC0-1.0,23b373617d69cfdf4f4b9bf035d0407e99a91e12f4bde10d1f596d3fd05a49ed,3373737333313131
vishalmane109_50_50__343.jpg,50,vishalmane109,CC0-1.0,33676097b9227804fda67f81b9cce5116ad57f20419a80300fcd7eccde048baa,30e0b8dc58e8e081
vishalmane109_50_50__349.jpg,50,vishalmane109,CC0-1.0,d497e35fa95a49bb1bb4d3c59cd26929d10a5800f66a61740cd9446e10cfa8e6,c0f0767672f6e420
vishalmane109_50_50__35.jpg,50,vishalmane109,CC0-1.0,5882f38e94540ae8189cb0c7db0a20449361545bf0587b1338bfa0e759fea956,f8f864e2d363d3cc
vishalmane109_50_50__350.jpg,50,vishalmane109,CC0-1.0,8cbe8303e4035fdbdacaec77876782e2ff834a4b6e8a374e53a1f5d2bd43d4fc,f4f664e4f6e4e422
vishalmane109_50_50__353.jpg,50,vishalmane109,CC0-1.0,ae6e53de5db09ff9e532686cb5afe710e2a8f97d43b81f043707027f95ee0402,4060e0f0f03058c8
vishalmane109_50_50__354.jpg,50,vishalmane109,CC0-1.0,50badfc2db59c5b9f66a9016f4fe0c35f9face31fe7df0e9f172c246b6473999,c0c0e0787cf6fef0
vishalmane109_50_50__355.jpg,50,vishalmane109,CC0-1.0,4f7fde660318ff678288ecb23008f318f14069a3857e1ba3806226df1c57c8bc,8180e0787cfcfcf8
vishalmane109_50_50__356.jpg,50,vishalmane109,CC0-1.0,68cdada8c4f7a9fc606034e0bd0cfb0deef7372091e1095a3be40c9d4fa5bcfa,c0e07c7edefef0f0
vishalmane109_50_50__358.jpg,50,vishalmane109,CC0-1.0,d616f3b3e7b65215566c8a1f7a03afea4eade6554eec8a004c52c6e579ece0cd,8840403139392809
vishalmane109_50_50__359.jpg,50,vishalmane109,CC0-1.0,054477c47937f25c0586460b62e6391b9c11bf6dfeeeffe5603f9de3e44ba410,8c80602822202880
vishalmane109_50_50__36.jpg,50,vishalmane109,CC0-1.0,edd786fa908ce43495cf99fe6065db52fcb61e31593bf880ad19f72d6f6c5bbb,f8f8b03e2361a7b1
vishalmane109_50_50__360.jpg,50,vishalmane109,CC0-1.0,9eb6e2dacdb70a3113e6dc04d8f7eda0959d61a0ed0b1286df7c3cb5dd3a68bd,c04000848e0e098b
vishalmane109_50_50__361.jpg,50,vishalmane109,CC0-1.0,4ccd742d574d8ade7509a033d0b5335ff42ab4889d0a9765b9480d1b5f12cdb3,9240640a040c4242
vishalmane109_50_50__362.jpg,50,vishalmane109,CC0-1.0,81925fbd4133d004ae3d8537be7bad6c018650bc5c26ba5d1323952cd8dfee23,6424382e27272723
vishalmane109_50_50__363.jpg,50,vishalmane109,CC0-1.0,7f0399eb0b904d1f10d3e03abebdca93b27f94054e40d53b127d212cc4d0d7ef,d07068ecc64e2602
vishalmane109_50_50__364.jpg,50,vishalmane109,CC0-1.0,d35b94c6e0ea4bddd3143e0a5360ee8d808d10be6958c860b0febc3636a7a9d6,90d0c8cccccce685
vishalmane109_50_50__365.jpg,50,vishalmane109,CC0-1.0,76b0fe84378f42aa14220d51241ecfe59be8b50288b067c9ec8b6b854c1f6794,a595d6ae86968a83
vishalmane109_50_50__367.jpg,50,vishalmane109,CC0-1.0,1c0f7350c3565eca741f8917236d7443cd21b44eecb98fcfb4b52cbdc933bec5,4e1d7ce4bcdcd4b4
vishalmane109_50_50__368.jpg,50,vishalmane109,CC0-1.0,3498421f031705382da5601f8630758e7efc68804a17242f42b3c0f158410e37,91b6e6dedecadada
vishalmane109_50_50__369.jpg,50,vishalmane109,CC0-1.0,984a471f456faf835cc14189b75dcfe2fe994816647358b9ba84f64c41526f24,185d1d0d0f4dcc8c
vishalmane109_50_50__37.jpg,50,vishalmane109,CC0-1.0,7113b268d29f3d2cfa944adc55f83d784836aac116084aca536175b635dcd5c2,fcf2e1b0e8f1f3c0
vishalmane109_50_50__370.jpg,50,vishalmane109,CC0-1.0,83f50d0c52771bb8119cd50196410a5562ab9b475e805428c7a6e3706afb65c2,9c98d0b0b6fee571
vishalmane109_50_50__371.jpg,50,vishalmane109,CC0-1.0,f8aa2fa659f34054f82118558cd7a9c9e3be5930015f5638b4c9b8f85a7a4d78,51e9c0d4b4e4e8e9
vishalmane109_50_50__372.jpg,50,vishalmane109,CC0-1.0,46639d99245f11a74effaf62efd54d7c284d3b64933252dbb8696e189d9ffdcf,e5c4c2b0b0e86a53
vishalmane109_50_50__373.jpg,50,vishalmane109,CC0-1.0,a250bf33102b9a4be9dbd3e643abb66ffad351c1d9178c56403cb488443c582f,b06145d8d8b8b139
vishalmane109_50_50__374.jpg,50,vishalmane109,CC0-1.0,eb5ee8e205a636c238b9515a3a8d832a65419f570f58f3d09bb50d96d058908e,60e4c6ccbc3430f1
vishalmane109_50_50__375.jpg,50,vishalmane109,CC0-1.0,8b30b5f101712bbe940803fbe45d92e90eaeb58e9449a1f50011d3989135a0da,e6d8b07cdaee8a90
vishalmane109_50_50__376.jpg,50,vishalmane109,CC0-1.0,8b1d6a5bab16aa43d96d4fe10cf589146c71c080b379d415531badfb6a76f1f4,66d838f4ccf8b0b1
vishalmane109_50_50__377.jpg,50,vishalmane109,CC0-1.0,984dd84bbb0d7bf344b2270876432ffaf3b4dce9f8d0d36a80f04bfb10e306bc,edd04a67d3fae0e0
vishalmane109_50_50__378.jpg,50,vishalmane109,CC0-1.0,0b49d6033c927dd370a37d4370419a17081cf5bcfb4c6e9463481d1daced9168,c1862761e16172f3
vishalmane109_50_50__379.jpg,50,vishalmane109,CC0-1.0,f92fda74e1e67718c2f5584491a58a82f04058da853cc9247319a3d1a9505d63,c4707070d858bcb4
vishalmane109_50_50__38.jpg,50,vishalmane109,CC0-1.0,74b3eb79b15dfd949500ab291244001a677bceba91a03299666c7c26cfbebc26,00fcb37b6337160f
vishalmane109_50_50__380.jpg,50,vishalmane109,CC0-1.0,14980c43fec3a973a680103f54abae2a195dea49af4e7cbadf84bf266024b4b5,e2e1287870d4fc2c
vishalmane109_50_50__381.jpg,50,vishalmane109,CC0-1.0,ed42c45d564cebacf2af95f2cf2d0d6b0776b4f93c720886f36ac3a261ab6292,b8c08668d1d8d948
vishalmane109_50_50__382.jpg,50,vishalmane109,CC0-1.0,de33bf91f9d3e4649ff50995bec13080372e0b3f02253a84d06a2cddb8a05df1,e9c10b496b74d6cc
vishalmane109_50_50__383.jpg,50,vishalmane109,CC0-1.0,e23a15d984e389908889af3709e238d4256604e206d50b07507d5bb4da9cd2a8,3a3704041a14ac2c
vishalmane109_50_50__384.jpg,50,vishalmane109,CC0-1.0,43ce820e1c7ff495589688ad541b6b12c2e40dfdf14e97baeb9e14dada2bff68,eadadbf1f1d089db
vishalmane109_50_50__385.jpg,50,vishalmane109,CC0-1.0,5de7e97bffd2b9919eadb68a0063ab7b08a8aa2aa2694ab0d2822e77db478afa,b89098cec4f879cb
vishalmane109_50_50__386.jpg,50,vishalmane109,CC0-1.0,f92efdf65afd4a371b4972206d7a4d67078343ceb58d9afb12d95c1a6e495baf,f2e66828949cc8c2
vishalmane109_50_50__387.jpg,50,vishalmane109,CC0-1.0,79b9084ab8412842297ab30707cec2b81a7d798f181cf810e017c20f9ed4954b,f8f8f0e0d8c8d8c0
vishalmane109_50_50__388.jpg,50,vishalmane109,CC0-1.0,121f486be90be2874b35831fa393ad8612081f82b07bc53282a4a09f11b2b427,f0f0e28a82862969
vishalmane109_50_50__389.jpg,50,vishalmane109,CC0-1.0,b1155dc3a4d0fee674e4c7dd74a9ed172b3ec946da1f86dd7048ccb6af6a7703,306060c0c4c830a6
vishalmane109_50_50__39.jpg,50,vishalmane109,CC0-1.0,64f488cc639965b934fa0bfe3930d1bdcdbe33568f9485c92475f19c58afc0dd,d8f83e1e964e4efe
vishalmane109_50_50__390.jpg,50,vishalmane109,CC0-1.0,5312ff867b150580d3fd40bb4dc9f52825af9b49578bc3315ec9ca05263799ba,c0c08c8c9280e4e4
vishalmane109_50_50__391.jpg,50,vishalmane109,CC0-1.0,27b723db5350b48443d6ebfc08d419cd69599090c4343c4b361e95e57726583f,c0c8c04070706030
vishalmane109_50_50__392.jpg,50,vishalmane109,CC0-1.0,bab03bd56cac1d6ad598de4f8f1ef5ebd19f49cf72f8091aa958b9dee06060eb,d020336664f0f0e3
vishalmane109_50_50__393.jpg,50,vishalmane109,CC0-1.0,ed2a262ff239678ffb072554fa6807055c3cb4c44d950936d0ea63a3f69e39db,61c0d6c4d9b898c4
vishalmane109_50_50__394.jpg,50,vishalmane109,CC0-1.0,9e470c63f42b228a4d55a2b4fd8e6101cfe50147cfc87778c1dbbb5889d7596d,b1ecfceccc445031
vishalmane109_50_50__395.jpg,50,vishalmane109,CC0-1.0,98c6a144d623877cb0d7ed6c879c103c98f7bbf01eb28a31ae2697fac3fef898,5032f06446424091
vishalmane109_50_50__396.jpg,50,vishalmane109,CC0-1.0,4add6be32d194ff05cabf8b03b94a612dfbf7fe6cd192a137e9c89bd309613ba,5066f06444c4c032
vishalmane109_50_50__397.jpg,50,vishalmane109,CC0-1.0,890093978afaa4ad4a50d71913e078ad8f167c7208a882b9608d7ef697acac49,d166f4fcecece622
vishalmane109_50_50__398.jpg,50,vishalmane109,CC0-1.0,f5b544c49b35c486c450436be46e977ee4a9b9394a810e48dbf03839ecf91b09,959530a0c8c4e4f0
vishalmane109_50_50__399.jpg,50,vishalmane109,CC0-1.0,7ed6345cdec3b05a2769b42a674ddbe8e486f0364077d6afee3cdd47ca1d006d,e008858782a2e9e9
vishalmane109_50_50__4.jpg,50,vishalmane109,CC0-1.0,9724635c851294c02589d1275929c45ea9ff465cdadcd756dd2af0b06d893f56,67e498f0f0f0e4ad
vishalmane109_50_50__40.jpg,50,vishalmane109,CC0-1.0,f57820cc13f58c16e87d3f4023953ae8c9d9a35a65b539213166fe1314f09e8a,d896de6feee0f8f0
vishalmane109_50_50__400.jpg,50,vishalmane109,CC0-1.0,26c6dc95207efad6ff1bdaaa146f311950eb84e558b0fb03e0db40a00a087d40,f0fb33f1e1e32232
vishalmane109_50_50__401.jpg,50,vishalmane109,CC0-1.0,44502cffaa7422cbd650664e95612bc7b06b72d49468b8d2713168bd7cfcf42c,90333ef2b3c3c3ca
vishalmane109_50_50__402.jpg,50,vishalmane109,CC0-1.0,b18f6b06d38362ee5573f36cc7d0751b2de72862201c049d9b93aa6ec6474d7e,039eb2b3e1e1e0ea
vishalmane109_50_50__403.jpg,50,vishalmane109,CC0-1.0,ee54d5db6b6064baf2ce2e6718bb6105545c7defc1912c4e52829e4021bb4e84,e2bee8eec4d0b0ba
vishalmane109_50_50__404.jpg,50,vishalmane109,CC0-1.0,7307896d5506230310a322612b963f8851ada065ab4c166adb4fc82379ccb5e0,f6563cf8f8d18123
vishalmane109_50_50__405.jpg,50,vishalmane109,CC0-1.0,8896624ddc144ac206fc0524ca2cb3eb22ca26ff1e7768b829bf55803f70cc9e,76067ef8b8d0e123
vishalmane109_50_50__406.jpg,50,vishalmane109,CC0-1.0,c464c94dd433692d3f1d730f89a49202f0d24c0a995984d23b29259a5566056d,6828321a327061e0
vishalmane109_50_50__407.jpg,50,vishalmane109,CC0-1.0,9460631fb4e1dbdf06f187dcf5bb720881d7d0dcb81fd7e54e0bd758d26992bb,d818f8c08c849a8d
vishalmane109_50_50__409.jpg,50,vishalmane109,CC0-1.0,6ed3b8a22534a5716167c8f348025f831e01fb1967a4a05f40cf5c5392334f60,bcfcf8be9eb7f7ff
vishalmane109_50_50__41.jpg,50,vishalmane109,CC0-1.0,aebd71222c7415dd5b061225c7fbd2c776b03adc572a199ab10a273cc26aa286,66bdf76f0f818ef8
vishalmane109_50_50__410.jpg,50,vishalmane109,CC0-1.0,fe68ed3f78cefdc143ae4a0333507727f9eb60db52a247358c012d4174da8363,befe7f9d9b93f3ff
vishalmane109_50_50__411.jpg,50,vishalmane109,CC0-1.0,243307311678fab1b79dc7c1b20bcd754c459b60248d8e2b5504c83625d9bb0d,befefc9d9b93f1fb
vishalmane109_50_50__415.jpg,50,vishalmane109,CC0-1.0,c6c4c0733988ed6ac7383ef2e1bec5f8244ece01f2adb64e495a1a6722af83db,fcf9e9edecd494ec
vishalmane109_50_50__417.jpg,50,vishalmane109,CC0-1.0,fa7da15c8370676c5624c0138d167742c0b8c024fde8926d84dce26dc9f7799f,fcf9e1e5e4d4d4e4
vishalmane109_50_50__419.jpg,50,vishalmane109,CC0-1.0,fdd22e0c2f45bfb691fc593904bebec0c967d9c1e698803c9c84eb8f2d69626f,f0e184bc7cd6f63a
vishalmane109_50_50__42.jpg,50,vishalmane109,CC0-1.0,d4b2fff9f6ddaf4d374d6bdba0a46ce523e38b2ab2b644a96f76e0c9d811345d,00008068ec3637d0
vishalmane109_50_50__420.jpg,50,vishalmane109,CC0-1.0,c45330d68a6f7cafd219220546da831f467272e891d22636e9527957334cad9e,f2d8ac3c7cd43c2a
vishalmane109_50_50__421.jpg,50,vishalmane109,CC0-1.0,b5747c031358a822013b6793a2b5141faa4341e58edb8fe51bdafcdd642b23e3,f2f8ac7c74f4b8ab
vishalmane109_50_50__423.jpg,50,vishalmane109,CC0-1.0,2f44af122d67df02236323693050b772a219861fbf130f5adf67aa6f01490a3a,f080bcbc7cd4f43a
vishalmane109_50_50__424.jpg,50,vishalmane109,CC0-1.0,7e36511e4b4724ef54c86f037451ccea7c6c0b28efb1b26f89dc49dfc86590a1,90b060e0c0b0b08b
vishalmane109_50_50__425.jpg,50,vishalmane109,CC0-1.0,a7bcb5f0a21b6838b573b00e6f039e266c40ca8fa021f34322ba76d621e3b5b8,ccf8f0e8cce4f264
vishalmane109_50_50__426.jpg,50,vishalmane109,CC0-1.0,a61fb50bb65f783aa4d66a59a3c34244fbe07cac88a37f4c6a8aae85560b37c1,f1fcf89cd8c8c8d8
vishalmane109_50_50__428.jpg,50,vishalmane109,CC0-1.0,fd167806b0188ef3d39145642c9ae45a05bd9b57c3044bf47c7a9107c3c3b8e4,32b2e5e7e6e6e3e7
vishalmane109_50_50__43.jpg,50,vishalmane109,CC0-1.0,8a70c4dd6c8b12b353d074ec46cd10867efb8394d3c8e968105af41f12649f64,c6e0e1e0c9cbe6f6
vishalmane109_50_50__432.jpg,50,vishalmane109,CC0-1.0,178baafa8bc3e27b9d1ceb3a2a2cc2ea8d294bc2097a99029b0f216b70e7e0a2,85e0e0c4c0c1c7e7
vishalmane109_50_50__434.jpg,50,vishalmane109,CC0-1.0,0216e6cb0de85f6b4225592e8e5f0298d24ef2f555d93879f6202ecd1ebd753c,e8e8f27666f6b063
vishalmane109_50_50__435.jpg,50,vishalmane109,CC0-1.0,6c2a7c8831cc33c37bc4af297362b25d085ca1a64805474984b9e6f7aba760b7,e0e0d1f1ed6c6063
vishalmane109_50_50__437.jpg,50,vishalmane109,CC0-1.0,dd63f484677abadf08dad3b45854e05d5abc168bb6e6195b92fb9e3eb00bb9ea,fcb870e161f0f1f3
vishalmane109_50_50__439.jpg,50,vishalmane109,CC0-1.0,dc3111499725deacf908c1620b2b987ed30c3ef708788bf6bb9d1b22d6ef3996,fcb861e1e1e0f1e3
vishalmane109_50_50__44.jpg,50,vishalmane109,CC0-1.0,c58f6fc63e9990a523d3ffe4dce014a3b5b8a8a2ce66986641d3240a01db08b9,78dcb6b3eb7ca430
vishalmane109_50_50__443.jpg,50,vishalmane109,CC0-1.0,ad14ec89c7bf510ec1ec238f7736f95c3fe3d60202c91127be474a024b222bec,940223e1000c090b
vishalmane109_50_50__444.jpg,50,vishalmane109,CC0-1.0,e53bab409ab288ba1edfafa170c1068ea7ec010c79b05dbbedcc50557dde8c86,dc71e1c1c0909191
vishalmane109_50_50__445.jpg,50,vishalmane109,CC0-1.0,5e54ad19afd14a943cc286797fc59d227f2e87e4d08c287a8090e650e9d31448,79c9c18080000008
vishalmane109_50_50__446.jpg,50,vishalmane109,CC0-1.0,f92aa9b74cd029eb75f49336a1933c47d155757c17f93494da7d7af8d4ce0081,dcb23b3c2c30c496
vishalmane109_50_50__447.jpg,50,vishalmane109,CC0-1.0,5380c1a1135e6fa11f52013ed6813977fc3c98e8aa748f6fd171c1a5624cd5f1,4616363665c4f6f6
vishalmane109_50_50__448.jpg,50,vishalmane109,CC0-1.0,bc58e376f97ad91572cc01b5f56b8d89ade93554431835dbd9394a7d6181603e,c0e0c8d49072e6a6
vishalmane109_50_50__449.jpg,50,vishalmane109,CC0-1.0,27a291c4b0b445fffa4c1b1810153440f5545c41eebae30ec6b4136ef4bc6139,fcf0f0f0e4e8f0e8
vishalmane109_50_50__45.jpg,50,vishalmane109,CC0-1.0,dc00e181aaf7795b2344fb45b5f47fa2e15697dd9c60d18999158351003dadc8,64f8ca6b79f1f0cd
vishalmane109_50_50__46.jpg,50,vishalmane109,CC0-1.0,4327eaabf70d3ab761af4ad6bcb762f15fafbe11b2fdc485040c49ee39145515,8cc2c1c3b3f8fefc
vishalmane109_50_50__47.jpg,50,vishalmane109,CC0-1.0,af3bc5ef23f6efa3f4d6d089a175e31a7b5251e90e788e5d7f84d32fa17fd421,656370b4f8f2d2cb
vishalmane109_50_50__48.jpg,50,vishalmane109,CC0-1.0,bd6427d2f0052c51a1fe9adb145628c0ce6df416bbe6c48fcd957a80c656416b,86c6c3d0f9f5f6fc
vishalmane109_50_50__49.jpg,50,vishalmane109,CC0-1.0,a35f4b7d6be58e104ab5570c7f2145116c40922ecdf8753abc6d4e7ec143d921,44b6d3d1f1e3e0f2
vishalmane109_50_50__5.jpg,50,vishalmane109,CC0-1.0,68e7a36c6c0214626137fcc624a0276438166cdc03488fd2b469df9f884738a5,6434f0d9d9ce1f00
vishalmane109_50_50__50.jpg,50,vishalmane109,CC0-1.0,7ac6653c22f5dd02f4e26684290cdfd98a735916b0f3a1311ee176e01bec4692,d4d9e1617170e1f3
vishalmane109_50_50__51.jpg,50,vishalmane109,CC0-1.0,ccbb6c4713acb5bdb601dec7573578a2c9c44f20c8c3fd0e88977dbf7b0cda22,d4d2f96cf060f1db
vishalmane109_50_50__52.jpg,50,vishalmane109,CC0-1.0,bb6e6bb97b2a4a878e43aaaeec7fc5cb24a221baac791c403882aa598cebc354,9d89686cec6400ff
vishalmane109_50_50__53.jpg,50,vishalmane109,CC0-1.0,d2edefbbce9dbe1cad7b5cee4287e6880c70908937b255c6fd931b11f6a1a193,3b30b0f0f0e007ff
vishalmane109_50_50__54.jpg,50,vishalmane109,CC0-1.0,b96d18b0e4b8fe719d6a1359e4c235587b9b14c541ea5d83735c1467cca696e4,7bb0ecccc8c8813f
vishalmane109_50_50__55.jpg,50,vishalmane109,CC0-1.0,1946be7476cb8ae3402934c9062432bfa9adc1af8ea96ebebfc803b097211457,e466f18084f4ebef
vishalmane109_50_50__56.jpg,50,vishalmane109,CC0-1.0,0f16db002132d79957ba4b4da6cfccba049d7b9bbd1adef06bcca894d459fa78,2227273b3b363f30
vishalmane109_50_50__57.jpg,50,vishalmane109,CC0-1.0,cf5bff91301feb85e1120284125d2f7ab87cfc27de6f71830d6d0653068097bf,3071292c4c497938
vishalmane109_50_50__58.jpg,50,vishalmane109,CC0-1.0,41321f4513eb353956858bdd35d751d71e0dd8ed7b0bb1ccea42a05d18f6a7b7,9414300c441b1319
vishalmane109_50_50__59.jpg,50,vishalmane109,CC0-1.0,99e1b6d479ffb785f430eaef88b1030cc2e75d3495cfb8d7687aa69aff3e94e2,e3b326260f0637f9
vishalmane109_50_50__6.jpg,50,vishalmane109,CC0-1.0,fe10b6055e9963693f6143b1a3712f7bc8839278167cad1daee023833afd806a,f3c0c2cac9c1e6f8
vishalmane109_50_50__60.jpg,50,vishalmane109,CC0-1.0,ac2ea68f425bbaa632e41c3f012bfd3fabcc78c5dfc15220857ee0b106dfaa9a,673331b3bb96b7f1
vishalmane109_50_50__61.jpg,50,vishalmane109,CC0-1.0,2ae1340b63c711d0ef9c8abf4e3e2d301158093414004b32c2726ebc71fe55f1,9bc7633396979687
vishalmane109_50_50__62.jpg,50,vishalmane109,CC0-1.0,d79139b375a46299b660dba66026bc4d92fff6d3f0e3bd6c9786ca741a6bdcb5,381b932129113118
vishalmane109_50_50__63.jpg,50,vishalmane109,CC0-1.0,cd7223e51fe49eee17ad6f5a7a0f011586c80885db7d7166d2a086c43bb30d84,3c2f373b13311130
vishalmane109_50_50__64.jpg,50,vishalmane109,CC0-1.0,521ddfa89d7572ca37fdfc5adaa160fd8443a98a6407308bccd61bc8e4c8b720,4d5b616979634303
vishalmane109_50_50__65.jpg,50,vishalmane109,CC0-1.0,c8b13587fc1a34711ee94c43235c008f53df0e670211e9f46bb8699991b2b60a,2327252313212901
vishalmane109_50_50__66.jpg,50,vishalmane109,CC0-1.0,13077254094e84cf5b2003a71005d5c5c539f419ad159580ebd359cf55ba1a18,7979414349494b09
vishalmane109_50_50__67.jpg,50,vishalmane109,CC0-1.0,e7266f486674b7cf0cb2616d1984eba8d6d716316dc4d84f120acb3026815314,13736b495941590b
vishalmane109_50_50__68.jpg,50,vishalmane109,CC0-1.0,de552e7970233eb0ddb5ba29660ab5a04c47ac4f67d27f1b0ce1b1f10a4a5912,8d2110707971b133
vishalmane109_50_50__69.jpg,50,vishalmane109,CC0-1.0,65af4eaef9845c251836f63862e25b0874b592d31fd8c586a23c54af4126f78f,58b930703833256d
vishalmane109_50_50__7.jpg,50,vishalmane109,CC0-1.0,315fc08d6b087fa8b452e4d08055a63bc15819490f83fed324096dd40c596524,038b9be6677379d1
vishalmane109_50_50__70.jpg,50,vishalmane109,CC0-1.0,a63e6861b2a6a6f49989895bb9ab452d3da7f03b8210d247c7ffb86986663f50,482c247070733222
vishalmane109_50_50__71.jpg,50,vishalmane109,CC0-1.0,5bb301634ea06d570444d9a0b42bd5881de5190ab1955b40f04455bb7e793987,c198f4a0202c68b0
vishalmane109_50_50__72.jpg,50,vishalmane109,CC0-1.0,679438aae18cc35f3ff7c44448a06df32e4b5ab7c874ec28fdc187e7df72eedb,d590e272716b3221
vishalmane109_50_50__73.jpg,50,vishalmane109,CC0-1.0,e19b05a7f5d523a08f87f6823dd7be879ba18b5f73a2d52d3d7e7e2a1a33ebf5,c1d0b0b858b2a092
vishalmane109_50_50__74.jpg,50,vishalmane109,CC0-1.0,0a9d81571a3fd4855698e1cb1345e3508a7d2be9c71f21476a417423b4b686e7,c5e8e8a8b040e4c4
vishalmane109_50_50__75.jpg,50,vishalmane109,CC0-1.0,860c76b2234ecfd6d572f0d3147cc169ca82004c0bfc7bf49311752e75f5e88c,c5c8e8a8b8c8e4c1
vishalmane109_50_50__76.jpg,50,vishalmane109,CC0-1.0,42eddaada3cfb68311a33ebc1ae9c6280cff40e908bc71893bf448786170b8ca,f0f0eaecfcfdeb77
vishalmane109_50_50__77.jpg,50,vishalmane109,CC0-1.0,42e6d6adf3cb93b9df74442d048140fea84f92a263bca955ad174359fd6f7ff9,ce81c0f074f0f0fc
vishalmane109_50_50__78.jpg,50,vishalmane109,CC0-1.0,a3ccaa15c5313653b8160b28ff50059fd35735d12ad070e03da00160b47a1aef,f5d4b47472537331
vishalmane109_50_50__79.jpg,50,vishalmane109,CC0-1.0,d37eee73511ecaaf9f9a562e665b112994f08cd821e677d691e57174fb4efde6,9af5d5b0686d6563
vishalmane109_50_50__8.jpg,50,vishalmane109,CC0-1.0,af7e785056db76419c454e2d3dff46bdb3c1bdb5c6f1fd4bae88590ea2363fee,5f58d8c1e1c5a7fe
vishalmane109_50_50__80.jpg,50,vishalmane109,CC0-1.0,90c927e998a38100c3dc8a8b928a7dbdb61e7bad85dafb0e60343dadffe532d1,64e43478f9b17373
vishalmane109_50_50__81.jpg,50,vishalmane109,CC0-1.0,c463b2bc0aba272e9b6b09d19cdad67901e8fa3e008983ce253e00e04361187d,9c50b0b8b0396446
vishalmane109_50_50__82.jpg,50,vishalmane109,CC0-1.0,f6eb2e1ebb2c1879a99c2f4294fa61811857dd4120921b667bdb44fe0dad5caa,8c606cb8f070480e
vishalmane109_50_50__83.jpg,50,vishalmane109,CC0-1.0,5ee7e8af91faee87a5614780ccdda4d12b25f4b768b0c02736fdf1a0d2ae0f11,bdbef2f340042070
vishalmane109_50_50__84.jpg,50,vishalmane109,CC0-1.0,d30739053ca676ba3f3d8d90f01f0931e2d80db435bad98d1b5d7ee4f0227bd9,9c58e4b6b070707c
vishalmane109_50_50__85.jpg,50,vishalmane109,CC0-1.0,5fb3fc7956be58b0ee5f411dacaa9322dcbfc7279fd9b0e637541be9505f5c3b,57ccc8c8c8ea8a4a
vishalmane109_50_50__86.jpg,50,vishalmane109,CC0-1.0,c3e97029d2a2de8aa2d4397a6b575effc9050b2c39e82ab2d3e838777c491269,c3e3e2c5cc783b1e
vishalmane109_50_50__87.jpg,50,vishalmane109,CC0-1.0,dcb9b777b27a641d475ba9f6b49a6ae82c4dc45d905d27dfbe5e769438b05a78,3b3958da9078d694
vishalmane109_50_50__88.jpg,50,vishalmane109,CC0-1.0,847c83066411980aba73e445ce93e36b9ed403176a32a6cf7093aad4c34dd64c,553c7ccc6c6cc7c7
vishalmane109_50_50__9.jpg,50,vishalmane109,CC0-1.0,f2f71c004eb4aa4c06f73add4acadd94b3654640b5d2be661e8f62329132d082,e92811b878f8f8fc
vishalmane109_50_50__90.jpg,50,vishalmane109,CC0-1.0,627a7eea81ac1e22bf826268abdbcbcd75851cf2e3f3563194e531f22bec3873,0d8ca48e86d163a1
vishalmane109_50_50__91.jpg,50,vishalmane109,CC0-1.0,8b5555ae66b1468d3772ae7824b1f9f41d814af40f256107bef70662c5aec15f,44c6c58c8c56a383
vishalmane109_50_50__93.jpg,50,vishalmane109,CC0-1.0,c3c00ad0d819ee2efed9fb2ec83cf478391ab3feb0efee5ea172bb0d13599acb,cafad8d9f9e0016f
vishalmane109_50_50__94.jpg,50,vishalmane109,CC0-1.0,995e16ca230fd7c026c0ca0b38db78a4b66d69637cf026d3085c4a1d3d4b20f1,498739715656df4f
vishalmane109_50_50__95.jpg,50,vishalmane109,CC0-1.0,dfb79034e6b30b186e8531cf48609beee2674b19532d59352ec817d129874077,c18326636e66f3d3
vishalmane109_50_50__96.jpg,50,vishalmane109,CC0-1.0,31ff3354ca7c884c16b8adbf8f48b0bfb899858db7cf1b84cf953502e9fd1f54,c1cb4677662666da
vishalmane109_50_50__97.jpg,50,vishalmane109,CC0-1.0,5d8938d496864f2fff626614f56485cd9d355136f00452369897a30f184f654c,d6ccc9f9f9f8401f
vishalmane109_50_50__98.jpg,50,vishalmane109,CC0-1.0,4516e8f17683a5efc7ab1030a44a8281032f482e53d110b7f72cb96068dbb0f9,8783c3b1b032321e
vishalmane109_50_50__99.jpg,50,vishalmane109,CC0-1.0,8cfa90e4970ce99ed3ef031d67546621c5e12ddb1a61b9f6c080655de84669a0,830767638482aa84
vishalmane109_Background_Background__0.jpg,background,vishalmane109,CC0-1.0,9e0757bc6500fdfccd036a8a5de047000acdcd331b415f3a698bcba29d0f3105,c178387878784117
vishalmane109_Background_Background__1.jpg,background,vishalmane109,CC0-1.0,670d588f88f9941e9c1ba1f96682dacfcf4458df5fe805bd18071aa4318c2ae9,e8b3332323232754
vishalmane109_Background_Background__10.jpg,background,vishalmane109,CC0-1.0,7ca29a6f75e992d125ea66de65d07ccaf705c556af1acc1af51329c63c8182a1,6182880101474335
vishalmane109_Background_Background__100.jpg,background,vishalmane109,CC0-1.0,7b56c63a0973d8c855011ad8e2816117555a44a10e969abdc8caaf917eb6ba78,b273f37b4aa049e3
vishalmane109_Background_Background__101.jpg,background,vishalmane109,CC0-1.0,bb8227aad87283df237b9ffe21e1107aa03f9f21bc447ec7dd1d069979057a82,7cbcacf8e1e1718c
vishalmane109_Background_Background__102.jpg,background,vishalmane109,CC0-1.0,9c234e427894f0de966ae6520dd466672a2604d2c0131eda815dc26fa1e17016,f969c494d49d1d56
vishalmane109_Background_Background__103.jpg,background,vishalmane109,CC0-1.0,6d4467df116881e1d6ab4f111b41f1ffa81156f6dc593d466f2471836a83d03b,2b264cccccc4c4c4
vishalmane109_Background_Background__104.jpg,background,vishalmane109,CC0-1.0,6ec42ee39221b46799753da68abff642fc978edfccf2d48a5aba691a6baee3f2,fcd8d2caeaa80000
vishalmane109_Background_Background__105.jpg,background,vishalmane109,CC0-1.0,9ecfdff230dd3289d63ef6e9328769f8a179503fcc62a4049766f49b71569758,d4941622cd9f6151
vishalmane109_Background_Background__106.jpg,background,vishalmane109,CC0-1.0,fcc706215f5de8e830d43686b9c005ff0d38c1cf32a3924cf7702ecefe307096,1b0b236f6f0c5ac9
vishalmane109_Background_Background__107.jpg,background,vishalmane109,CC0-1.0,5b9bbd49650c570177353c91b82feae227abe2a077b9da7ace1497e3db1c62c0,0303058583cd2703
vishalmane109_Background_Background__108.jpg,background,vishalmane109,CC0-1.0,9b21998e418956c2e40095da685d4fe739ed9955980e773ca8619bc0d719e6d8,0828619292647432
vishalmane109_Background_Background__109.jpg,background,vishalmane109,CC0-1.0,f56fb796c6219ce2f41460f23a3f32dab489784c8ab293eae62b9ce196117c1e,e4c4c0d06868e0f0
vishalmane109_Background_Background__11.jpg,background,vishalmane109,CC0-1.0,213748c35a7625a923d33b4a25ce7ba1436a723dcfd0ba50b3226b5c93e96dad,e0e0f0d8d0e8c0e0
vishalmane109_Background_Background__110.jpg,background,vishalmane109,CC0-1.0,a228d5fa07a889d0cbb9fc8b50f383af142c8556f33bfa7846d09e6d487f9642,32317072624462f8
vishalmane109_Background_Background__111.jpg,background,vishalmane109,CC0-1.0,c2cd40d68bbeda6f8e698340b8db24003fe9094f1131ab76af587e27a3f7f036,661c3c7c7c6c6e66
vishalmane109_Background_Background__112.jpg,background,vishalmane109,CC0-1.0,0184e1b878f4374514ceaab465cc5b29b2887066f10c667fd0c8e5b1b682450e,2f373e343c6e2f07
vishalmane109_Background_Background__113.jpg,background,vishalmane109,CC0-1.0,610ecffe7579ce0540ad7786256e5d867034f1fb4e3316dc51f57f612245b4bf,d8f0f0f8f4f4e1e8
vishalmane109_Background_Background__114.jpg,background,vishalmane109,CC0-1.0,cf0578d6cb255c38d4437b17981fde37a1338f67feffee9eeab75b021115a38d,f8f0e8ecf4f6f8fc
vishalmane109_Background_Background__115.jpg,background,vishalmane109,CC0-1.0,c613d42cb4f12a36bfe93ae09e4c3992e7fc89a7d6b830409da68d0c192a5b81,a40440c08004a096
vishalmane109_Background_Background__116.jpg,background,vishalmane109,CC0-1.0,1d45d69bfe3c5cd8de1eff3b58a7b0282a87fc0b1fc327b3b2648c884f6e21b3,6862626161606009
vishalmane109_Background_Background__118.jpg,background,vishalmane109,CC0-1.0,bd3fe8e5269b9f3294050f58fb51ff89e0a1fdd5508cf24c22641896923c9caa,49494dec2d33f776
vishalmane109_Background_Background__119.jpg,background,vishalmane109,CC0-1.0,9dcea44efd5f24da49d863c2bf777b3a7556973d3d1d6b58d6ccff620dc54f83,e8e8f0e4e4e4d8d2
vishalmane109_Background_Background__12.jpg,background,vishalmane109,CC0-1.0,003377deb598e172d711f3d7ccf3e2e8ddce1b0609b91b00ea7959130977c65c,f9b8b858dcdcf8f8
vishalmane109_Background_Background__120.jpg,background,vishalmane109,CC0-1.0,ca340278e4cc39b2c4053d25e1df93726bf38bc82c1d1fec32044909015c9c39,818189858185a197
vishalmane109_Background_Background__121.jpg,background,vishalmane109,CC0-1.0,28c0d959e9c1ae2c2e1d0511b83073db61bb6eefe860694c81838b2196326a0b,e36b6b6b6b61ccce
vishalmane109_Background_Background__122.jpg,background,vishalmane109,CC0-1.0,c045948e081d83972339fc918ed49f8e8b2ad0ef957e97b08bfe5ba7fa51cf5e,4000800080c0c2cb
vishalmane109_Background_Background__123.jpg,background,vishalmane109,CC0-1.0,f325c85b6098ae676cd40e9a955048d54c3bfcc9bf59646f2f7b329c73879042,7c607868c8f0f049
vishalmane109_Background_Background__124.jpg,background,vishalmane109,CC0-1.0,9c776d9f93cf8d3d74cf9a8638a53fd58807d0f7e8a3e79dddb393edba6f53b2,1c000016b1190808
vishalmane109_Background_Background__125.jpg,background,vishalmane109,CC0-1.0,3b7b39699c0ded99242dd90abcfd67ffe1d24bf482e862e006d63cf95d8d1e46,f0d3d9dcf9a8e0b2
vishalmane109_Background_Background__127.jpg,background,vishalmane109,CC0-1.0,3450b9aa65ab5ed817f63a2d572595468bd09ae939564d84f0c4f935b885e19f,597175796561494d
vishalmane109_Background_Background__128.jpg,background,vishalmane109,CC0-1.0,db4ce5ba3d30e804672a2e2b01826ce93670b3de78de4d5bf1f0a735b320de94,6e16cee0a19696fe
vishalmane109_Background_Background__13.jpg,background,vishalmane109,CC0-1.0,b7e630531ad8c1c41f9d59f408001a8040be447b6ab17edfcd24037047963571,1d93871c9c371e4c
vishalmane109_Background_Background__130.jpg,background,vishalmane109,CC0-1.0,65dc8213a1db982e430684e835bda8e2f32b87652a4d65641716be30500775bd,deda3842421ba564
vishalmane109_Background_Background__131.jpg,background,vishalmane109,CC0-1.0,2436c22ca9eb644fec7dc10053ef4f103723cd99db69771cf4c85abd40edaa68,a8acb296afa78328
vishalmane109_Background_Background__133.jpg,background,vishalmane109,CC0-1.0,c87e14af0c017f736e02d9273e579612e5e3974b221aa72e113d95ee352ca311,ccd9c8e99390e8b7
vishalmane109_Background_Background__134.jpg,background,vishalmane109,CC0-1.0,13b8af5331f22e0657ec76d3b8847ed22359bb7dd50b9c9c7b4d52a7e04a30ea,cdd2f2f1f2a86056
vishalmane109_Background_Background__135.jpg,background,vishalmane109,CC0-1.0,551d30e69b9844cb7535f6ddc31848a4b8adaaed0def1724c9ac64371519c531,f0e8e8f8c0e07878
vishalmane109_Background_Background__136.jpg,background,vishalmane109,CC0-1.0,4041393debe3ebf534d68a7fa5b037290e168a83f12749a66b8c8fa4e22a9734,be3e3ebebed6ccc8
vishalmane109_Background_Background__137.jpg,background,vishalmane109,CC0-1.0,694d8bd7127cd8c63f5c96567671a8ee6b0adb64772b5c37a0f0db86854be6ab,30363460069793a4
vishalmane109_Background_Background__138.jpg,background,vishalmane109,CC0-1.0,83be670de710a970874913816c2478d67fbe1dd35715cd2a0e31756cd84fd997,e4a4a4a4a6d3b4e4
vishalmane109_Background_Background__139.jpg,background,vishalmane109,CC0-1.0,92f5f7ed240ea003009db25225ffa3adcbcb421e62c816c84f376899e0caa61f,f8f0c7f324045892
vishalmane109_Background_Background__14.jpg,background,vishalmane109,CC0-1.0,6204754df4d18d2c10a6702916f733f2bec848be0bac5e818d237058da59e923,8080c0c0c0e0a78b
vishalmane109_Background_Background__140.jpg,background,vishalmane109,CC0-1.0,06ab3d887b0b8a8b634daf1f1a3515b2da28ecaf943c72357a088f2f8fec1987,f96128232372f023
vishalmane109_Background_Background__141.jpg,background,vishalmane109,CC0-1.0,45244e40336f3a8010f6b961fff7fce3c207b04351fcb71957eedb5d22f03d2b,18566662c8c6fce4
vishalmane109_Background_Background__142.jpg,background,vishalmane109,CC0-1.0,7e02935dc7ddf6636c46de7e8b1834d267cc9e14589060573b16ec067ce4fbcf,f0f1f05948dc48e8
vishalmane109_Background_Background__143.jpg,background,vishalmane109,CC0-1.0,f3333c8c540f555ef637514e8b7914bf0b1c56f3580fbcee004eeb264fdf7b1b,c0b0f0f0b0f0f0f0
vishalmane109_Background_Background__145.jpg,background,vishalmane109,CC0-1.0,08ebbf52aa018eec84caf1ccc6601f52dfc3ad514ba03db703ecad8548c4a044,d8f8f85474fe8e2b
vishalmane109_Background_Background__146.jpg,background,vishalmane109,CC0-1.0,7695dfc7977bc46587ccdb6fce52d080951f48894ae93e96b8ef3c98c99719eb,7393f2ebf8356550
vishalmane109_Background_Background__147.jpg,background,vishalmane109,CC0-1.0,69514fa0a36fa26a8e59c769791e6ff4456e1dd8f813a985c348f461d0c69ec7,8020683830a03048
vishalmane109_Background_Background__148.jpg,background,vishalmane109,CC0-1.0,c92f9a0ff62696c4b74232ccaac2bfee936979c882c187afcfe4b8e6aa67c060,00000000008e2b2b
vishalmane109_Background_Background__149.jpg,background,vishalmane109,CC0-1.0,a1063740085610fc86bfd9754edb4d140e15794760480efe791935732df2ceda,f4b4f4e4c494fc4c
vishalmane109_Background_Background__15.jpg,background,vishalmane109,CC0-1.0,1c04d2fb8eed0ebdaeed4713043a9ef0bc685f52b675dc0ba9c34856d6774cfa,e8f0f0f0e0e0e0e0
vishalmane109_Background_Background__150.jpg,background,vishalmane109,CC0-1.0,55ebbd288b923878ca09ba0f3ae7150e6c6dce0ce762b78d7bbfe499279d7670,60786631586f3108
vishalmane109_Background_Background__151.jpg,background,vishalmane109,CC0-1.0,31febc1746c4453739f892703f0c20491a1b6f6059518d736336219ca95524ed,bf75dab563657543
vishalmane109_Background_Background__152.jpg,background,vishalmane109,CC0-1.0,23a6f93131262d5b55dafd5c4c039d0926108d516be70aa9eca2879da0c64ac1,f8f0f0e8f0f0f096
vishalmane109_Background_Background__154.jpg,background,vishalmane109,CC0-1.0,f8d1729044ee84ed59a262a0f0b06063ec713a48842daba2bf277d59dfb099ac,5f6f7f3f7f5f7f1b
vishalmane109_Background_Background__155.jpg,background,vishalmane109,CC0-1.0,fc675ff7963b98000891ca7e0f03dbf4b834e42c59ff16750faa0cc80ae63a86,5373f3f3f3f6f2f4
vishalmane109_Background_Background__156.jpg,background,vishalmane109,CC0-1.0,59ecfd3298c8b02625edc336cd880660e87c3304634c6a6472689161b1a79aae,e8f0d0f9f0e8e0f0
vishalmane109_Background_Background__157.jpg,background,vishalmane109,CC0-1.0,37f750d4cc56c9be237dc79d7e35617591bc43e50663ae677db5193a9cd21b7c,cbbfae8f8a8e0ece
vishalmane109_Background_Background__158.jpg,background,vishalmane109,CC0-1.0,23e656bf18f2dba6b21a75b0d03c042da2c06e75864311866c8fe78f28e4c4cb,7cbcb87b6dfce0e0
vishalmane109_Background_Background__159.jpg,background,vishalmane109,CC0-1.0,0ec0358327cc773157379dc6d8e1603c5b2efc8230df85a1df94122ea9613f74,35384a48ac9288c8
vishalmane109_Background_Background__160.jpg,background,vishalmane109,CC0-1.0,3579def52a21b2cc547dc58191d8a9b681b9d26e5b83af86dbeb74a255295362,b9999898a961f878
vishalmane109_Background_Background__161.jpg,background,vishalmane109,CC0-1.0,f919fd1b7461ea41230375fdc7a6c018c313a5d86a4caf790d3126e80f149668,1c1c28c2e0b6cac8
vishalmane109_Background_Background__162.jpg,background,vishalmane109,CC0-1.0,f24c882864bd8838acaaa17d1e6947f346f3c90887833ee3e924304ad316e5f1,c88d8585a4b4f247
vishalmane109_Background_Background__164.jpg,background,vishalmane109,CC0-1.0,372bcf50069619907ebb078646eff71b04dc289b48bdcefd80b640a3ac932e1f,f0f4e898dc2b5186
vishalmane109_Background_Background__165.jpg,background,vishalmane109,CC0-1.0,d8769c1d597ec59d76d5d3a701524824a31a791190cf71b6a03228e35f6a3d24,00824d6fa2925286
vishalmane109_Background_Background__166.jpg,background,vishalmane109,CC0-1.0,5d13ea1f25185fe003202fb4c79b90ca414fcc1c89b64b3d7247c8fe86d21c6b,f8d8f8f973c4f2e1
vishalmane109_Background_Background__167.jpg,background,vishalmane109,CC0-1.0,158bd6f03165415fe942d87ccb86f05220e2f472f83750cbb8d97dae299d9625,7f7f3e3f3f7de4f4
vishalmane109_Background_Background__168.jpg,background,vishalmane109,CC0-1.0,fb178848f93a71aa071e07bff0531c46211fb24ba68c6e837151fd8dee45adff,d0c0c8d8d0d1c0c0
vishalmane109_Background_Background__169.jpg,background,vishalmane109,CC0-1.0,dfafde61473a7ff221d7d530f6a99d9f166a4276228504d55549a08bb3e189d4,ce8c980a4878e0c7
vishalmane109_Background_Background__17.jpg,background,vishalmane109,CC0-1.0,392525e52d02465c6d46e924ded6374f4806639aef9a80feadf7ed0ce559ed4e,b4a858bc70905e69
vishalmane109_Background_Background__170.jpg,background,vishalmane109,CC0-1.0,f0d8bd1fc3164b35369b571b946caeaabbefc2e7df07b765be75aabb6f367f62,b3fe6ef9dbfffff1
vishalmane109_Background_Background__171.jpg,background,vishalmane109,CC0-1.0,d7d50d799536178ccbf3619ebbc0fd1d63732f95b4bfc7fc66b02265b5321c6e,e0e8f2e0e0e088b2
vishalmane109_Background_Background__172.jpg,background,vishalmane109,CC0-1.0,3f7efafc83679c96415320ae8d2aab44f72c825174df956dc53c170aa43c6907,fefafcf8797bff3b
vishalmane109_Background_Background__173.jpg,background,vishalmane109,CC0-1.0,dde14bd3c314ad2761cf266534c062e9974c95a15b3ac27306587b519bab3901,2a66f1b372b1e9d3
vishalmane109_Background_Background__174.jpg,background,vishalmane109,CC0-1.0,66ab3febce46971af57243e1e45527af7acaa244eb7f9c679279709a539d107e,f8f8f8f8f8f8f8f8
vishalmane109_Background_Background__175.jpg,background,vishalmane109,CC0-1.0,0cd540796a6a8636c7309292108ecb307b8468bb96c5b7f9ec77e138d819676b,cacecbc9c9e2e0ec
vishalmane109_Background_Background__176.jpg,background,vishalmane109,CC0-1.0,f9519b7e35b3416005f28c590478eeec07847f00d8cf14b7b2c3dabcb96bcb85,f0f0f2f0f0f4d452
vishalmane109_Background_Background__177.jpg,background,vishalmane109,CC0-1.0,a361dc7edd8a8982d60be76474271b509ee387783133c453ac1f036dc2920100,f0f0e0f0e0e0e6e0
vishalmane109_Background_Background__178.jpg,background,vishalmane109,CC0-1.0,b2a1ef77798d4ccef36ae7d4776a199cd48356ec7e718760bdf9a9f41a15d94e,4858bc1792b4d0e7
vishalmane109_Background_Background__179.jpg,background,vishalmane109,CC0-1.0,3a51275c5b6bddbf41705f51af1271e53ccef687ec400434aece6c871fd329e7,cfc7c7c0e4c69827
vishalmane109_Background_Background__18.jpg,background,vishalmane109,CC0-1.0,88dba902162b9829dc22270dabafc880455259bae3f1802bce6ddedffcbec78d,a9a1a9e969696969
vishalmane109_Background_Background__181.jpg,background,vishalmane109,CC0-1.0,6b88e7c7ce5d87d961d90ba474f378f59e80e829c7445e04ca06cc1321714b55,af9f9a9a199e9a99
vishalmane109_Background_Background__182.jpg,background,vishalmane109,CC0-1.0,58b121309affc4cfbffa9e60f158fe7388e0dffceada34d01f698603373c32ed,79f25b49d9497bbb
vishalmane109_Background_Background__183.jpg,background,vishalmane109,CC0-1.0,5b4a3477fc4efb31ccd7eea4217ed57485febcdf51d7f87626bf58528eb14121,8d8d8e8c8c8c8cac
vishalmane109_Background_Background__184.jpg,background,vishalmane109,CC0-1.0,cf334d303f2ac0d8739be7fbed5b546f415a135386f22ca38b2d3ab1fd6d676b,e8cc90c0e0f0c2c2
vishalmane109_Background_Background__185.jpg,background,vishalmane109,CC0-1.0,ebeedfac88967b0dba9d6953376a1b158876d1cc28757fec24876e95683f4b81,b1240e592e8ad3e1
vishalmane109_Background_Background__186.jpg,background,vishalmane109,CC0-1.0,49566b460fafe7f998ac413ff795e776629f31186c55ee265431e959430da386,4343357615465101
vishalmane109_Background_Background__187.jpg,background,vishalmane109,CC0-1.0,e07de233e709f78c7ac72783ea648bba2141794e8a59951c0cb5edd95649adcf,d9d7c6ccecfdd8f9
vishalmane109_Background_Background__188.jpg,background,vishalmane109,CC0-1.0,bc696cd882ba4c4fbeb2d5c0b4a3f1c9ba1c6d48039c15e0dcfe5404ab47bf62,0084060000000080
vishalmane109_Background_Background__189.jpg,background,vishalmane109,CC0-1.0,c30c399e649276a25f167b81782c34f6bfa89b5140c2144b1817069387d866c7,d0f0e42030206143
vishalmane109_Background_Background__19.jpg,background,vishalmane109,CC0-1.0,931e5b3920bd6322ff106c04eb23f164ae1279ff80a60d13ea07626f71045aa7,000004019bb349cf
vishalmane109_Background_Background__190.jpg,background,vishalmane109,CC0-1.0,c4bd20cf33f9f72c0e2f6f92349d77fc2f8c624fe944470c028042c4e8dbb260,e0e0c0d8d8e4f60b
vishalmane109_Background_Background__191.jpg,background,vishalmane109,CC0-1.0,bd0fe7a582f6d028817ec467508934f5aaf04727b8519066235f9f33535780db,bc1bcc8c06068e0d
vishalmane109_Background_Background__192.jpg,background,vishalmane109,CC0-1.0,21e0cd2616d413982ab578bb9ca2ef3f8cc1943b9669c6267cffb5eaf9423e10,a080c2a2c0d0f0f8
vishalmane109_Background_Background__194.jpg,background,vishalmane109,CC0-1.0,08ff15f5eb73db28b4481b3fbd1b8790689ef42e9cfa07c766a654d1b1565485,cb8b47254b0b0d04
vishalmane109_Background_Background__196.jpg,background,vishalmane109,CC0-1.0,ab7ad0cafc41f1a2b6685e553d468da6a4411ab99638b7e452d4b335cf277603,8674787c615b7ac7
vishalmane109_Background_Background__197.jpg,background,vishalmane109,CC0-1.0,53a6fceaf08e8be3fb019233dc4109ae54b85baa80381176d04aceb9ce40912a,849492aa42905896
vishalmane109_Background_Background__198.jpg,background,vishalmane109,CC0-1.0,16157f60d1abcd300d43991f363508d26fb2c94e285df5f08024c57d583cdd18,f0f0f0f0f0f07086
vishalmane109_Background_Background__199.jpg,background,vishalmane109,CC0-1.0,a3ecf807239c9517323e30ca9642a48ddd727ea7c033394d837b12882a66c18b,00002100849c144c
vishalmane109_Background_Background__2.jpg,background,vishalmane109,CC0-1.0,e32274c2aaf1336f829d7936d69b2eff2b39df65ad0bc0a738b5c27673e1ef76,80808080c0c0d096
vishalmane109_Background_Background__20.jpg,background,vishalmane109,CC0-1.0,795580a613e7b607a152edd4a77b430d59b4ae24eeeb387766983549f30c3f3d,f8fefafaf0f2bab8
vishalmane109_Background_Background__200.jpg,background,vishalmane109,CC0-1.0,c2ac54393260d12d119757ee1018d1fe6c07c0f7564a9543b21635450de96317,4e66eadd9690b072
vishalmane109_Background_Background__201.jpg,background,vishalmane109,CC0-1.0,3027b195c3362d79e98600a5ad2e9dfb95b9c9c0f8f4e11a3e8f3fa57e23abc6,0000000000989843
vishalmane109_Background_Background__202.jpg,background,vishalmane109,CC0-1.0,e5defbe22633e826f0f3cc6aa08fa4173059ae79d69c12d9f77bc69c9f70eceb,ecc5e5c5fc7c7c7c
vishalmane109_Background_Background__203.jpg,background,vishalmane109,CC0-1.0,dfed2666ee1304663a7f91cf6941b5d8c1d2e12c2cbef5d8a300fa5f1c0b9fde,2c2a6a6c68684c4c
vishalmane109_Background_Background__204.jpg,background,vishalmane109,CC0-1.0,57a9054edd80d1e823c0de3cae452eeb052a1d750cd9c0c76c6f25d6809628c2,09bc991b4c55dd13
vishalmane109_Background_Background__205.jpg,background,vishalmane109,CC0-1.0,61edd11b813c49f3340e58535a1c03e7af0b115ec8346cf5157e8b6d43a36708,929392929290d1d2
vishalmane109_Background_Background__206.jpg,background,vishalmane109,CC0-1.0,a787cb1b3c348d7d88a2b813885f14559f78c5f42fba08154926b3455a3b7c8c,00a10200206d8a53
vishalmane109_Background_Background__207.jpg,background,vishalmane109,CC0-1.0,b02409445e91e5c424ca02999424c610a28c7aca9e09e0f2ac190dbf89502aac,fcfcfcfcfcdcf6b6
vishalmane109_Background_Background__208.jpg,background,vishalmane109,CC0-1.0,e37cab9baccbaa1678b61ac7272a97251f59692bef2ac6ba3bf4cb24291d9d48,d073199b01c4c109
vishalmane109_Background_Background__209.jpg,background,vishalmane109,CC0-1.0,a07cb58e661b3b5ab15516f90171954abc2ad9eb1f1311797c5c1e3a8778e6b7,9c9490b6b6baba36
vishalmane109_Background_Background__21.jpg,background,vishalmane109,CC0-1.0,a8e6e4c8929f0c902e48b1ab12e4fc02593f5299888c33852ba854d5e95e1115,cce4c8d894d20801
vishalmane109_Background_Background__210.jpg,background,vishalmane109,CC0-1.0,825fc854248b7e44f3a632ba52778a9aa48a2ca46f0f8560275b720df4f83015,2e0b4890b294c6c6
vishalmane109_Background_Background__211.jpg,background,vishalmane109,CC0-1.0,754dcfb9faecef0a65a0ea2461cf1b5d1cb98646b7f97341490b5e117dd2b4a3,212365446983273a
vishalmane109_Background_Background__212.jpg,background,vishalmane109,CC0-1.0,04a6c92bc067c1d3aa3c8031267d941566c973e294359e935002a50e64e1a879,c4ccca9263e6fe1f
vishalmane109_Background_Background__213.jpg,background,vishalmane109,CC0-1.0,e2912d73c55d7668c255c7ca1d23fc41cedaad4685c439dc8ed54ce1222c1ea7,e0eae8a6b060e402
vishalmane109_Background_Background__214.jpg,background,vishalmane109,CC0-1.0,eebc266ffc453be3fa4647038a519e984f5c75857c5eb73c980fdbb08f81f5a5,6bf8fcf8b9a7d858
vishalmane109_Background_Background__215.jpg,background,vishalmane109,CC0-1.0,999cc638c7ca8f3e5bd53dd8224ff2d93374adde96787dc66da0f9903a35a172,0f6332e8d876c6f9
vishalmane109_Background_Background__216.jpg,background,vishalmane109,CC0-1.0,04522cff667839c51ffc8c87c2acf9091abfa45d4d94ff87ac50974f14820f20,fcd0c2c6e4f6d9d9
vishalmane109_Background_Background__217.jpg,background,vishalmane109,CC0-1.0,a143fc955fa3afa9c68d3832411a09e76c4fd7dd7b202f0fbbfd10d932466974,b0242c74636127c1
vishalmane109_Background_Background__218.jpg,background,vishalmane109,CC0-1.0,8357375736507c2e45166a4990f4bf129bfbed2b3f8a35ec560b0feaa17aad64,00000010c0183c07
vishalmane109_Background_Background__219.jpg,background,vishalmane109,CC0-1.0,8d63351d1e7535273736b91bb656be4d43424a2791e6395e4925815c60fc8f73,f0f0e0f0f0664b09
vishalmane109_Background_Background__22.jpg,background,vishalmane109,CC0-1.0,8af83e16593afb2941bf70ec6fefe7c7005599c74073a18d8fcadf58acc6d19d,efdffffbe3ffbb3f
vishalmane109_Background_Background__220.jpg,background,vishalmane109,CC0-1.0,21f73800442dd916b5f855a7d39c3a93ba2f3d958c58373237abfbd0d9b99701,0910101233939313
vishalmane109_Background_Background__221.jpg,background,vishalmane109,CC0-1.0,90690fdb65a4f4c4a3d59417982463820beedcbcc6fb00e4ddf0e9ab766ae7d6,c2dbd6d6c143438a
vishalmane109_Background_Background__222.jpg,background,vishalmane109,CC0-1.0,5f26e85e783010a7ef2feb95ef4b816e59ee8eda70fdf5891ffa670c5c3e51fd,18dc949c9c989800
vishalmane109_Background_Background__229.jpg,background,vishalmane109,CC0-1.0,ba277e9a495be6a724da0c81dc9285a47645fd0bc0e714f5d6925459b1aefccb,160e8c99f3f7f8bc
vishalmane109_Background_Background__23.jpg,background,vishalmane109,CC0-1.0,196219e0e40e9e309f4be01094cdf87bcf45c4031f2c2f1fc02842cb1b8a1e08,cfdffff2e7ff3f17
vishalmane109_Background_Background__230.jpg,background,vishalmane109,CC0-1.0,f069ba1cc9e9357cef2d7433f5af57c6915780deef7c805004f44030c4bedf37,cb47e4f4f2f2c162
vishalmane109_Background_Background__231.jpg,background,vishalmane109,CC0-1.0,46f9cf41298364c2a16371738d4576b1aa3753db1573dc2cb806305461ca5442,e0e0e4e0c0f0e0c8
vishalmane109_Background_Background__232.jpg,background,vishalmane109,CC0-1.0,dbe02012992a0b3b6767037a7cdb047d4fc3fc2baf6d56a26917406e91d52a69,fcf8f83878da3a49
vishalmane109_Background_Background__233.jpg,background,vishalmane109,CC0-1.0,14419f15936db1e9fbc9dfe772458f093af2461372fe124ce926788fb66129bd,d8d0907072a8d4c0
vishalmane109_Background_Background__234.jpg,background,vishalmane109,CC0-1.0,564de7bc35e0bd36052c830093727c15e395bd8e9b4c6b1f449558edd9838cba,f0f8f8f0e0e0e474
vishalmane109_Background_Background__235.jpg,background,vishalmane109,CC0-1.0,49b3b649681cd3b586e8b53d6804f4b72367f64e0cd66590009707a363724501,6a2b9c9c1c9819aa
vishalmane109_Background_Background__236.jpg,background,vishalmane109,CC0-1.0,d7a00a800d283024d89905330b2aa8bad96c50cd03af5365ed5790929e31cf3b,e82a1c1c1c1929c8
vishalmane109_Background_Background__237.jpg,background,vishalmane109,CC0-1.0,e23cda7866991fd8092681d898b7e9d99b2fae9be15387f65c9a8f58e9c87314,e9c1c0e0e0e0f0c0
vishalmane109_Background_Background__238.jpg,background,vishalmane109,CC0-1.0,72db7aab5679ff3ee67c23aa8f306648cd0005321b8357c65fa4f7670bf8d2d4,3636f232f0b472fb
vishalmane109_Background_Background__239.jpg,background,vishalmane109,CC0-1.0,8cc44e9191b04429ad8175d5488f1120da46f205deca6391e3d080abb81182ac,e0e090c8d9e4e0ec
vishalmane109_Background_Background__24.jpg,background,vishalmane109,CC0-1.0,f1879eff3529973f0b510624401c0f48c608739cf73138adcf7a514b8048544b,d0f0f0f1e1e1e1c1
vishalmane109_Background_Background__240.jpg,background,vishalmane109,CC0-1.0,069a8c86481b062d2b78779b816dbfa95cf604ba592a38aad7ea47e236817016,ec38d2faf8dafa68
vishalmane109_Background_Background__241.jpg,background,vishalmane109,CC0-1.0,751c8f4a7d27ee94b1f592d8f29c6d6e8c1c756ea20b06fc5ce86dd714e00708,6464646424242424
vishalmane109_Background_Background__242.jpg,background,vishalmane109,CC0-1.0,87cfb9b90cd8bc0275df84f2b730e852930e299c3f39bdf20b84558a7192c694,70715483b2b26c74
vishalmane109_Background_Background__243.jpg,background,vishalmane109,CC0-1.0,805b810fc4cd894372f05a3ff8563454eb1439aec22653a508d76be3977962d0,e0f0d0c6c0f0f4ec
vishalmane109_Background_Background__244.jpg,background,vishalmane109,CC0-1.0,e862630310535678fb9552e1e3a7cf887a6ba7abfa8a2ed165b7d6c704c92ce7,a3b03eaceae5e5e5
vishalmane109_Background_Background__245.jpg,background,vishalmane109,CC0-1.0,dbb07c87fe3b927c1c8524f62ac5d37f9c46af91131b17c2d159d09d2885ed3c,c080a4c8d89163c9
vishalmane109_Background_Background__246.jpg,background,vishalmane109,CC0-1.0,f04cf82cbe480bc1ff4abc331646999e29c0fd7d2d1bccbe7dc61cc4785fe46a,f1716164b098d2e4
vishalmane109_Background_Background__247.jpg,background,vishalmane109,CC0-1.0,2dee6a360f5c352f53e8de228372c1b53d6cb997cc5b639c3723923b9f2db8a3,7860d1917179793f
vishalmane109_Background_Background__248.jpg,background,vishalmane109,CC0-1.0,d56bee245f96c2af739c75e98e3dfee9e4c7243c5157daa3e06bb743aed1dfbd,ade9f1a1f463696a
vishalmane109_Background_Background__249.jpg,background,vishalmane109,CC0-1.0,a3d16ce1dbb757c113a7d574db8fff8cd18511e49662ff4539d57135aac16278,c1e87a3092325555
vishalmane109_Background_Background__25.jpg,background,vishalmane109,CC0-1.0,ccfa812edf913c905c5b26608f5bcec614e51671754eae2bedaaafe383cbb96d,e0e0e0f0f0b8f8f0
vishalmane109_Background_Background__250.jpg,background,vishalmane109,CC0-1.0,211186e92ffb656f89eb7967b0ad4f2569672d8c1a9e772b12d56f26fd2c6fe4,2c1388e4e81874f8
vishalmane109_Background_Background__251.jpg,background,vishalmane109,CC0-1.0,56c445ade148b79758c250cd2ffe1316a3b583666ff1513d156a0e9c3c354656,f983b161c3dc349c
vishalmane109_Background_Background__252.jpg,background,vishalmane109,CC0-1.0,deef7b9ec7dfbaeb076d4fbde5fcc3bbbde56589a19d18dbe3da8ea5f89b1b06,9cac99d850b0a181
vishalmane109_Background_Background__253.jpg,background,vishalmane109,CC0-1.0,8dcd026fb7f15aea5e9efd32336e88e40ba3137d2dc4a84b274c2d23b33d7309,3496d8da9696b7fe
vishalmane109_Background_Background__254.jpg,background,vishalmane109,CC0-1.0,35127b5c9bad8f59236cfb63e04b754fca2cdfbc9dc3fc04aeef1f3bf4a99a16,ffffe7c7c3c0c0c0
vishalmane109_Background_Background__255.jpg,background,vishalmane109,CC0-1.0,a90e5e61bf49ea6b75e5837dcd2450d7accfebf28e0bde5e4f4d6c019ce78940,f0f8f9f0f2f2f0e8
vishalmane109_Background_Background__256.jpg,background,vishalmane109,CC0-1.0,02a22ab555b6b9a7415f094523109ff0d7c89235a567cc01b4f59a8d512b513e,0703c1c1c1818141
vishalmane109_Background_Background__257.jpg,background,vishalmane109,CC0-1.0,2d3c1a6becf47770a7f99282746cbab687f834324c790b891a58e697cbf9d593,eae3d3b1d951e1e8
vishalmane109_Background_Background__258.jpg,background,vishalmane109,CC0-1.0,d3853af8fa66dee1768b02bd5148a0df0f72cab5bc27f41dd51149bf4e153f01,2d153bba94944050
vishalmane109_Background_Background__259.jpg,background,vishalmane109,CC0-1.0,ab1c3cd370a3290ec6e44487009b772ada5e741cf2cfbd2dd096aad0cf859a60,a1b3bced63707a22
vishalmane109_Background_Background__26.jpg,background,vishalmane109,CC0-1.0,7d626f35fca26c6bde22483d7aa942b467d607bb63c53cdbf5abef16172f5a27,80c8c859590b0a00
vishalmane109_Background_Background__260.jpg,background,vishalmane109,CC0-1.0,07ffdac11ed8575191177beae39158cf1ed14c6d9936df8edfddfe3e467e694a,b0f0f0f0f0f0f2f6
vishalmane109_Background_Background__261.jpg,background,vishalmane109,CC0-1.0,32e94f5b53b6ab564e054b0eece0731ada8771a5da5f384386e012dd112bc82a,a3e5e5e4b2d2d8dc
vishalmane109_Background_Background__262.jpg,background,vishalmane109,CC0-1.0,9d73ddf00f93b1f259d5ec71fbaba48caf5ead5f311349307d0639eca0365e68,eafb3151d0f2fa53
vishalmane109_Background_Background__263.jpg,background,vishalmane109,CC0-1.0,a21494bf2a3d95b9f2c660072e657a709444adc494b18a20422d77941718d7fe,fe79cc9678dc923d
vishalmane109_Background_Background__264.jpg,background,vishalmane109,CC0-1.0,3cfa741c67f4fe29dbc458c99ea2d9328acd7137b4beb84a8e66fd4c59d93075,e0f050e17153ec46
vishalmane109_Background_Background__265.jpg,background,vishalmane109,CC0-1.0,7481e3477ced394cb7bd649194d6c8a68b6ee56e366f33eaa5ca08bd14ab1c3c,008080c01fffdedf
vishalmane109_Background_Background__266.jpg,background,vishalmane109,CC0-1.0,730a59bb6c13927d84ec0de2bcd7430f19b9b1e230f83d3bd05d33c8dd57120c,80f0e0e0f856cac9
vishalmane109_Background_Background__267.jpg,background,vishalmane109,CC0-1.0,c633bdae4f02a9d9d2259523a8afa2789e93b7a0f0aa6e8385f0f3c91d9d7d8d,e2f2c2e070f9e0e0
vishalmane109_Background_Background__268.jpg,background,vishalmane109,CC0-1.0,320bac5ad5e008b9f445aa02f79b85c3fa3f4731eaa5216c7f5a34f816a065f3,e4e5f2f2fc84bceb
vishalmane109_Background_Background__269.jpg,background,vishalmane109,CC0-1.0,09a235bcf0b37cfdf914aac6afab2cc2f70f1263997436436a5bec609a45890f,0100000feec3d2c9
vishalmane109_Background_Background__27.jpg,background,vishalmane109,CC0-1.0,fd8d99874c69c02c9c61f3c867b0baad843c9d0ccb76fbcaa21f9bc512154a21,b0e0c2e0e0c0e0c8
vishalmane109_Background_Background__270.jpg,background,vishalmane109,CC0-1.0,041ba0936a9e9767cc60f95fc29ae15cbf5143970360d8a7e92836f2724a9f07,75664eec78bab0b0
vishalmane109_Background_Background__271.jpg,background,vishalmane109,CC0-1.0,e2af9ed0205c05a1cf7632a58bb9d4e726a928f1ff2d7a5229510ed3b276cb3c,2470e8c8e8f173d2
vishalmane109_Background_Background__272.jpg,background,vishalmane109,CC0-1.0,f5b110748ab7077811cf1a6eeb79b52042d8813698b630ae9f8f4e454c960b6a,821624cd3f0f0c30
vishalmane109_Background_Background__273.jpg,background,vishalmane109,CC0-1.0,c93cdae149048a45a242fb4d9b782c7bd71f4eb8c404297b4970d4cc31f1100c,c84961b0ae67f3d1
vishalmane109_Background_Background__274.jpg,background,vishalmane109,CC0-1.0,ad39d76059b762046557e94340f1772b5f6c42b8dd4689be898ddad6a5b1723c,e0f1e4c5e1e1e0e9
vishalmane109_Background_Background__275.jpg,background,vishalmane109,CC0-1.0,cf6b5e52d837c58198ab9195ea7a5257574548928f9b655672b81d4a48ad3982,e0f0b4c1841261e2
vishalmane109_Background_Background__276.jpg,background,vishalmane109,CC0-1.0,43e53b7b5e5d056a16d22a08fc16bbd376719f6244978d3f11f3650092809ee0,0000c0c9cdcce0e4
vishalmane109_Background_Background__277.jpg,background,vishalmane109,CC0-1.0,c184f510d881932619d805b699638e4bba36b5847fb445eec5f4d4c05b635f1c,f0e4d4cc8db7ccc8
vishalmane109_Background_Background__278.jpg,background,vishalmane109,CC0-1.0,a4082a63674200624dbe89bfe383e3dd7965078e2995bc05a42fb326d8eeff66,8d903878fcf0f0f8
vishalmane109_Background_Background__279.jpg,background,vishalmane109,CC0-1.0,f68e7eb13ac0089bc93e28b3ff27b6db327419ddfb917eb0ac2f51d2cd7da5d1,1b5d65030b0a6b71
vishalmane109_Background_Background__28.jpg,background,vishalmane109,CC0-1.0,387a1c569a5b9ea803e2a38ff244bc33f24b57d3bb8c795a5a62fd6b64b6d65d,0000000000828169
vishalmane109_Background_Background__280.jpg,background,vishalmane109,CC0-1.0,0d48cc35edc97e9540bd3aecd7f848e5786103fe9a89ba8f1dc54be5d14930cf,04120227377b79e5
vishalmane109_Background_Background__281.jpg,background,vishalmane109,CC0-1.0,efac0134222a835b80e4b54a9b27e46efb1c3b6bd93be1739694fdd6df9db82a,a1c181c0c0c0c0c0
vishalmane109_Background_Background__282.jpg,background,vishalmane109,CC0-1.0,7abecb108ac06412d8ae71274b915323a7592ff41e41f9e8e88feb641170fb73,f0f0e0e0e8e8c880
vishalmane109_Background_Background__283.jpg,background,vishalmane109,CC0-1.0,6369f680b6f91a8f1bc146424aea852ebcbf3819665e28b02fb5ae7d672ca162,86c2437555c6d1fa
vishalmane109_Background_Background__284.jpg,background,vishalmane109,CC0-1.0,fdf298a0bc2f50185a74f2485ed5d1de5389f40ca97aacb267daa8eebbe75a98,80c0a82366aeec30
vishalmane109_Background_Background__285.jpg,background,vishalmane109,CC0-1.0,287d3adb7476eafb55712c5ad88655824e84e02eb4ad99ab4154fec25f6cd22c,0000000406332609
vishalmane109_Background_Background__286.jpg,background,vishalmane109,CC0-1.0,c581e9a2a4f2ec11831ae520bc9f3b0077a27ca233b7dc61a1f8b58a7ae50e98,000402830d68e748
vishalmane109_Background_Background__287.jpg,background,vishalmane109,CC0-1.0,5fdef844c0deaf5dfacf22b719c803a7e02def307571756c2b472e7af45d783d,080e0080f4f19393
vishalmane109_Background_Background__288.jpg,background,vishalmane109,CC0-1.0,30cd11800bcdd8432785b6a880ef6440a0bde5c42d54e3f3b196524a4a88acf5,28446124ac929330
vishalmane109_Background_Background__289.jpg,background,vishalmane109,CC0-1.0,18dc6b7444fb01a43fee14d6485d92c6f01bc4c6ee644552da3bce0ecf9cbed0,cccc8d050f2b8c32
vishalmane109_Background_Background__29.jpg,background,vishalmane109,CC0-1.0,61c0f4fe31ba8955ea1553bc0d4c600b305ce84131ece6a0c01a332d043d9d5e,c0c0800002030302
vishalmane109_Background_Background__290.jpg,background,vishalmane109,CC0-1.0,8cc334e81ef79d468423a24cd3dc463944fb487ff4998e110adc99851e642918,ade3e3f9b990d2c0
vishalmane109_Background_Background__291.jpg,background,vishalmane109,CC0-1.0,490c2c50342cbb9088ede3bd0eba0ef79e2925b39998a76c14a52eedab7a2675,08110305252e63c6
vishalmane109_Background_Background__292.jpg,background,vishalmane109,CC0-1.0,0fe732fe6ef0f9df908a7a607a973868ffcfa6ad933d81db23c2de2bec4485bd,e1a1dcd4969bcac0
vishalmane109_Background_Background__293.jpg,background,vishalmane109,CC0-1.0,dbc15468b5b1ecfaee1adb4de17ac928a743378936b1d9b8f5e28b33eac89de7,e0e0d0743879464e
vishalmane109_Background_Background__294.jpg,background,vishalmane109,CC0-1.0,e7f5cf8842d26bc1fc4a4a9057d9480c3af60546ec1ccfc02a63f4701ad17c54,849278d0122840d0
vishalmane109_Background_Background__295.jpg,background,vishalmane109,CC0-1.0,e0f3fb30c20123222dc737f4a49a8f4253d0a10e90a074e4536f0a54367231b5,fcf8f6a921e4ca98
vishalmane109_Background_Background__296.jpg,background,vishalmane109,CC0-1.0,9bc08c279cc39664d2c869c4c82fe0e729747faf539e0856feb066e140f8cc41,0040b0b030c2dadc
vishalmane109_Background_Background__297.jpg,background,vishalmane109,CC0-1.0,8db53a341dba0d7e7c18f41a8da7c6b4ce32a868008bb2a7dae273908cb7ff76,5c36b9d8dc90b090
vishalmane109_Background_Background__298.jpg,background,vishalmane109,CC0-1.0,14592b8b4e6de09f7d565225539f6c97a725822a7ba9283f2384f2a47740ab42,fcfcfcfcf0fa973e
vishalmane109_Background_Background__299.jpg,background,vishalmane109,CC0-1.0,79d07ef5106385d9a375bba71b832a8626a313deec996e3ef35b55824781d7f7,d59a2e0149cb0e94
vishalmane109_Background_Background__3.jpg,background,vishalmane109,CC0-1.0,d9ade7313520705c423a6a04ded203feed4e300252ea09780a55c0f9836f3526,f1ffdedceefefc95
vishalmane109_Background_Background__300.jpg,background,vishalmane109,CC0-1.0,dd97cc340450b4ab6f863b95bde6804f589d1dcf6109ce113b8244fbae9868dd,ffffffffdf7ffe86
vishalmane109_Background_Background__301.jpg,background,vishalmane109,CC0-1.0,b24d462e00f11185270b54e396b9b3320901f2b93d5905d4b9ed5dac2b6005c6,74e06921200000c1
vishalmane109_Background_Background__306.jpg,background,vishalmane109,CC0-1.0,be324aac156e46cb2a2c6b090e1e2b80fe2a2ca279457c28a26b4b7f01e68ef8,f0f0f04323414090
vishalmane109_Background_Background__307.jpg,background,vishalmane109,CC0-1.0,3e6bf53a47dbae817b501e014b6e73338ca19d1d78fefda443cc278364276290,eef3e0f0f0f0f0f0
vishalmane109_Background_Background__31.jpg,background,vishalmane109,CC0-1.0,9cc2b007dc06f12c4e0514044162e97d91bd805e779d764fd0756d8bd9837e46,0703070707070303
vishalmane109_Background_Background__313.jpg,background,vishalmane109,CC0-1.0,1a14ed3fc4bd321db2c217ce1bb0057b9d771ddc71909ec619147d8ae518150e,9991b4bc84ecac38
vishalmane109_Background_Background__314.jpg,background,vishalmane109,CC0-1.0,d0395548d0bd95e43cc5a86491c425b2baa74dfad47d1ab98d5d866363073c3b,973cbcf9d34c2d3f
vishalmane109_Background_Background__315.jpg,background,vishalmane109,CC0-1.0,721da6f34f82c18f0bc67036c7893282c9aeaf5a9e5a20b27c9112e7a7d749e9,29333c38bce4d9b3
vishalmane109_Background_Background__316.jpg,background,vishalmane109,CC0-1.0,47dd7d9e96dc412d2fbf8fd1944a71723a6d64f5ef383ab74206f150a55e028c,243525092b363c78
vishalmane109_Background_Background__317.jpg,background,vishalmane109,CC0-1.0,ef5e45421cfc0acc30311317356245fa297d15b4432ce696c941cde6125fad1a,2439171cb8f4e4f9
vishalmane109_Background_Background__318.jpg,background,vishalmane109,CC0-1.0,243746220c155a318344af7279bc08ec861fed76d088ab7ee05e440a45e0c505,c8c84a1396ecd8f2
vishalmane109_Background_Background__319.jpg,background,vishalmane109,CC0-1.0,99d5b6dadffe759edcd1b78d792eb9a33494a0eb3a93c01e9260b3f5b6564c1d,ef7eac96969e96b7
vishalmane109_Background_Background__32.jpg,background,vishalmane109,CC0-1.0,c9a3c7a11e2da5a312dc870cd494d69f71cf2ebd33f7785824edf883dfba6f7b,d9ac905274a4e570
vishalmane109_Background_Background__320.jpg,background,vishalmane109,CC0-1.0,89253a6970b5369e6ad32d13d7d9e2301234f5191ad9d69bb139d823d6916c9d,c8e6bef8e0d1fbe2
vishalmane109_Background_Background__321.jpg,background,vishalmane109,CC0-1.0,393422a584650463e39aa75f88e0cf26ec8212e4152e3413308a05544fdc59c7,739be0f0c288f0c0
vishalmane109_Background_Background__322.jpg,background,vishalmane109,CC0-1.0,0bd5cd0d61530d6d394f2ac613baacc47404b7d62bc93742d79d9e3975f109d5,fad2605a9030e0d2
vishalmane109_Background_Background__323.jpg,background,vishalmane109,CC0-1.0,e40732a68f3745713a4c57bb20559231b56797df81edf00ecdab9af87d4e7367,3c14719856e6ccd8
vishalmane109_Background_Background__324.jpg,background,vishalmane109,CC0-1.0,50c833755df98731dc39fdb0001b97fe95c7f9e4ac3de72d4325930befe8d288,24da850310322464
vishalmane109_Background_Background__325.jpg,background,vishalmane109,CC0-1.0,afdcaaa2cfec9adef50ca8ea7fdfe44aa4b416156b10c992868061bbd4761745,f0c8e8f8f89cece5
vishalmane109_Background_Background__326.jpg,background,vishalmane109,CC0-1.0,4bc148d02ac10f445dc228296fb01e16b68687b724724ff170bc94157283150b,7e7d7efefeff7616
vishalmane109_Background_Background__327.jpg,background,vishalmane109,CC0-1.0,e76739bac810a38490d7b7f60d06ad701f9ce0c40835d861e950d203aa83d168,fcfcfcfce8e0e2e0
vishalmane109_Background_Background__328.jpg,background,vishalmane109,CC0-1.0,da10c5457bf74fd5ecd18e8a4380c04587c0dd6cbc638da3c6edad217fece2c0,81c3c3e3f3e3e6fa
vishalmane109_Background_Background__329.jpg,background,vishalmane109,CC0-1.0,dcf638a6c6ea28810cbba53bb7799b5ffa975d2b3402c96ca32f756d56fa44f8,8b293d8f9f0bc3c3
vishalmane109_Background_Background__33.jpg,background,vishalmane109,CC0-1.0,337bd071421d1fc8e3faf571201c27b387557a33481f0f2fad40055b26565d0f,d4d07060a0a4f0f0
vishalmane109_Background_Background__330.jpg,background,vishalmane109,CC0-1.0,3db9080bf7928be1263663223d0801c98b45e950e91748bf91aaf328eab1da04,fd7f6f2727c3e3fb
vishalmane109_Background_Background__331.jpg,background,vishalmane109,CC0-1.0,c49ad83a40f3760b625c8e62870008b6284f458f290785e2b867403265238baa,3968c098f8c05818
vishalmane109_Background_Background__332.jpg,background,vishalmane109,CC0-1.0,7526cc39c01bd8afcfa8fef6219540eb1c68dba3c55863b09bbfe4544526d1aa,362488d2f3dc78e1
vishalmane109_Background_Background__333.jpg,background,vishalmane109,CC0-1.0,07e3b64df179ab9b8a9ce4e780b273c09bb22bca7227393dfd2ff0bdb11e4604,00cd7977fcf0f090
vishalmane109_Background_Background__334.jpg,background,vishalmane109,CC0-1.0,91569af2dff0c99492bb424c86afb1e8cd44dfc3894b69f09a76d9b85036cd82,6c5010a4ceb8e28a
vishalmane109_Background_Background__335.jpg,background,vishalmane109,CC0-1.0,d4eb468ce3b2b014622e7bbbcc1becda20720b1432186ab9e9222b872dfbca85,e7b661e5a3a3e544
vishalmane109_Background_Background__336.jpg,background,vishalmane109,CC0-1.0,4a62c66c6a3f6f3aa2bb9c8b8073af70d1607e0aaba59ec98298586e4023859e,fcfeb2dedabefefd
vishalmane109_Background_Background__337.jpg,background,vishalmane109,CC0-1.0,2a28798b8e0a9d72d178926c60ef4cc3f15a0dd515c6577bf9ba01bfefae5d2e,785de1659930e0d2
vishalmane109_Background_Background__338.jpg,background,vishalmane109,CC0-1.0,418a47d5ce69f761daa3df0bcf86576f6bf7a754a780c649ce027ddf66f18877,830c3a3a6a5ab636
vishalmane109_Background_Background__339.jpg,background,vishalmane109,CC0-1.0,480efcf4c835cfb925f547330d832877ece13746685737ed0a288b62b5aa39ee,84660604356444b4
vishalmane109_Background_Background__34.jpg,background,vishalmane109,CC0-1.0,3a5249c2c16216284108bf66e9eb7b05f29954c08d9850d95fb8b8bb63512022,fcfffffdfdfffed8
vishalmane109_Background_Background__340.jpg,background,vishalmane109,CC0-1.0,dcffd43350958a93eb8d8ef59dff83c65d5b1be4f00eddd0ca1d6fbf654413de,8a42f3c9697951e5
vishalmane109_Background_Background__341.jpg,background,vishalmane109,CC0-1.0,643a6dc834ab0014efec3e39eb3c4d5a684cfee2b691858924902c6b6c3876cc,4c0480d0be2787c7
vishalmane109_Background_Background__342.jpg,background,vishalmane109,CC0-1.0,b26b6564160e00be7e374bdff13f0336e6c8c59a3f8ed00169aafbfd85d92400,c6cca4cc98c9c2cc
vishalmane109_Background_Background__343.jpg,background,vishalmane109,CC0-1.0,83a82bbc9a90c994d04d97f28121711c4b83103513efe37aabf78efaa1313378,993030849820c064
vishalmane109_Background_Background__344.jpg,background,vishalmane109,CC0-1.0,5a444b63fc67e385a0b88555d0014eeb5ae9665c56b74c86eee4bbd0fb7e1760,38d6e4d8b8346ce8
vishalmane109_Background_Background__345.jpg,background,vishalmane109,CC0-1.0,e7b10f52ab68ccb43ee227922d86b1d1afed0a7cf787e49298b5f781dfac7d0d,bebefd592f2c2e3e
vishalmane109_Background_Background__346.jpg,background,vishalmane109,CC0-1.0,289db533eab3888c770c07301287210bdee3c4c074411a393af9d3fba3606655,6c07cb7fac969696
vishalmane109_Background_Background__347.jpg,background,vishalmane109,CC0-1.0,c3d98af259d7a296e7b052fbebd9a9cbb9ea3eb3cfb7f3c7acfecb901b306a50,67ff8c96968e963f
vishalmane109_Background_Background__349.jpg,background,vishalmane109,CC0-1.0,4d536175c5e80b3cc08b5095da252585a4f58d7fa0a675b9a885690355c17ff5,d0849010e9f8d0b0
vishalmane109_Background_Background__35.jpg,background,vishalmane109,CC0-1.0,66135d4d4ed0b78b4e85119fc7548e476231b1582477104ae85fad75aded50ca,e0e0e0e8e8e0e8e0
vishalmane109_Background_Background__350.jpg,background,vishalmane109,CC0-1.0,f7b547c80b1964b507540d750b55af13ca4576f715e1448d130c02d409652614,9e1ebc9dd97b6b23
vishalmane109_Background_Background__351.jpg,background,vishalmane109,CC0-1.0,cce183113173eab1b8242b916c56e989e36dd5a129f72a430a3ab28e05d26fe5,974f9f97be9fc6e6
vishalmane109_Background_Background__352.jpg,background,vishalmane109,CC0-1.0,9f96610366cb83b5b02622aee11eb9cdd21d30241749eccfcf89df2bf0a988ed,9e3e36767ece1c18
vishalmane109_Background_Background__353.jpg,background,vishalmane109,CC0-1.0,2651420d2a9f9c61fff171a337ef80ef88be0cd662ba78f1ae27731ca6ec9c81,f0c1e1e4c8cbc1c3
vishalmane109_Background_Background__354.jpg,background,vishalmane109,CC0-1.0,fad5323e576b442a2350f8de3190dd27328edd50b4aa3560cdcb545ef3449be4,0404182060fcf030
vishalmane109_Background_Background__355.jpg,background,vishalmane109,CC0-1.0,231f0c71c76138434cea3b956d94cba5a174664b107465e0335889f6800ae832,2633f0f9f5f7f1f4
vishalmane109_Background_Background__356.jpg,background,vishalmane109,CC0-1.0,d7a925f44f90949c846d4a458acc908df01c1875e9a8449747452f6c4221b1c0,64b41e1e6164e0c4
vishalmane109_Background_Background__357.jpg,background,vishalmane109,CC0-1.0,375cebdf724d3aa5787406aa6b31eff1838dbfa9abb6359c15ed81b43d447536,c19090dc383a9a9a
vishalmane109_Background_Background__358.jpg,background,vishalmane109,CC0-1.0,030dd2fc456a37f05ccfa53da2455992ab9af0d48ac55580ba3b820eed3042d5,f2e2f4f4fcdcf496
vishalmane109_Background_Background__359.jpg,background,vishalmane109,CC0-1.0,b4ab32b0fe90de462eabadcc1ebbd04fbbae293de6dc6577422e49105c70dd6e,1ef6a2a2e2edecec
vishalmane109_Background_Background__36.jpg,background,vishalmane109,CC0-1.0,d79fc305a36a9539146b88ee8d210a9a6152a849fbeb5e9d58d1a9432f2e9a6b,ff7f7ff7a7a7e7ff
vishalmane109_Background_Background__360.jpg,background,vishalmane109,CC0-1.0,4623d53d505bcdf057c3c27d2bb861e83bac1f1ee954457f6f6bcd963063ed40,e2e1e3faf0c3ddfb
vishalmane109_Background_Background__361.jpg,background,vishalmane109,CC0-1.0,5b4dd8f732f17330bd58771e926630c329515dd3cded14b2e6f6dd0ace04974b,86961f2d1cb2f7cf
vishalmane109_Background_Background__362.jpg,background,vishalmane109,CC0-1.0,919d3f5c1cf21bbdc4e0b7c8f9d9c2f493405f3b2bd30d6e84b66b32e497b93c,dadafcfeff7f3e3c
vishalmane109_Background_Background__363.jpg,background,vishalmane109,CC0-1.0,7f10fd737c943bc163303452a4d6314f056c845e30da3733f54c83d4debd305f,b65c5c2cc6e6e2fc
vishalmane109_Background_Background__364.jpg,background,vishalmane109,CC0-1.0,929ec80acb57fc99287981f41ad3594bbbd0925abb18526a01265d3504588102,8f8ececeececeefc
vishalmane109_Background_Background__365.jpg,background,vishalmane109,CC0-1.0,abc86f4ff0cc31987d1b899b8da7084e7c5acd582426a3b1603fa6eb50a1b657,bcfccccc5e73676d
vishalmane109_Background_Background__366.jpg,background,vishalmane109,CC0-1.0,05ef1bce560b24484d5e97bcccd45f513e8a1ffd6372ff374c1425cd1d759ad3,e4e1f0fcfcbf3c74
vishalmane109_Background_Background__367.jpg,background,vishalmane109,CC0-1.0,bf2509729c3e7fe9f47049b1d0ea71a3d6aa26193503ac12ad28846497434cac,f4f43637a7ac5c4c
vishalmane109_Background_Background__368.jpg,background,vishalmane109,CC0-1.0,010adac1afa3b6e1301dc469bec497a64e1538269ea5529d05b70acae313f0d9,d8dcdcbcb8e0f0d8
vishalmane109_Background_Background__369.jpg,background,vishalmane109,CC0-1.0,dee1e2dd606b8c990809b85d1e8bd5a27485ea03e72164382424b21d8108fbf9,e1e3e121a3b7243d
vishalmane109_Background_Background__370.jpg,background,vishalmane109,CC0-1.0,8d8e47b8fbd604deb23a38030f8f122769d6369b82f6c619df2d800166a92a92,a7878ec6c7c6ce63
vishalmane109_Background_Background__371.jpg,background,vishalmane109,CC0-1.0,953faf3cd37ba7e8ef33ec63785ab97bd5bbd3bc1882a0c0e2c90ba93c031ef0,c0c16262e7a72621
vishalmane109_Background_Background__372.jpg,background,vishalmane109,CC0-1.0,a54d2a3f60cf7c6fced4f923a0e5bf1b9d73ce33f504e03329cb69aab897893c,874b1c266283a6e4
vishalmane109_Background_Background__373.jpg,background,vishalmane109,CC0-1.0,0dca37e760412066f8a6792f3d07adff22b517ebd622b7cd6803a3d983a98146,28200266e3e1f1e0
vishalmane109_Background_Background__374.jpg,background,vishalmane109,CC0-1.0,a7761b2778a3e86c00da6be5b796729672453a7e0dd3394e12638525c254bb65,20e0f1e0e0c0c0c8
vishalmane109_Background_Background__375.jpg,background,vishalmane109,CC0-1.0,f48b7866912a185b18bfe36579ebf1bed8de0f27ed643b0cddcec243cfb4cf09,00000010b090f8f0
vishalmane109_Background_Background__376.jpg,background,vishalmane109,CC0-1.0,b0d87d06a785283fe905c9c827dbd7b1635c88e72f60585fef7ced8e7ea98488,c2c2e0e1c3c3f1f1
vishalmane109_Background_Background__377.jpg,background,vishalmane109,CC0-1.0,646e85eedd721e9bf0a8a60485f2b481f62b8f9155631add83ad9f2a98d3854f,94a2b2cacc8ca8b2
vishalmane109_Background_Background__378.jpg,background,vishalmane109,CC0-1.0,11879ea78ce986447d43761ed56715464a2d39540b43c12ba221530943f174eb,e8ccce69acaca8b2
vishalmane109_Background_Background__38.jpg,background,vishalmane109,CC0-1.0,0e2e49e716ecea9f23879406055ba0174b09b329fa0f396fa7ba9a93a9f2b8b7,41e6b2b6a6a6c433
vishalmane109_Background_Background__380.jpg,background,vishalmane109,CC0-1.0,1eaf4f5597e1d5e28c25282cf7da4ed5024b0b2ff239fed363380c26b9522066,f8e682a2b6b6d290
vishalmane109_Background_Background__381.jpg,background,vishalmane109,CC0-1.0,3214ba0aec1cdecd87d54fd1894212054b3e417f5faf84392b4e7478263ffa7b,b0b2b2cacc8cac92
vishalmane109_Background_Background__382.jpg,background,vishalmane109,CC0-1.0,ad8e87ffb35e61bc7a8461f8f5f6d580b41c73366458c4777405c6cc573fba67,b0f256e85af27692
vishalmane109_Background_Background__383.jpg,background,vishalmane109,CC0-1.0,32611d2ea986ec56e27e0d378672130abc41e492375b0e2c504522f1eca45ae7,b0b28e8c94aa6b96
vishalmane109_Background_Background__384.jpg,background,vishalmane109,CC0-1.0,923a3e7c11d95cfc0065eaa1ad4478c49211a0174cf21633ac029e857bb25237,b28c8eb2b29680b2
vishalmane109_Background_Background__385.jpg,background,vishalmane109,CC0-1.0,5e6a6a8119db7de57fc887220339f9ae32f0d797fcb433e58ed8869cb45d6c04,9d1a343175e4ec60
vishalmane109_Background_Background__386.jpg,background,vishalmane109,CC0-1.0,3ddf6c5775f764d8bccb74a44c0080d5662d9b249a68f071f5803ed5bc3036c8,70f4e839b2d8f8ec
vishalmane109_Background_Background__387.jpg,background,vishalmane109,CC0-1.0,25cfc04c7dd7727a0fa8c25e246b0af471cc5457b7e9cd96796c18779ab356cb,86889796d4d03750
vishalmane109_Background_Background__388.jpg,background,vishalmane109,CC0-1.0,4eb82e6b8b9f369baa2121b33ea92a8d11e906ceb2fc2e11821a9f09273959a8,0533316161713345
vishalmane109_Background_Background__389.jpg,background,vishalmane109,CC0-1.0,3afe6ab9d0228bcb29405549626b6423420711276083eba589dab5a37df1f7ca,30708081c2d89070
vishalmane109_Background_Background__39.jpg,background,vishalmane109,CC0-1.0,28849128f8c7080cadb3e7188586ee695b68c2ee1e91110239f10dcb1524089e,3c301290849ebc8c
vishalmane109_Background_Background__390.jpg,background,vishalmane109,CC0-1.0,d14b6814adaf801b21347b0a45509988284b927fcd2c7ab22b2d44fabb880ada,fcfcfefce8ee62f4
vishalmane109_Background_Background__391.jpg,background,vishalmane109,CC0-1.0,998f7e919df0647a36742e4736ae4fb68c99f7b7771a803507789a54e921f753,a537b23a72b38c4d
vishalmane109_Background_Background__392.jpg,background,vishalmane109,CC0-1.0,c1043e6855727c2b2dac80b64c45b669fb42ea4053e1255a5e765580fa17d498,7f7e1eefff9bef2d
vishalmane109_Background_Background__4.jpg,background,vishalmane109,CC0-1.0,1274f3575fc07738f5cb509b9c1f602c2c9060d921c36f4a2fc2ddd6384162e2,d1f171716165694d
vishalmane109_Background_Background__41.jpg,background,vishalmane109,CC0-1.0,af2a2402b9a94109a6e030afa0a0f071ba07bd28dbd52b6ceadaa566d3e8bc0d,a0b49c1ca8a2ca54
vishalmane109_Background_Background__42.jpg,background,vishalmane109,CC0-1.0,6597c2eac6af41cf83163978d9dc4347d5b8d08dcbe9602613c8fc320a6d3e0f,617c58b8aca4c806
vishalmane109_Background_Background__43.jpg,background,vishalmane109,CC0-1.0,7d17af87063194ea57610b2f9d6cc98547975699fcc23ce1f924739fb72a55a2,8283c1c140c0602c
vishalmane109_Background_Background__44.jpg,background,vishalmane109,CC0-1.0,c7a17f4763fa2990310bf8e7882c22a1ea359b5f736d8c1894974fdbdef5c090,febcbc7ae9de6e91
vishalmane109_Background_Background__45.jpg,background,vishalmane109,CC0-1.0,13a8034a8a1422f478caa7c44542de72dc1e0dfaf88d366f2db2e0289bc96c1f,c0d2d2e4f0da894c
vishalmane109_Background_Background__46.jpg,background,vishalmane109,CC0-1.0,7f356ebabbc4e1e35add2f1eb13e5dd9d477c7743fb8d9e8e9b94e4ab7e25c0f,6161614179515b63
vishalmane109_Background_Background__47.jpg,background,vishalmane109,CC0-1.0,1b0ae6c239a7f04f74620f97d241963e8a6e909402e1fb0b27d78854b7feb0b9,e0d492f2c6e4c447
vishalmane109_Background_Background__48.jpg,background,vishalmane109,CC0-1.0,16a556296f1d8c11722bab0c7be104582f529f302b56a6642fc9415e7eac2fe7,4a4e2a6acacc0828
vishalmane109_Background_Background__49.jpg,background,vishalmane109,CC0-1.0,fa50c85f6405fbae2e29d81591bfdaff08748f7c7a1a8ecf66b673218911e3ab,f1f0f0bcc8b6b0f0
vishalmane109_Background_Background__5.jpg,background,vishalmane109,CC0-1.0,0913b6cc4151e96f7142ef4b71e2cde559aa2701649bbcd4ffff2cdd9bff805a,e3e3424acedefcfb
vishalmane109_Background_Background__50.jpg,background,vishalmane109,CC0-1.0,5b2f427c67e2772395a411a1d71fa0e5577c10ae147dfa7171347bcca6d3dd71,58f8696c744d6182
vishalmane109_Background_Background__52.jpg,background,vishalmane109,CC0-1.0,0c7b013ebc9f82d152542738ca2598a102f92fffa8b2867e8d9cd9b0b8b1f79d,c8c8c803074b4e6c
vishalmane109_Background_Background__53.jpg,background,vishalmane109,CC0-1.0,168f3cf9864875b03ca5615b0c38ead54419272b5f0cb37fc399ba019efa405c,cd4dfcf4838369b1
vishalmane109_Background_Background__54.jpg,background,vishalmane109,CC0-1.0,b3e20e47b399ff23305d71b02b536f1c2c11e15d2ea9b231b7f9e3947c784e6a,a1e4a99ba8b9e890
vishalmane109_Background_Background__55.jpg,background,vishalmane109,CC0-1.0,4ed9a7494bf2e4e52486fbf3e7187eedeeb5f37f109397151c78efb75ffbc889,d9d9d990d2d69490
vishalmane109_Background_Background__56.jpg,background,vishalmane109,CC0-1.0,9a2fb70e4a19c2ac2fc88a8b643ed8076803d051977677e3bf42296b698043a6,e0e8e0c0c8c8d8b0
vishalmane109_Background_Background__57.jpg,background,vishalmane109,CC0-1.0,0cbd88f917a9367e040093ad9ceefd882a4de45b0c0812cddc2f33ed833639cd,1918f2a3e74e0f9e
vishalmane109_Background_Background__58.jpg,background,vishalmane109,CC0-1.0,5143aedc3a467a33ecdf0aa07e01c76dc9febc9325b5a827ed743818ced33ae4,6569686469686858
vishalmane109_Background_Background__59.jpg,background,vishalmane109,CC0-1.0,8174471436330f6c907e0f43a4716846693681774702bad284559bf53841ed41,cdcd830505070f0d
vishalmane109_Background_Background__6.jpg,background,vishalmane109,CC0-1.0,5194da1d0b56cc57de945aca0ecfc016a64a197efb1177dce815ba654d0d1eb6,e071339797132361
vishalmane109_Background_Background__60.jpg,background,vishalmane109,CC0-1.0,12d5d052df6be040fbccd154d105dd21b8b22f14bf19c3debbf2ac2de3f1da60,92d39bb9a9bbd392
vishalmane109_Background_Background__61.jpg,background,vishalmane109,CC0-1.0,4a50288bc8e3604e53d7eb8d5dfeb949294ebf4c9f4edf7e5cda379a5e592d8f,3f3d98f8fad8bca4
vishalmane109_Background_Background__62.jpg,background,vishalmane109,CC0-1.0,0c2172672e31c283d45838d0a8a53c8c395698d641c33ed31f2d44144bcd536b,486c3212994acc28
vishalmane109_Background_Background__63.jpg,background,vishalmane109,CC0-1.0,fa1807b0a96f1cd4a298fed006e43b31d2c142dc9edf4dfbfc92c977b5942622,e5cdd4b694913032
vishalmane109_Background_Background__64.jpg,background,vishalmane109,CC0-1.0,c304bccbe12f35813f6701f177cac8694dc0730a9491d9a705f1bb311865bccf,e5c4c4d48490323a
vishalmane109_Background_Background__65.jpg,background,vishalmane109,CC0-1.0,5cb09b068db5879adea582342b9c16b13929e11430d380ca65d388afba1b5da7,f0b0f8f0dcd8f090
vishalmane109_Background_Background__66.jpg,background,vishalmane109,CC0-1.0,b55e6d7d8bb8968fca7a9c09cf3d5b6db07fe09939a59af6f32f00b18a3a1776,9849b85a686c6a6e
vishalmane109_Background_Background__67.jpg,background,vishalmane109,CC0-1.0,9362092b12d58881ad9775aa508774ff82a09d797e7b3d93d2ff7e4b6424f7c8,4849009202080a03
vishalmane109_Background_Background__68.jpg,background,vishalmane109,CC0-1.0,2a8861c45d9e3af5e14d53b19549c2443e866cbdf07ca9eb2186b04cf896f061,4958da9a987c7c81
vishalmane109_Background_Background__69.jpg,background,vishalmane109,CC0-1.0,9327b1132e52047935b0d2fcc3b7fd26c9ae14b0fc54b62294c98eec770893af,7c4bfaec73666c60
vishalmane109_Background_Background__70.jpg,background,vishalmane109,CC0-1.0,df32a61611a2b57f07e0395ee9207e2d07779099bdad8fffc3ee692e80280a80,636733678f391110
vishalmane109_Background_Background__71.jpg,background,vishalmane109,CC0-1.0,92fa6bf9246262232accbfb0930a10b960a943c340c23d364446950848b10a3c,042f796979790b0a
vishalmane109_Background_Background__72.jpg,background,vishalmane109,CC0-1.0,a66e22467ee2675ec3c632a77b4866fa7fcce58641b2ef7c180c3d8d155084cb,b1323292ba2c1f1f
vishalmane109_Background_Background__73.jpg,background,vishalmane109,CC0-1.0,d3568cc173d930153a1a7c0ffb299a817059b0f79803c2aaa9485c5ee0bdd717,cacaeaeae26d1f1f
vishalmane109_Background_Background__74.jpg,background,vishalmane109,CC0-1.0,371426ec25c58305f63b406889ea38ff6ee9c16790e01fbe5e99f70e24e3f50d,76f6f575646c6673
vishalmane109_Background_Background__75.jpg,background,vishalmane109,CC0-1.0,88e97a8324e55d7f98a12a7d116a304ce9dd9de20a2c61d676a4ed8f6bc80750,7091128a70707038
vishalmane109_Background_Background__76.jpg,background,vishalmane109,CC0-1.0,554c4b80451c162b8d0d4673078e83db63ecbb90706c44215d64b614502ef5c4,4d492ce2d24d39b2
vishalmane109_Background_Background__77.jpg,background,vishalmane109,CC0-1.0,6851061801d288eca9d6d00f661b3c2548b039a7c27d1aa194eb07bf782cf1a6,fefedca4b5f6edc8
vishalmane109_Background_Background__78.jpg,background,vishalmane109,CC0-1.0,9e761e1402d570df51c5bf2b43039286af9051628f26b7b1285be792ef809abe,bdbdb7b6b6bde4c8
vishalmane109_Background_Background__79.jpg,background,vishalmane109,CC0-1.0,a762d6c81b273f5dd9237e54f1bf541afc8b9f623b546c0a1e328032e068256d,074d0693950dc5d5
vishalmane109_Background_Background__8.jpg,background,vishalmane109,CC0-1.0,4195bb2793f47a0b546516bc2c07fb17fe86295ccf270d5b9a8d61391563bcf2,4b5a5a7637173e36
vishalmane109_Background_Background__80.jpg,background,vishalmane109,CC0-1.0,16837937e3b1fdffc1577dbf4fdda8e78f0254239ccb432600d2929a6e59fd61,296be3727a65e571
vishalmane109_Background_Background__81.jpg,background,vishalmane109,CC0-1.0,ae3cc55e57557e0546a2943877dda85babf83b22c731b4c519d0c08078e696d6,e8709c8ecdcc4870
vishalmane109_Background_Background__82.jpg,background,vishalmane109,CC0-1.0,5344742973f610157f824a107d951e8771e1216c82a28d0cfd52ec7cc1ad0986,fc6efebefcf9c4c2
vishalmane109_Background_Background__83.jpg,background,vishalmane109,CC0-1.0,894e73493167f9e310a572b2dfce48543514103ef216006f2bae91930bc531d1,627373767732c0c2
vishalmane109_Background_Background__84.jpg,background,vishalmane109,CC0-1.0,3079157c4c8f131fef3afce7dc9da2cc06e463341116cdbc3af5ab95045c41ed,51d0d8d8d8e3cd59
vishalmane109_Background_Background__85.jpg,background,vishalmane109,CC0-1.0,4ff136ed69d99acf5e5184612a27a3462834af729529a60e3b31bdfb8cd55e6c,81c5cb8b94b02d59
vishalmane109_Background_Background__86.jpg,background,vishalmane109,CC0-1.0,3e8982f15598db4e7302f83c941959cda3a2679e8df2e78b0cbd342dad453f4a,c084ae96a4c56992
vishalmane109_Background_Background__87.jpg,background,vishalmane109,CC0-1.0,acabe467056fbcec58c88a7e915e2852156b71c438c57796691cd76015f83e8e,c849cccc868cdd8e
vishalmane109_Background_Background__88.jpg,background,vishalmane109,CC0-1.0,d0421b2b3182f78368ac89fc0ecb9576a00879183052b7a97547ce4aafa5903b,e0e0dce1f4d4f0f2
vishalmane109_Background_Background__89.jpg,background,vishalmane109,CC0-1.0,55d056306b80e971c117d9df9d207c1e75ce5ec0cba97dfc7d821616029fa3ee,80898c2624240810
vishalmane109_Background_Background__9.jpg,background,vishalmane109,CC0-1.0,79ebc3c145952c72a486d7c023a3f73a38d107044e110ae4508ed0cd38b738e4,ececc0f0e8ded8f0
vishalmane109_Background_Background__90.jpg,background,vishalmane109,CC0-1.0,e1ad4f1e062e95640cf0789c894c704c6bfb151226654330b11be2e6b4ad8f79,ca9b030383cbcdc8
vishalmane109_Background_Background__91.jpg,background,vishalmane109,CC0-1.0,4a2ad5f9140a7639fcb4134a2d54516ec46dcbdcdf9a55e07dd8227df348f610,c4e9db91ec068229
vishalmane109_Background_Background__92.jpg,background,vishalmane109,CC0-1.0,60008365b15a020fbe84aa75093bb6e4de7b033293f05a222d670bb71abf0022,a93d2e3b3139b57e
vishalmane109_Background_Background__93.jpg,background,vishalmane109,CC0-1.0,c8d3770cb890886160454ef5bfe7926ce7287f00f19f9ee2ead29b60b513aae6,cd617034b29a8cc3
vishalmane109_Background_Background__94.jpg,background,vishalmane109,CC0-1.0,bacf9f3c65d7c5a7b870c62a165b5a8365a40a5223caa9808a89822a69988987,caecf0fc9ccccec0
vishalmane109_Background_Background__95.jpg,background,vishalmane109,CC0-1.0,c7e101fcdfd5d19aea3f8c70ca3baa6c48f4b09a17a61999d7cabfc9ca08299c,f0cc8ececc9c3030
vishalmane109_Background_Background__96.jpg,background,vishalmane109,CC0-1.0,aa0334d2370040408a745c0efbceaf754d4cc28f3dac89d2a7a9c3bc85bd9632,787b7afaf8e868ca
vishalmane109_Background_Background__97.jpg,background,vishalmane109,CC0-1.0,63b0959de7beaf7a93353d3466a880626f8da85d7fce05580c1801e61a4b910a,c10c8ca6d64a6ff2
vishalmane109_Background_Background__98.jpg,background,vishalmane109,CC0-1.0,f1692d518a596fcb9dc8f1b6160e872b796834b192dec989b246da1fe3e3d376,c8690896ba614df0
vishalmane109_Background_Background__99.jpg,background,vishalmane109,CC0-1.0,ad47abf1955343f51af2acff74201e772c19b4d1febac3e86ca623d3f0e9055a,886a6434714996b5
vishalmane109_100_100_val_10.jpg,100,vishalmane109,CC0-1.0,513d2cca1084a9a1096cb2db4ed8ba530cedcf117a2c82368a91277dae76009b,4e888ac8c44e5633
vishalmane109_100_100_val_26.jpg,100,vishalmane109,CC0-1.0,e11d11480a7bf2e92b175fb878f7c77b70d0ad74fa6abedde098739f81938c89,193d79e9eb4f2509
vishalmane109_100_100_val_30.jpg,100,vishalmane109,CC0-1.0,684c4220a7ae4dd67ed55199ddc2328e9448e046bfe653d460685b6b53d58399,83a5e060709930b0
vishalmane109_100_100_val_31.jpg,100,vishalmane109,CC0-1.0,3c78ed36d0dd43ace3a636df3905d447ef01ac86c591b8c5a8894edb83cf38cf,1008e0a4a1a0e090
vishalmane109_100_100_val_32.jpg,100,vishalmane109,CC0-1.0,014f5183afd555e5ff0b5b5bd4e66067a86917f70f41fdc46ec3994481cd36cc,f0f0f0f939b8386c
vishalmane109_100_100_val_33.jpg,100,vishalmane109,CC0-1.0,a58edfd236b25dcd2bceece2c56bee5bc1e8076f438b8c55d34b3d250afef235,ece4e5bcbc382424
vishalmane109_100_100_val_36.jpg,100,vishalmane109,CC0-1.0,aae679a81696e12b70d4b77c3b8b47a2d96525af77b22f5c1fa98fdf56f87e36,83bcf4e4f0f0e4e4
vishalmane109_100_100_val_38.jpg,100,vishalmane109,CC0-1.0,b7f0e723e861f7b67b87d4a1bfe5418d0de0d27cd7279aadc91f734788940fa2,5848f2f0f2d270d0
vishalmane109_100_100_val_39.jpg,100,vishalmane109,CC0-1.0,8fc065369c3b2b0e17af18d0d0e96c73314380cddba088c0fc9bd787c7524ea3,6773e8f2f2705ece
vishalmane109_100_100_val_42.jpg,100,vishalmane109,CC0-1.0,73b1de6056d9f3d1d8acc8d6c10d9d37ea9a2e3d381a02ccc49958f64f4c2290,dae8f0f4e2c2d0d1
vishalmane109_100_100_val_44.jpg,100,vishalmane109,CC0-1.0,6f8a7c4e6a03cd77130b3018100df6603d7e3d3b60e31f2a8e6445b3f798d3e9,3098ccc3c8c8e8d8
vishalmane109_100_100_val_9.jpg,100,vishalmane109,CC0-1.0,0ff8daaec61291e86e7040b96e1575a422d7b3bacbd3a39d81555c0dbbe81500,4e88888b4d4e5661
vishalmane109_10_10_val_10.jpg,10,vishalmane109,CC0-1.0,7229648dcbbbc6eb3618e3cfa9b57e1cae1cb7aea71e3c1a0ffb4cffaee19795,ccc9c7c5c7474d84
vishalmane109_10_10_val_11.jpg,10,vishalmane109,CC0-1.0,3b5688c1ee07b0a47f87ccad25a9dbb8e1374ffc50bd063153628bbdd8ae6154,c2282c1c1c1c1c8c
vishalmane109_10_10_val_13.jpg,10,vishalmane109,CC0-1.0,f620b76a975d5038ad52d5cc2936be0769d25f9801475f4343df80564d0ae544,6d2d1d1dc9c347c9
vishalmane109_10_10_val_29.jpg,10,vishalmane109,CC0-1.0,613848f92cd39177b04ca286eb824dda21159a6367fd2115cacb8323ba7e18a3,3016038246746260
vishalmane109_10_10_val_30.jpg,10,vishalmane109,CC0-1.0,0ba3accfb71d5d9ea9b0e7a588e907df53a6fa4ee42054c2f90da57d09aa8192,0800100020276346
vishalmane109_10_10_val_31.jpg,10,vishalmane109,CC0-1.0,4f81f488ab896e8796f538f7a95451f722e1ea25364e977dc2484161f1cea4f6,889c5c65e1e1656e
vishalmane109_10_10_val_32.jpg,10,vishalmane109,CC0-1.0,d56266b40cb408226a6eea6c510c27c80c34cdecec08a91c6c24737afa62fbf8,c88c9ce4e5e16d4f
vishalmane109_10_10_val_33.jpg,10,vishalmane109,CC0-1.0,b769fdb6ddb4dde77cf8da0a7ac0f47670e6d5de195855ef264b983a0d4da27a,2b4bcbb9e8bc8c66
vishalmane109_10_10_val_34.jpg,10,vishalmane109,CC0-1.0,8c8eb37116192b51e62ff4dd3c473362b3da459d98ce6715ea8815a50c051ee9,38b1303474f6a2c7
vishalmane109_10_10_val_35.jpg,10,vishalmane109,CC0-1.0,92630a82423132aaae1a51150def7c20680db1afe1e39928737c8a95ecf16ce6,c144d0dc3c989613
vishalmane109_10_10_val_36.jpg,10,vishalmane109,CC0-1.0,dd59147da44697d20b6a2aa73ef8570c3f23cefb61260908e731aee4bc306456,7074fdf4f3f1f273
vishalmane109_10_10_val_37.jpg,10,vishalmane109,CC0-1.0,a3802a893fd96d10758390bb061ef7ef93c9e50b9567cc7d7aee5f96fa060887,fcfce7e3e3e7e7e7
vishalmane109_10_10_val_38.jpg,10,vishalmane109,CC0-1.0,1660ef435197cdedb0d9b11934c4c3d5371d723382ab8fa5514400337a7bb369,65097c66626064c7
vishalmane109_10_10_val_39.jpg,10,vishalmane109,CC0-1.0,7c16143550ffbd2ee52fb367193171ab8095c6e821de4778b4602d9ad9a02e5c,fcfcfcf0e4e7f226
vishalmane109_10_10_val_40.jpg,10,vishalmane109,CC0-1.0,78a746ce6b9ed1b9dedb82b5253f81e65b9b6b5dc9dc9794f5b84a71dd8351f1,e4e4e4c4c4ca6be8
vishalmane109_10_10_val_41.jpg,10,vishalmane109,CC0-1.0,41187ca92820d95c2cc3704dd15c687e5ae8aa853f3f0e9f2f1db05a1027a33b,a3a3e480c8c99818
vishalmane109_10_10_val_42.jpg,10,vishalmane109,CC0-1.0,373a34046acc533db90fa729bc68fa0ba3e7d27207aee631df503492dd89316f,6e6cf2f0f1e1e1f1
vishalmane109_10_10_val_43.jpg,10,vishalmane109,CC0-1.0,cfad32947f7a60a4716372dbbc0511a24713f80f9c36442939b63c6d2374a640,72686963e1e379ff
vishalmane109_10_10_val_44.jpg,10,vishalmane109,CC0-1.0,17d9216316c4cad286e540f6138e57368de3dee3660d07002370c4f809c3ea46,93d19cdccccccaa0
vishalmane109_10_10_val_9.jpg,10,vishalmane109,CC0-1.0,a650d3c0089a8ea4ba50119d4361c93a8e83d2939a1230a24d3386f0c38a7a63,4d4b8d0909898b2b
vishalmane109_2000_2000_val_10.jpg,2000,vishalmane109,CC0-1.0,945ceccc7f2b285791a947260cd84bff8314046b5bcb53419ee681116444219d,34a0482c4acea0d0
vishalmane109_2000_2000_val_12.jpg,2000,vishalmane109,CC0-1.0,09d172119a204ce3b5d8a902d6aa9cea3695c47d375db08feda1cb4644376604,989e9e9e9e9e9f97
vishalmane109_2000_2000_val_13.jpg,2000,vishalmane109,CC0-1.0,42e207d62676befc33bca8c7a9561f58777a8edbc7ebefd340d11d4be25005af,69e4a696dccca888
vishalmane109_2000_2000_val_24.jpg,2000,vishalmane109,CC0-1.0,986fe8f61a573dfea4ac44a751d7a271e8aa930d115d3b64f98da815a908dfb9,6a2ebe8e8e0c6ea8
vishalmane109_2000_2000_val_25.jpg,2000,vishalmane109,CC0-1.0,78c7747006075c17f6c61c52ba1dd00714a20ef6ff11a9cda325d637d7f27871,0369f87030d8ec21
vishalmane109_2000_2000_val_27.jpg,2000,vishalmane109,CC0-1.0,9e0daa45abfadf848329fc3e7e39b8642b53c6748a535ddbc0a98b7be5a4e248,08002aae0c680040
vishalmane109_2000_2000_val_29.jpg,2000,vishalmane109,CC0-1.0,6458e35e7720b065573c44bc7cad36d8d15c7e7ab972e5cd4975a608a2f11a9c,cce7e64aca4a4c85
vishalmane109_2000_2000_val_30.jpg,2000,vishalmane109,CC0-1.0,89a11dd8c3183498fa651b42295998feca511d301406d716b8751877a3083979,94548c99939b1d36
vishalmane109_2000_2000_val_31.jpg,2000,vishalmane109,CC0-1.0,7dff9d21a2a684e4a78cddbbcb4f70a5b2e96aac19649e6d698faf50ab0c6ee1,642f7ef2b6063218
vishalmane109_2000_2000_val_32.jpg,2000,vishalmane109,CC0-1.0,bd516728f726e61dabfe3bafdf25c6d2db6e3a254110fd860155d9a8f6958c4f,ccf8fcdcd6c2c3e6
vishalmane109_2000_2000_val_33.jpg,2000,vishalmane109,CC0-1.0,8cdec17e5fe1df319afc7d8d580061f1d0aa9ac2442d71865c0208c3109f76df,d290808880c9c1e4
vishalmane109_2000_2000_val_34.jpg,2000,vishalmane109,CC0-1.0,9c53e7c02e7ba0273422ef2d070751de8aa1d1d278127dad11f60d55dcd7de81,d0f8f8d8c8e9b68c
vishalmane109_2000_2000_val_36.jpg,2000,vishalmane109,CC0-1.0,07b619b01355f611be14c3c4ca1070902434e1697fe1f3e24bd56469995e8a58,c446f8a8a68ca8f0
vishalmane109_2000_2000_val_37.jpg,2000,vishalmane109,CC0-1.0,fc31e861104c434e973f18979e408123024eca9a33b0fd5587b7f8b5f144b50f,f0e0c3c0f8f8f0fa
vishalmane109_2000_2000_val_40.jpg,2000,vishalmane109,CC0-1.0,9b2523d214a37ca7c923859b21ef4602fef69d4cdd998718b22f646bcc0f149f,1c2c34b4b6761809
vishalmane109_2000_2000_val_43.jpg,2000,vishalmane109,CC0-1.0,3389a1e0fc5f925b157d545a41bcd52cef50b341b4b00a8ae63c3461bcbfff65,e179d8d8c0a2bc9a
vishalmane109_2000_2000_val_44.jpg,2000,vishalmane109,CC0-1.0,04d2fc94f1fd0fa6d27aef2397419028a2dd9c66258b13cdf608c523fed6b8a0,03d3a363e0c8d0c8
vishalmane109_2000_2000_val_8.jpg,2000,vishalmane109,CC0-1.0,807e6e77006124b3c4bde9348161f29b6e766dc4d71b5c1c43767efc2a4595e5,592f0f2b47070b43
vishalmane109_2000_2000_val_9.jpg,2000,vishalmane109,CC0-1.0,ae8e6769c454de757a2dc4f14ea7255bf39b7a2b309c74e41d779e7c5c8c1595,20478534270b9846
vishalmane109_200_200_val_10.jpg,200,vishalmane109,CC0-1.0,d561c2ef363546565e92922b605129fdcdd0903762015a052dd59fbd47c793fa,8cd9939283cb4b88
vishalmane109_200_200_val_11.jpg,200,vishalmane109,CC0-1.0,38bfb02876628680123c1c8a44b0368f383f42b5fbfe86042d5ab1cd64871d1e,01034727555d5b85
vishalmane109_200_200_val_13.jpg,200,vishalmane109,CC0-1.0,4a0bdb3b808007271cc7ba3e7547d7001ce93977787ae3f240bff18ee96839d7,e82f9e9ece994de8
vishalmane109_200_200_val_24.jpg,200,vishalmane109,CC0-1.0,010bd6cf7200ed9761341cce9a50e744871634de57a57dbb94429060a832d444,0f3b79e4eedef8c9
vishalmane109_200_200_val_25.jpg,200,vishalmane109,CC0-1.0,9ca1135ce4cb384319be4dacde2f93304869806884ea55ff01cc01bd60f7738e,d4b6cb3373ff7c77
vishalmane109_200_200_val_27.jpg,200,vishalmane109,CC0-1.0,a7edfd1540c583d763847e040b39a10b037ddad265da66307f82fdd7b2b7143b,a4ca7363414383d5
vishalmane109_200_200_val_31.jpg,200,vishalmane109,CC0-1.0,edcb0989df85e0c15ec15aa88eb488d1747174c0e779c67f990cbb0f3ffa2d20,51616ce0e2e1e1e9
vishalmane109_200_200_val_32.jpg,200,vishalmane109,CC0-1.0,15626c874665e8044036352838e43613af22469aabc0705f2ce5f529e9d4fd13,715149e0d0b0f4e3
vishalmane109_200_200_val_35.jpg,200,vishalmane109,CC0-1.0,e427ba1d3f9470ddd6e3fa249a75cc9dfd69be302486c1926e13695563d25704,0050486070f0b090
vishalmane109_200_200_val_36.jpg,200,vishalmane109,CC0-1.0,c207c1af4c1d0ef0e45683a9bd52164f4f0b5710560e0249ba4c3e1ca54e2be6,00404c7460a180c1
vishalmane109_200_200_val_4.jpg,200,vishalmane109,CC0-1.0,49dd604577546dba908ce1bf14b256d3732bc166559cbd09341350a1e8eb52de,010767155d5b4116
vishalmane109_200_200_val_8.jpg,200,vishalmane109,CC0-1.0,bd02950cddcf24fa74ef671ab47bd1795346c4e3bff49a668c12209488107d72,4cedbd9dd9699f8d
vishalmane109_20_20_val_14.jpg,20,vishalmane109,CC0-1.0,84e1321cf4f94878510baa6bcd4226daff78a94d9ede7215ba31f6555175156b,e8ececececc8c8ca
vishalmane109_20_20_val_28.jpg,20,vishalmane109,CC0-1.0,56821bbd1b02fc00c4eb51103ce2f82d616c174a8ac0d7b0572e613374b13b08,6a2f9c9b1e9d5968
vishalmane109_20_20_val_30.jpg,20,vishalmane109,CC0-1.0,f183a1f04a0e19b6c47fd2645b6b53728d552b15db623d9658095275e0537c23,b0e0f0e8f06361ca
vishalmane109_20_20_val_31.jpg,20,vishalmane109,CC0-1.0,e792d3edfbdf13320af4ece9d1a2f88626acf6ce85de4e3c5b82e73c0410d274,a1c96df8d8d4c29d
vishalmane109_20_20_val_32.jpg,20,vishalmane109,CC0-1.0,8c3193ba0ebd60c1eeff95a20972a0610d5c534a33df86171c5423289d38f312,f0b4e0e8cac6e6aa
vishalmane109_20_20_val_33.jpg,20,vishalmane109,CC0-1.0,5f99311cc9dbbed6389c798e68ccb3414f784fd0c40ab49aa0585ddcd01eac8a,decececec9c5ecaa
vishalmane109_20_20_val_34.jpg,20,vishalmane109,CC0-1.0,7ec5c371646ffe25ec90d2e33fa31a4123c9b0af00fc863ac92d8c4c92b8a9ee,7f2f5f6beee7e4d6
vishalmane109_20_20_val_35.jpg,20,vishalmane109,CC0-1.0,86d41171c8244c5bb2a47d2fedf3256812c1b40cf3245f5ae2a224a94999d0b2,881870f1e96963d3
vishalmane109_20_20_val_36.jpg,20,vishalmane109,CC0-1.0,452de574527fbd5b7cf209817d3586c7d5a43fc59de19c18c33ca4bc5c0b0025,e0c008c9c9c8c8c0
vishalmane109_20_20_val_37.jpg,20,vishalmane109,CC0-1.0,66c6745621228d6ec6b2df8b750bc3ad8343691f36711fdcfa556b7fea9061e0,cb852ec999988886
vishalmane109_20_20_val_38.jpg,20,vishalmane109,CC0-1.0,370fa64d9d38b9f42523a6100845c7def6eaf65d5cd4850306848cd0ca0272c5,a2404cf63236e6c6
vishalmane109_20_20_val_39.jpg,20,vishalmane109,CC0-1.0,b7840b67ad3d0a11acb31e70003346c9963568697358849a0c067c8898fcb7f0,a24ecccec4cac879
vishalmane109_20_20_val_4.jpg,20,vishalmane109,CC0-1.0,75973407a9b98cadb6a3d0371e5885073644a57ee00c8ff8ee5f38f4febdf5ec,1c190de44c48d3d3
vishalmane109_20_20_val_40.jpg,20,vishalmane109,CC0-1.0,4a207f73a1c7fd2762bf268185122d1e8e05e8ac8df4b8f1e29d06d829c183f6,b0f0cc47c6c3c5d0
vishalmane109_20_20_val_41.jpg,20,vishalmane109,CC0-1.0,e0404723d6512d086f22b0eb241e47ee329506e0a2c51a826cacff03c0f67cf4,928a4ec6c6c1c1c8
vishalmane109_20_20_val_42.jpg,20,vishalmane109,CC0-1.0,3347e322ef6c3f42628c9fecc161eaaba6858775dec80c1f2b663c7453470474,9b397cccccc4c252
vishalmane109_20_20_val_43.jpg,20,vishalmane109,CC0-1.0,8848d652912f7c5ac6468278174fc9e1bb1930a6d2aaa798bfd05ffc4d3aff79,9d8b83d43c98382b
vishalmane109_20_20_val_44.jpg,20,vishalmane109,CC0-1.0,ee473f243d6d6a7e69b1477d4966f12b9bf015fc5de8085bf5abdea28503e61f,8e83d4e4b8d81819
vishalmane109_500_500_val_11.jpg,500,vishalmane109,CC0-1.0,44ef90b89f0808ed57b2cbec03043246e2f8e6fa94a012467063873aaaff5830,2d1d296b474747d9
vishalmane109_500_500_val_15.jpg,500,vishalmane109,CC0-1.0,f4c29fc5b1b2e46686f13bbfde6cd79c042903d8440bac69c9d02bb2e3f3472a,a63c2c3ebea62c9c
vishalmane109_500_500_val_19.jpg,500,vishalmane109,CC0-1.0,1d0ac9ced21d124f6142cdd0693b84eaf0438e46b9860a3687997c9e7c1dd99a,b3ac2c3c9ca4ac98
vishalmane109_500_500_val_30.jpg,500,vishalmane109,CC0-1.0,e964d65e1916a958ba00ce28a3e9cefbaaf48754d3819705fc2a0ae945274e92,9087acce8a999091
vishalmane109_500_500_val_31.jpg,500,vishalmane109,CC0-1.0,3e14bf104abb8b7f04d07755b298ee9d020af58454615e3919cad7911fc25322,c1b3e287cf939393
vishalmane109_500_500_val_33.jpg,500,vishalmane109,CC0-1.0,e5a3d4be6e113ed4698ec872fc61dd2c0aa9753a1d16d9ee6c5af4cb3de88014,e0e0f0f0e0c29090
vishalmane109_500_500_val_35.jpg,500,vishalmane109,CC0-1.0,6f606c08be453c1ba9059e9aae5a13eab717076fcadb20c2eda02198a06db2fe,00081890f858f830
vishalmane109_500_500_val_36.jpg,500,vishalmane109,CC0-1.0,56b3e95f7ea0317b991a8ec98d2a7452c51987d997a130159a6ef0196fee0c9b,8000407021404407
vishalmane109_500_500_val_37.jpg,500,vishalmane109,CC0-1.0,8d49ac9c364f956744ba9219329c66e91d3dab7f9414998ad652bac2522a7e25,8ccc8c0c0c223111
vishalmane109_500_500_val_39.jpg,500,vishalmane109,CC0-1.0,59466275e6b48d03af11cc1b2bc2e09cfd319bae3fcd55306fbb059786a2c6d5,bed6dedbf3f2f3b3
vishalmane109_500_500_val_8.jpg,500,vishalmane109,CC0-1.0,09c6a70680212c71345c76c5eb78cfde0420815e23c7ae53883d290c5772dc87,1f8f8d2c360eae0e
vishalmane109_50_50_val_0.jpg,50,vishalmane109,CC0-1.0,6da314f3f509a5fb23095be8dcedcd9d75a79e8f80a4841af139c4045a97445c,d2c2e23e3c1c1c48
vishalmane109_50_50_val_10.jpg,50,vishalmane109,CC0-1.0,ff69057ba679793bee0fdc73f349f12dc3c8851d3690e3159aaca24148554937,ccc9cb93554e2e73
vishalmane109_50_50_val_11.jpg,50,vishalmane109,CC0-1.0,7f24a9cb9cc60073cde621fc2a5b886c50735df76d734d9d94c4abe4fcd43b21,d4cec9c9c9cb8ae8
vishalmane109_50_50_val_13.jpg,50,vishalmane109,CC0-1.0,c03201487002d5086be3d5bb97a19d295d15826d193ae1c56c67d77431ff2d58,002a2e1e1e98aa00
vishalmane109_50_50_val_14.jpg,50,vishalmane109,CC0-1.0,ddf5ab8c95c210e4e91155ecf94f322b4cbf158a0b3c31839fb979a530192b77,070d0c2d9f9d3d2f
vishalmane109_50_50_val_17.jpg,50,vishalmane109,CC0-1.0,c65b172c374c5e15b641ce111a45ad0d3f056c068d5a666e4ec0918cc7bae528,4a661e2e46cccdc3
vishalmane109_50_50_val_2.jpg,50,vishalmane109,CC0-1.0,9ff408197f481473c16a62836a0b4276242b36aef9a18c77a846bb5e2717e972,d39b0b0b0b193b03
vishalmane109_50_50_val_24.jpg,50,vishalmane109,CC0-1.0,b9470493677c6350b27afc84b0d30066e7981e7f8d49ef3bf8958d4e4e9cfd8b,c88a0306c7220a12
vishalmane109_50_50_val_27.jpg,50,vishalmane109,CC0-1.0,dda359d92a479f9a6ac578f418dc479e23f92c45cea0c6e1eb1df8d2c15f6b47,fbffdae2a6a207b8
vishalmane109_50_50_val_30.jpg,50,vishalmane109,CC0-1.0,e83b526db9a378660066f849d0897109d22d5103f4d950f03e13e51b6f73494a,e060cc9ab1b0b9b9
vishalmane109_50_50_val_31.jpg,50,vishalmane109,CC0-1.0,547d57c5d1b5f2aad5fe1364174ae75a5ab64b3a22e1757392883a00813e2958,c5d183b0b4707939
vishalmane109_50_50_val_32.jpg,50,vishalmane109,CC0-1.0,b609f32596eaabafb6f36b9fabd9f5d9062db5f0387a231834fd1015868cf95e,f3defc693a9f8e9c
vishalmane109_50_50_val_33.jpg,50,vishalmane109,CC0-1.0,07d1957483f96070baaff74c3331648a5d3b852c5b1e88506a0f402c25580db8,b4f06c3c8c907b79
vishalmane109_50_50_val_34.jpg,50,vishalmane109,CC0-1.0,cc334ad45f4de1feaa34d8a210f64cae960c0066215324f3d040ca92b58e1642,c1e0e2c284817272
vishalmane109_50_50_val_35.jpg,50,vishalmane109,CC0-1.0,ff58d4cce7bcee4c08a2631fb1dcdb41b1a6bd1fcbc67b4df813f65cb0251bfd,a6fba890919080c1
vishalmane109_50_50_val_36.jpg,50,vishalmane109,CC0-1.0,1b268756b2f6dd7e0fa952e1373b2487d7b8bdfb1f037a661828c26d51fa7742,9ccce0e4c4e6d8dc
vishalmane109_50_50_val_37.jpg,50,vishalmane109,CC0-1.0,a4baa103ec2e9e90e18ca2688bbf5ff2614215dd6977ef0ce864bcfe258a8ae3,b030f0c0c6c2d2d9
vishalmane109_50_50_val_8.jpg,50,vishalmane109,CC0-1.0,e5c11948159b0d4c724c49a54029ad31df67110b9748ccdba3858af7ecc0ea83,aa9e9e9ad2d6839a
vishalmane109_50_50_val_9.jpg,50,vishalmane109,CC0-1.0,4c108fedd8e2bc23286076066f1050e2404807b285072b8a1cc0d1cb2e7e6c65,d8dad6d7c1cb8bd8
vishalmane109_Background_Background_val_0.jpg,background,vishalmane109,CC0-1.0,c885a44aa8e9d8a01859a952afd73e2d8985b8c5373e93a652bccd233ce56de5,e86871353586e3e8
vishalmane109_Background_Background_val_1.jpg,background,vishalmane109,CC0-1.0,6c837319168464331d2947ea14a19013d0470dad564f6b1f7872393cf789d58a,c82c34928b830101
vishalmane109_Background_Background_val_10.jpg,background,vishalmane109,CC0-1.0,11ab5f8616ea612fd0fb7887508063869d5e356be2670b46e1063e216670ed10,89e5a6d3d9fcfefc
vishalmane109_Background_Background_val_11.jpg,background,vishalmane109,CC0-1.0,e72bf296d702906e63e230b23eb54637dae99ca7c6f87703723d153c6ed955f9,18523233b3b36929
vishalmane109_Background_Background_val_12.jpg,background,vishalmane109,CC0-1.0,2fcf04d1d68dfedb959f99b983d2e26e478aea2e8e629a09327882aa0912b701,971333339b1bae2b
vishalmane109_Background_Background_val_13.jpg,background,vishalmane109,CC0-1.0,406a62fb4ee7de9fd67b1ca72457b3867f36c59225d28a656ac409b8c5533fb1,b8e8485a7e7ad334
vishalmane109_Background_Background_val_14.jpg,background,vishalmane109,CC0-1.0,135bc98f550f132ffe97f99eac6c62bdf094c814faea39f240fd0813a762eaae,90b0686062d6d4a8
vishalmane109_Background_Background_val_15.jpg,background,vishalmane109,CC0-1.0,bddf800668e5da3d0556e23fe1150bfd3f176a59db76d92b815f4d8d2bb10921,f0f0f0f0e0f0f023
vishalmane109_Background_Background_val_16.jpg,background,vishalmane109,CC0-1.0,644bc41f9bd3ca9a7564ecef65ff824ee6fbbd65dac124ac903adf3582c17450,6c6d6d7970f878f4
vishalmane109_Background_Background_val_17.jpg,background,vishalmane109,CC0-1.0,9876088c1cc810ce1028da626cdc71573f20ea47102e1ba5b0fb3c70ecbe7546,c0c8d1d1d2d3d9f8
vishalmane109_Background_Background_val_18.jpg,background,vishalmane109,CC0-1.0,f39824f15ddc92dfc0cbbf1515147eb69c9461a749d4a8338b24d50ac7c75d2a,808084848080b4b4
vishalmane109_Background_Background_val_19.jpg,background,vishalmane109,CC0-1.0,5dfd35efc6879a12a759d52de228bc4cfa91e2030ee36e62d0f85343f608ad9a,b2f2f2c0db9b60c4
vishalmane109_Background_Background_val_2.jpg,background,vishalmane109,CC0-1.0,7f644ffc1fa88fb34b13b5e0d0989d9424fbdfe0f2f95f354615b1817b927a97,faf9e9ecf59cccf6
vishalmane109_Background_Background_val_20.jpg,background,vishalmane109,CC0-1.0,25154d26d65192af59b7c219161606f481edffee0d682559bc6bf6ce24f72136,e4e4e4e460e19049
vishalmane109_Background_Background_val_21.jpg,background,vishalmane109,CC0-1.0,bd5e94a86ce0e7dff3fd5f3d6ae3875821a2620510cc52d95c00d8f3286bb39b,bcbcdcfc7cf89042
vishalmane109_Background_Background_val_22.jpg,background,vishalmane109,CC0-1.0,3236cbd39254f045d6af25e5802c7b5644d247f766d81703c24168e731ae14c9,e0c0e0e8e0c0d0e0
vishalmane109_Background_Background_val_23.jpg,background,vishalmane109,CC0-1.0,868647e84aaf99255ef796d5797a7cb5d63b1c2e274477f3c8b4f7ebc8c4e45a,e5e564e6edcebe36
vishalmane109_Background_Background_val_24.jpg,background,vishalmane109,CC0-1.0,14dcd0e6cd455f98a32a93faa66ab053ca39e32806b1e432190c756ee8c4a6e7,10109090c0c840a4
vishalmane109_Background_Background_val_25.jpg,background,vishalmane109,CC0-1.0,6e1ddcb29aa29c0a6ff32dbf14ebb49d0900973313b04825b6ab4794d22ab19e,e8e0e86060602024
vishalmane109_Background_Background_val_26.jpg,background,vishalmane109,CC0-1.0,9bdf8f5b3eef2d2403dac873f8224059252768be799dc55e0f3c2aabcab50bdb,bcace4ecd4c8c8ea
vishalmane109_Background_Background_val_27.jpg,background,vishalmane109,CC0-1.0,5147ce4950793d69e605564d5667e2ff38b281c387aed47dde44734182422d87,fffcf8f8f9f8f8f0
vishalmane109_Background_Background_val_28.jpg,background,vishalmane109,CC0-1.0,e306a768ce3d19c89a91100e4eaceed751dff53ae7bc503c8587c8764ebf678d,00000080808080a0
vishalmane109_Background_Background_val_29.jpg,background,vishalmane109,CC0-1.0,1f3b8774ebec57f54ef6ef11d8915747a983cc9cc5cc8825c3ec05085878061e,ccccece8d8d8c8da
vishalmane109_Background_Background_val_3.jpg,background,vishalmane109,CC0-1.0,c45c229b65de753bd46a2ba7a86d4c5ff626517bdcd698813f6dc3fb5aa30a07,b2b6c267ece0c4d4
vishalmane109_Background_Background_val_4.jpg,background,vishalmane109,CC0-1.0,4d3f2b98d58a456fafa00790bffd9ace6c7f9d73734610ac11666e5052404c26,dcdc9cbcbcbeb188
vishalmane109_Background_Background_val_5.jpg,background,vishalmane109,CC0-1.0,47d3322038f629da66476e7a822d602a39b51dc5127f868eb09dfb1d0cc7330b,b068496dcdcc9c3c
vishalmane109_Background_Background_val_6.jpg,background,vishalmane109,CC0-1.0,ae842f310f74b71f354ba4906a027810d9fbbfdb751beea3d1ec3c28ca8e9ed0,66662686d4c140a0
vishalmane109_Background_Background_val_7.jpg,background,vishalmane109,CC0-1.0,fb1178bd1076842de4dc69f824bdae9e239de7e8bfd30264866326fb2ca4eaea,e0f0e0f0c8cccee8
vishalmane109_Background_Background_val_8.jpg,background,vishalmane109,CC0-1.0,90fb42fc0f083f347c0b5cf354b0bf21169fde2c505c557d1418505534c2c2fd,9090909098982000
vishalmane109_Background_Background_val_9.jpg,background,vishalmane109,CC0-1.0,557a0170f1d21dff2666855abc79040fdb155bb13ea01af4cb008c3041bf4011,a243f03832e6c973
gauravsahani_2Thousandnote_3.jpg,2000,gauravsahani,DbCL-1.0,0fd47b2b716324723889c42bb333d0c143975fb99fc180627e017581486b0edb,fcf8bc9c9c888c1f
gauravsahani_1Hundrednote_11.jpg,100,gauravsahani,DbCL-1.0,2108f6adf3fae8b32ccf10b482562138766b9250d8e250e0a74b88c3c9d308b5,6e2cbc9c1958aea4
gauravsahani_1Hundrednote_22.jpg,100,gauravsahani,DbCL-1.0,4139e2f8a01ff2ba83700abce54c92ebbc2e9055632659a2e6cab759f4210e83,c8cc3c3c9c197e84
gauravsahani_1Hundrednote_24.jpg,100,gauravsahani,DbCL-1.0,e3f30870abf2f9afbbf21be2c1d8dda2ff72479db756e647c34bce84e3565dbb,4d4d4e4e4e162349
gauravsahani_1Hundrednote_27.jpg,100,gauravsahani,DbCL-1.0,a6ea50a3e472f3c3f9f169afd7a6da4618dd3a1cba65870419b3e2c1a19160ae,00e4e08988a0e101
gauravsahani_1Hundrednote_3.jpg,100,gauravsahani,DbCL-1.0,de4cf7086504081e40f7d85ede0dc1398fce7a5ea23f2cfa7f74344cb408f324,e0640c5c4d71714f
gauravsahani_1Hundrednote_30.jpg,100,gauravsahani,DbCL-1.0,3723467dcf070d8b6541cf2953c639fbc6003f770ded99bc4995e9803a65a6fb,50ecdcdcccc8ecdc
gauravsahani_1Hundrednote_4.jpg,100,gauravsahani,DbCL-1.0,b9238b171f4660675f75fbab7207df3eca4070890cb70f188263859ed112a3b0,d8c9dbcbcbc9cb4b
gauravsahani_1Hundrednote_8.jpg,100,gauravsahani,DbCL-1.0,08885101faa94c1fd2c38805669c6d6f1579ac22a0b65ef73ae52cb3c2309a2c,bcaeac9c9c9aecd0
gauravsahani_2Hundrednote_13.jpg,200,gauravsahani,DbCL-1.0,90f4cc6d438d32ce2d55ff54554c311bd725bb03deeb8345f206b8345c804856,0080d2d6cb4fd8e0
gauravsahani_2Hundrednote_17.jpg,200,gauravsahani,DbCL-1.0,58a5630ea89d6516f9b2d50e9e884c731a3e01284b4a9a3eea2fc836c3fb3fcb,6d2d1d5d19496969
gauravsahani_2Hundrednote_19.jpg,200,gauravsahani,DbCL-1.0,2429abbb6ed74f09dcbc3c89049c3582f3fcdd657d0ef7d49f6062a6c2a3954e,2f1f1b2b2f07060f
gauravsahani_2Hundrednote_2.jpg,200,gauravsahani,DbCL-1.0,63b1d578c853fe14c403510a354b36b332c88402ce09111b22b1ab0238e9fc08,d82b3c9c1c1959e8
gauravsahani_2Hundrednote_20.jpg,200,gauravsahani,DbCL-1.0,25949bec0e49d4e088dde8311d9f712bec15cfa0f5509bda7cfcf9df70b67687,00c997878b8b8002
gauravsahani_2Hundrednote_21.jpg,200,gauravsahani,DbCL-1.0,b194c2b8b336ddb904514e06003b25f6224a1661ac96073136bcbf290e4255dc,25993121098c8c0c
gauravsahani_2Hundrednote_25.jpg,200,gauravsahani,DbCL-1.0,d0cec587d75b12cccf41c904931179483960b76c3ed485baeecc5d4850ecca88,cdcdae9c9d49be8d
gauravsahani_2Hundrednote_26.jpg,200,gauravsahani,DbCL-1.0,093d5ba85c44c5892c1615767902e71c6447940107973a50115940ab70329994,64e4d4c8c0eacccb
gauravsahani_2Hundrednote_28.jpg,200,gauravsahani,DbCL-1.0,2ff11cccaf2bd77ed9edebaa8f3d9a8bc14147c5d065927285e0e908367955df,96cd2d1d1d5d4d8e
gauravsahani_2Hundrednote_30.jpg,200,gauravsahani,DbCL-1.0,8ef3fe54cd6951600520a90a1300a9c785f627d805eeed70718ceaa0b47b1632,6deea4969e4dc493
gauravsahani_2Hundrednote_7.jpg,200,gauravsahani,DbCL-1.0,68fe3fc909dd447d11faad9d3d8838c9ee9a2cbfa3dc2a2ce2a9569a88d93cec,809b92928bcb4b88
gauravsahani_2Thousandnote_1.jpg,2000,gauravsahani,DbCL-1.0,dd6fed0fa360ea6bb4fd3071da6f319c75b9a64654f71559e8e6d3192d8114ee,aa2ebe9e9e0d6cec
gauravsahani_2Thousandnote_10.jpg,2000,gauravsahani,DbCL-1.0,2016d49cd43c4ca902686dd1e8e48eb074df9731511864e3093c35ea93b1891f,8a8b9286960e8fc0
gauravsahani_2Thousandnote_11.jpg,2000,gauravsahani,DbCL-1.0,5e1e2dfcda0833bcce2adbd4966d666ad4d31ac07d278c9623f79f947d220e8e,a4ce9296965fc800
gauravsahani_2Thousandnote_13.jpg,2000,gauravsahani,DbCL-1.0,dfc6e73a513259a1b8e95724ad3bfc7eaf23e57df2554176073f6d2b36307d43,0b4b9918793b9ba7
gauravsahani_2Thousandnote_16.jpg,2000,gauravsahani,DbCL-1.0,faa8b45f8cf736ada81686e95b3ceb1b5710d552caaaa875a41d125b6741e22b,7fffbbdcdc9ea607
gauravsahani_2Thousandnote_17.jpg,2000,gauravsahani,DbCL-1.0,92692d2dfe26409671d61c02412335f3c3641e9bc6193f322dd630662b8e550e,c4ccdccccccecec4
gauravsahani_2Thousandnote_19.jpg,2000,gauravsahani,DbCL-1.0,3bed4e8c16dadc06bf9019d7a0f8be6c5d21195707c046b26cf8143a9900125f,28e9ca9686cee94b
gauravsahani_2Thousandnote_21.jpg,2000,gauravsahani,DbCL-1.0,5c1d615e33e94abd78ba73ad0759374501a04509c7886f1884e0319722708641,5c7c4cccc8c13537
gauravsahani_2Thousandnote_25.jpg,2000,gauravsahani,DbCL-1.0,229163ad987e8025162de64b1fba3bfa4d17c9057744d495e59323b2aa5fc267,91919c1c49494d2c
gauravsahani_2Thousandnote_27.jpg,2000,gauravsahani,DbCL-1.0,db97ee6e44b6a3ae4143272c50ad57eaaac6ec89175ff7484ef53de398556f4c,7770444567556949
gauravsahani_2Thousandnote_29.jpg,2000,gauravsahani,DbCL-1.0,7ec60b3ab5810a206b6453168fe55f95d789277531b5b0ab48c48ce2307f7b59,c04b9387850f0f61
gauravsahani_2Thousandnote_7.jpg,2000,gauravsahani,DbCL-1.0,0737377647dadf991888192ec180421bcafc9e528218a2ea39c21a87c292a189,01ecccdcccceec01
gauravsahani_5Hundrednote_12.jpg,500,gauravsahani,DbCL-1.0,aaa0cc57a4d382ccca534bd1221e5a68fc5b069268caeb2de5af298584075775,d12d1d1d1d6dc111
gauravsahani_5Hundrednote_13.jpg,500,gauravsahani,DbCL-1.0,3bf276bbab665b678028f29ca36b11bc804b08c6101089bbfaf36f895cff3848,01b06cdcd8c8e401
gauravsahani_5Hundrednote_15.jpg,500,gauravsahani,DbCL-1.0,6f0a7d636c1a102981a77b6da67a7beb99a4bf43053a7fe0576a05792620af6b,c48db67e599e8e07
gauravsahani_5Hundrednote_19.jpg,500,gauravsahani,DbCL-1.0,6a4fd9723bc9bc028c3aa6c5d0d21123841c717664782f280b2e35c95a833e88,d218086038bcd8dc
gauravsahani_5Hundrednote_20.jpg,500,gauravsahani,DbCL-1.0,70ab0266a4b48cfbbf037bc79fcc558882183f558f84bb8f93d7c4fe6b545e34,0c8cf4e4ccccecfc
gauravsahani_5Hundrednote_21.jpg,500,gauravsahani,DbCL-1.0,590c979992aa21875428263a69a94f2cfdb521e538699759f395ca12a39e2982,8c13490526139204
gauravsahani_5Hundrednote_22.jpg,500,gauravsahani,DbCL-1.0,30102432e1d128ae98e95f9806d5c0d520d968626b7bbca673261b3c2551b80f,400e0e8e43c31369
gauravsahani_5Hundrednote_24.jpg,500,gauravsahani,DbCL-1.0,29683a920cc035814bbfbbbff4be5de992e968ea1b3b1dc04effb45642f5e6d1,2226061616969232
gauravsahani_5Hundrednote_25.jpg,500,gauravsahani,DbCL-1.0,76dc45310c70c42c100a54e25e8daf9fa181d2e522be4ec9a31e0d16dcd85ba4,d46f3d9c9d1d4de1
gauravsahani_5Hundrednote_28.jpg,500,gauravsahani,DbCL-1.0,e302e00bcedc6e9ebee1a85deeab5a03f5c736f0bcc9fb808a6e82cf286b54b7,fce0ecdcdc4ce0c0
gauravsahani_5Hundrednote_5.jpg,500,gauravsahani,DbCL-1.0,5212f0014c3c59e4498523908c4cccb280ff96649ba83bd8a95f23ea1ceb691d,90b2b2b191919191
gauravsahani_5Hundrednote_8.jpg,500,gauravsahani,DbCL-1.0,2e63a3468f831b96b661e850e5c56ebbd8a1ff529d438a409ee1dc31d7b33de7,8a9b968683c38ac4
gauravsahani_Fiftynote_11.jpg,50,gauravsahani,DbCL-1.0,367f5a205e6d7a74c2059f24c5e83d03e368ae71baae0c2eb48e27de17197c43,f8e3a6948f8ef44b
gauravsahani_Fiftynote_13.jpg,50,gauravsahani,DbCL-1.0,ff6b34468ba40882f6bdf53bdcc29832087ccb0a623dad3a529758da836c0cb1,cdcdc9c9c9c3c949
gauravsahani_Fiftynote_17.jpg,50,gauravsahani,DbCL-1.0,84bfd12db62973861316f8598e6a01786df9394395315d00b6ddb514cd24229f,a04d4949cb49704b
gauravsahani_Fiftynote_23.jpg,50,gauravsahani,DbCL-1.0,8670d1f9bb4a523e412f27ed0dccd6ec9cb94e24ce6ce8beae083d70115408bc,8ad3969781c3438a
gauravsahani_Fiftynote_25.jpg,50,gauravsahani,DbCL-1.0,044a8600d85b828eac40492c5cf8a8d36b443fa07a026a89f392ef742f03cf49,f4c9d6d6c7438bc0
gauravsahani_Fiftynote_3.jpg,50,gauravsahani,DbCL-1.0,0cefba53109cb1aa7e1febac6bc26c5b997fd0e33933d267fe99b78214ea302f,01c02c9c9c9ba8c1
gauravsahani_Fiftynote_31.jpg,50,gauravsahani,DbCL-1.0,6cce04be5301f0a394bf5ec273704fa14809bae3368f3de2bfa51c5728bb388e,4000c5c743c90000
gauravsahani_Tennote_12.jpg,10,gauravsahani,DbCL-1.0,c2ba6b1be173dfca78de13eeb1870adbdfb0d9cbd8cd1378fbc6cbe8991661cc,23caa8bcdcdcdcc0
gauravsahani_Tennote_13.jpg,10,gauravsahani,DbCL-1.0,1521022aa504b38459b5fa2e87bcd86bc021f69e14041cbb4d15a25dac91a1e7,dc6c2c1c1c185ccc
gauravsahani_Tennote_14.jpg,10,gauravsahani,DbCL-1.0,ae6f9d7bfbe8ea686e27af6ec987a5c7417a7e8fe5ed246554ab9d9b295ccf62,ce88cac29cbc2cc4
gauravsahani_Tennote_15.jpg,10,gauravsahani,DbCL-1.0,60dd6d3f86d7b927cd71f575f602a4712ca87d34191d8b0063ec8fa4ef6eab70,c4ca8189898bc3aa
gauravsahani_Tennote_19.jpg,10,gauravsahani,DbCL-1.0,54f7b66e9de2721211365fa48bc774de00501a71cc039442d9f369e5eb5d24fe,d4cdc1c5c543cdc4
gauravsahani_Tennote_21.jpg,10,gauravsahani,DbCL-1.0,5dfcd23106517d475d376a660a3c601caf3bd268d37c827311b67e908436a430,4c2d1d1d4c41474d
gauravsahani_Tennote_24.jpg,10,gauravsahani,DbCL-1.0,49c97200c086c92af40c077115e52f9c8dd88388ed46537a2d1b329f078be9ae,80ce82828acac2fa
gauravsahani_Tennote_25.jpg,10,gauravsahani,DbCL-1.0,3ebf71653ce540fcc8b5e6dc1203632beae4ef4f6b4eaa7a2e3c0ddcb7e92b0e,f8aaac9c9c98b8e4
gauravsahani_Tennote_26.jpg,10,gauravsahani,DbCL-1.0,72ce43488917fa5ec3b65186ce681d5cf8ffdad2dd8f8b382a66a0b03a8716f1,b86f49094b633f0f
gauravsahani_Tennote_27.jpg,10,gauravsahani,DbCL-1.0,b57731c65c1660b6df3b9f875b8776db03d7821cd4b36f906f5503c4b9b35f63,2f43431f230d0d2f
gauravsahani_Tennote_3.jpg,10,gauravsahani,DbCL-1.0,a805ab630659435716c3a75058911c64efeba3710a221e9b36620ed9d91d657e,ccccc98989cbcaa8
gauravsahani_Tennote_30.jpg,10,gauravsahani,DbCL-1.0,085cac3e51d1ca9746719fd85a2d03ced822d7b29fa83f932c7d9710fba9aab2,551c0cac2c2c0c0d
gauravsahani_Twentynote_13.jpg,20,gauravsahani,DbCL-1.0,516b6fe3bcdd2b341e1385ef0332693658bac7c010a11c4f29c746af0df12505,8e9e8e0e0e06060e
gauravsahani_Twentynote_17.jpg,20,gauravsahani,DbCL-1.0,0484051d58b6eeaa672e8e23887fcf5b6dc1603552ac88115438c5f334b6be77,8a4dcc88c8cac8a8
gauravsahani_Twentynote_20.jpg,20,gauravsahani,DbCL-1.0,deb08ceebe2328bbd39b79553f7128d5231ca1eb767aab43e0f25fe84ed5f221,2d1c198b49d6478f
gauravsahani_Twentynote_23.jpg,20,gauravsahani,DbCL-1.0,05607f70da317f77714a0e171544f399f37f62c46cc85c1eb655966c5828c1d9,4b5e3e3e1e1d1d4c
gauravsahani_Twentynote_26.jpg,20,gauravsahani,DbCL-1.0,2b6c1866d3ff4bbc383c2f2a6e2ce8c99bef9f05160e958a346c124c8e3f1a73,e464606a4ac42013
gauravsahani_Twentynote_28.jpg,20,gauravsahani,DbCL-1.0,800176840f6b2d336af245d15f1db0311496de778febfafc87246f9c81f84a4e,8ce4662c2c2ecd8f
gauravsahani_Twentynote_29.jpg,20,gauravsahani,DbCL-1.0,6e63d5417036ef49b489a85f6f981a541b4201029b77c60180c064bf63af4c0c,a0c8c888c8cac2f8
gauravsahani_Twentynote_33.jpg,20,gauravsahani,DbCL-1.0,1a6850bab5e510b58d2c454580918cf5b298026ae83114ef0bc13b8d00e01d46,5051503125607626
gauravsahani_Twentynote_8.jpg,20,gauravsahani,DbCL-1.0,c380518c08dd0e198667587676dd233750ec0c78dea5ede09505fc2d371e9dd4,c8c8cac2aca4ac84
gauravsahani_Twentynote_9.jpg,20,gauravsahani,DbCL-1.0,6278aec4fd632c072ec11b89131528240ad0f92b7ed57f5dd9450b5b89ab1d7a,545ccac2c2cac423
pypiahmad_INDIA100NEW_INDIA100NEW_1.jpg,100,pypiahmad,CC BY 4.0,ecc9668758c70317727f7fe16c91890c90509ffac999d33bca07d9a6287ed05b,08a62ebe9cecf5f6
pypiahmad_INDIA100NEW_INDIA100NEW_10.jpg,100,pypiahmad,CC BY 4.0,75255dab7175d1d9540ca056e81253e1dd1c6a711cc28c5d76c11f8d68033698,6969696969696169
pypiahmad_INDIA100NEW_INDIA100NEW_100.jpg,100,pypiahmad,CC BY 4.0,31c7b03c242d05326083aaca809a35efab6d440516c00782d08ffb399215e2b2,69d9618141e06141
pypiahmad_INDIA100NEW_INDIA100NEW_101.jpg,100,pypiahmad,CC BY 4.0,903cb14fa73568442eacfae32230467df7d74da3627f5b8f024c390b4c24b47c,5ae6e3c0c4229c0c
pypiahmad_INDIA100NEW_INDIA100NEW_102.jpg,100,pypiahmad,CC BY 4.0,e18d9a3ca4fdb7ea26057a39e5fad8b18d67724d0985905391c1765d24140d0f,be987242c4c1c4ca
pypiahmad_INDIA100NEW_INDIA100NEW_103.jpg,100,pypiahmad,CC BY 4.0,f629062f576d0236746d3bac12a2f88945f0bdc95e9f05213c13018d720911db,b4a1a93939a5b59c
pypiahmad_INDIA100NEW_INDIA100NEW_104.jpg,100,pypiahmad,CC BY 4.0,fef3a7eb2b1e2be056be74c3751852c0e5f9913d79c80bc00e7dd9b8d22d70ad,72024a3030301af4
pypiahmad_INDIA100NEW_INDIA100NEW_105.jpg,100,pypiahmad,CC BY 4.0,e774f3466b582b330aa3e3043c9036707c18b4fe7d9b9613428cc25fa1496430,e80c4e46464a1ac4
pypiahmad_INDIA100NEW_INDIA100NEW_106.jpg,100,pypiahmad,CC BY 4.0,fad153d7832e821d70dc06d873eb90deed06332af5bcdec609abbc1ff629cf98,d444414303063233
pypiahmad_INDIA100NEW_INDIA100NEW_107.jpg,100,pypiahmad,CC BY 4.0,600a79648cfe99db26ea1e738d7d0461d71881d57c30ac74d52e168ef751e31e,e486c7091d27c6e4
pypiahmad_INDIA100NEW_INDIA100NEW_108.jpg,100,pypiahmad,CC BY 4.0,6d9e0d8c779c98bd442b62e55666729caa1ab788544f80e818aa3bef35282663,470c0c2c2527ccc4
pypiahmad_INDIA100NEW_INDIA100NEW_109.jpg,100,pypiahmad,CC BY 4.0,6560a4dcb637444f4ad8800bbc059a07ffcddce4f35aa62988af9247380e019e,e2624062625af2e2
pypiahmad_INDIA100NEW_INDIA100NEW_11.jpg,100,pypiahmad,CC BY 4.0,f66b74aebaf697486960aeb1ef27e756bb569499f7f8d5f3801199a6f971e429,cac5c1c8ec325c6c
pypiahmad_INDIA100NEW_INDIA100NEW_110.jpg,100,pypiahmad,CC BY 4.0,096134bde9daf6cd0b2cee97830bf2fcdcc864afce35b19ae16c830990e3035b,e0443c3434253727
pypiahmad_INDIA100NEW_INDIA100NEW_111.jpg,100,pypiahmad,CC BY 4.0,6c8237da0f8384866853d57dbb32e990603b389c30360da05f61b1aae7885cd6,f1cacac8acc5a5a3
pypiahmad_INDIA100NEW_INDIA100NEW_112.jpg,100,pypiahmad,CC BY 4.0,9404d7b57301f14f8c77eeb4e99b35c0c5327f9e913eaf5d3844bcb655581199,e99066268cb4c595
pypiahmad_INDIA100NEW_INDIA100NEW_113.jpg,100,pypiahmad,CC BY 4.0,d6cd1b38c9cbadfb5e54f73b106e8d10d84931244b906927d1091f6ddbec9c7a,f5b8a8aacc85c5d2
pypiahmad_INDIA100NEW_INDIA100NEW_114.jpg,100,pypiahmad,CC BY 4.0,cd3a454bf1763b2ee9199fe92581bc6a957c45b6dd4ac91c77b02cc91e3ce950,f1d0b1a0a484d5d5
pypiahmad_INDIA100NEW_INDIA100NEW_115.jpg,100,pypiahmad,CC BY 4.0,f4b06187ffd9c4b3042ea4783469a8f46eb094ec0873ab7ce307c236a9f4f0e1,f63eb4588aaac4c4
pypiahmad_INDIA100NEW_INDIA100NEW_116.jpg,100,pypiahmad,CC BY 4.0,78d27e6fa9538c1f74abd2612b06c3ba16b9f97e1eb61088ec6360ae1ec9a806,b6c9c0ca8a8acc8c
pypiahmad_INDIA100NEW_INDIA100NEW_117.jpg,100,pypiahmad,CC BY 4.0,8815e6871d49acbdaab027ec0fe0f39bd3de06984c36b266610b11b6c759fad3,e5e376b613a2dc24
pypiahmad_INDIA100NEW_INDIA100NEW_118.jpg,100,pypiahmad,CC BY 4.0,d8b29087c1e3441e15a4fbd2a5afef25e9aaf05892292164fefbcf0a81ccb919,ad33968c8a92b4ac
pypiahmad_INDIA100NEW_INDIA100NEW_119.jpg,100,pypiahmad,CC BY 4.0,72f8ef3ae1e95a35ddb3a46cf6d99ae6545dffcee105b2a4419bef99be13aacd,0dc3e3cb49c6f4b4
pypiahmad_INDIA100NEW_INDIA100NEW_12.jpg,100,pypiahmad,CC BY 4.0,ff2affc00b55747c0c17b33990ceeec53f54243dabd350f07788983b9b89ea01,0938f6e4c8c3e5cb
pypiahmad_INDIA100NEW_INDIA100NEW_120.jpg,100,pypiahmad,CC BY 4.0,81788b6a29e6fb40e8ea01767964d1de471746cc57bf82910b6317e453e45c9b,2db3cece9b9392e4
pypiahmad_INDIA100NEW_INDIA100NEW_121.jpg,100,pypiahmad,CC BY 4.0,c4b95d12491d36d372520cb60a9d7bcdd1738a1d21179aef59c44a97791ced9d,0d082e1c1d0e0707
pypiahmad_INDIA100NEW_INDIA100NEW_122.jpg,100,pypiahmad,CC BY 4.0,b644db13128ff2f6b28a36685c3d174a8974ec6ce549734d2dd34080da18cb53,0d880507830f0707
pypiahmad_INDIA100NEW_INDIA100NEW_123.jpg,100,pypiahmad,CC BY 4.0,28da32f8ae933e3a2d0dfbccc0ba15a13dec2690083e4dd9c2e4ee9c99bb2ba2,0684940c0e1e1707
pypiahmad_INDIA100NEW_INDIA100NEW_124.jpg,100,pypiahmad,CC BY 4.0,1725cb174f954b01763130616442a39b5139be6c4f97450bc6d3619117c37e41,96968e160e161617
pypiahmad_INDIA100NEW_INDIA100NEW_125.jpg,100,pypiahmad,CC BY 4.0,54c464b31bf8d2e4a1c1725b74e8fb96b1deb4ca7b7df112010d23a6722464af,b4185c161f0d0313
pypiahmad_INDIA100NEW_INDIA100NEW_126.jpg,100,pypiahmad,CC BY 4.0,6078a27404359bdb39479de90f6512453d0a4b8ddc720926d10bab1b74079d5e,12230d1f0e0f1737
pypiahmad_INDIA100NEW_INDIA100NEW_127.jpg,100,pypiahmad,CC BY 4.0,387695c157a570ab4b90678b54952c315d8206c6e67beaab880aa44b9e0591e7,0c04898d8f8e0707
pypiahmad_INDIA100NEW_INDIA100NEW_128.jpg,100,pypiahmad,CC BY 4.0,0e76dc9e1321b8ed3a3f032dc99826dc015a85883f87bdd74d4450903c98136e,0c880c0c0c0e0707
pypiahmad_INDIA100NEW_INDIA100NEW_129.jpg,100,pypiahmad,CC BY 4.0,c1733aa0940d6e4b6cd48de59dbca39ae3f37364d40da46b5a2d9d9a085f7c93,161216161e1e160f
pypiahmad_INDIA100NEW_INDIA100NEW_13.jpg,100,pypiahmad,CC BY 4.0,29b152b20b23e2dd51f93c0eaa6e11cc1c7308c0c3c7c8791887968fd2e92966,dc8ccec656ca98f4
pypiahmad_INDIA100NEW_INDIA100NEW_130.jpg,100,pypiahmad,CC BY 4.0,6a6006c3722e33983743a82f63e4e3b49feb7a3507a65240483fa200541a0ceb,0e960e0e16070717
pypiahmad_INDIA100NEW_INDIA100NEW_131.jpg,100,pypiahmad,CC BY 4.0,36fe0478170d98985ed9e2b458d607b470bd0d763939e967f412ba85c7ace7b0,b4284c0e0f070713
pypiahmad_INDIA100NEW_INDIA100NEW_132.jpg,100,pypiahmad,CC BY 4.0,41b98383eb9b920b6e24aa6e0f91fcc98fc0fefae2d36b466b731becb530c50c,1203010b064f3727
pypiahmad_INDIA100NEW_INDIA100NEW_133.jpg,100,pypiahmad,CC BY 4.0,c95e9845c58ab617453740487fa70c5aedb1dfca82b19f359d21c7f3dabeae0b,5103434343490b47
pypiahmad_INDIA100NEW_INDIA100NEW_134.jpg,100,pypiahmad,CC BY 4.0,8ad01b00cb10c643405c4a7a74fa21035f7001539d6c8364189e9f582418b2a4,00b121217125b190
pypiahmad_INDIA100NEW_INDIA100NEW_135.jpg,100,pypiahmad,CC BY 4.0,108d58f09f7d686940a4734251c99a6f39d135014b98276d341783e9d3fd0f6e,6323171f61494d55
pypiahmad_INDIA100NEW_INDIA100NEW_136.jpg,100,pypiahmad,CC BY 4.0,379ecb251f67d18d90be19f70b3584c5456e133ad25f5e16d92a0ae5fcdbbd19,c00c4242434b195c
pypiahmad_INDIA100NEW_INDIA100NEW_137.jpg,100,pypiahmad,CC BY 4.0,834f80323a1aade0ccfab790813abdab0b4fa4de2b60c528aab745ba6bca0cbf,454d0101494b4b09
pypiahmad_INDIA100NEW_INDIA100NEW_138.jpg,100,pypiahmad,CC BY 4.0,63e8cb47cbb883d45c912c840a420e7d88bf0dddf049011c909c341cf49e80ee,0086c7010547c700
pypiahmad_INDIA100NEW_INDIA100NEW_139.jpg,100,pypiahmad,CC BY 4.0,3dc4b370342ac77b1c6cb6c2e0065832bd90d5d3309e2fe091589a85eacfb59a,0b01414143434549
pypiahmad_INDIA100NEW_INDIA100NEW_14.jpg,100,pypiahmad,CC BY 4.0,e04fa92c99881ea357353e5b5b98878daa3b7649c879d57a5e8b66b57ac39f5e,d6de68688396bab1
pypiahmad_INDIA100NEW_INDIA100NEW_140.jpg,100,pypiahmad,CC BY 4.0,5f7ee77a14088d04752cb713aa90a4afbb4799df00be6925de2510b336a37c73,40424042425252c2
pypiahmad_INDIA100NEW_INDIA100NEW_141.jpg,100,pypiahmad,CC BY 4.0,39400c707da3188eb432399236f02949745605e0597a5a78044a71a6d8c6237a,4c8e49490f2e1713
pypiahmad_INDIA100NEW_INDIA100NEW_142.jpg,100,pypiahmad,CC BY 4.0,d257342fe244caa6ff361f30f5efa6ab0505da09600df3347a488ef3edcd12b1,4696442e1e173727
pypiahmad_INDIA100NEW_INDIA100NEW_143.jpg,100,pypiahmad,CC BY 4.0,4db3f3a60823dd4986bc18fe254e1b62b4922525534b8bd854a8892e14072161,4e872d0f1e0f9f1b
pypiahmad_INDIA100NEW_INDIA100NEW_144.jpg,100,pypiahmad,CC BY 4.0,6d95c151f2bdd15b38b9c29405f1ac957ba627f4444e9c4923ea6f39f45bffb4,44df712105171717
pypiahmad_INDIA100NEW_INDIA100NEW_145.jpg,100,pypiahmad,CC BY 4.0,9b19e6936d338c14fc0af0fc6ee0a948953525f5901f28683f8a666ad917fbac,2c3c1c0c2e2e7e2e
pypiahmad_INDIA100NEW_INDIA100NEW_146.jpg,100,pypiahmad,CC BY 4.0,8042dc1e8db1881a587e713669c55a231730c0f3f796befffa73f243339f3f03,8889cd8f0f6f4c1e
pypiahmad_INDIA100NEW_INDIA100NEW_147.jpg,100,pypiahmad,CC BY 4.0,043ad3d14e5ac825fa53a720dbdaf3904a3ef1055adf0f3709d76292017eae79,f37bce66765f35fc
pypiahmad_INDIA100NEW_INDIA100NEW_148.jpg,100,pypiahmad,CC BY 4.0,cc5568c4372d9129d4ac8ce9b9957676f50b67e09bca4a79965f03dd09fcd9d9,0ff0350d0f1f1c6c
pypiahmad_INDIA100NEW_INDIA100NEW_149.jpg,100,pypiahmad,CC BY 4.0,442f0c67898d954b56e9fed0c036119644e156b762e6c29d105a05094d380cbe,f3ffee374fcf353e
pypiahmad_INDIA100NEW_INDIA100NEW_15.jpg,100,pypiahmad,CC BY 4.0,4c648784e289c67628db80284602a1a95985a4eb622fab94a43c5048b9d859ab,b4b6b0b1f1a5b6f0
pypiahmad_INDIA100NEW_INDIA100NEW_150.jpg,100,pypiahmad,CC BY 4.0,eeeffae692a770456a667fe0a8e442a727abee290fe71e244a0bbe6722071733,47b0c9cf0f1d2c5e
pypiahmad_INDIA100NEW_INDIA100NEW_151.jpg,100,pypiahmad,CC BY 4.0,a0093cba9c39501c500c1e555e9600b79e241095ec9714ca43fdae64587c56ea,d2f2349c54f0e984
pypiahmad_INDIA100NEW_INDIA100NEW_152.jpg,100,pypiahmad,CC BY 4.0,07aba9423730911afae209242f85f5ef384be2f37734d387472576630d187195,b4b49dd4c4c4e6e3
pypiahmad_INDIA100NEW_INDIA100NEW_153.jpg,100,pypiahmad,CC BY 4.0,fb3e9ebcc6cf661f23e23b5b65449ac5fcd0a7ab1fd90823b5aed5ea91b05b07,d288cdc798a889c4
pypiahmad_INDIA100NEW_INDIA100NEW_154.jpg,100,pypiahmad,CC BY 4.0,0685f71829f4b3063ae049a3b27482d16cec4a04798e925301b6f1fab4cb6c9a,94cd4f558dccc4c7
pypiahmad_INDIA100NEW_INDIA100NEW_155.jpg,100,pypiahmad,CC BY 4.0,588ea88cbc61c2a3d65413d1048947c6a8f278df980e955b86f6f7109e35f02d,ec2c9c4cac888081
pypiahmad_INDIA100NEW_INDIA100NEW_156.jpg,100,pypiahmad,CC BY 4.0,a01c25fa101f464bc9cbd1c055f8b13072704cb66715d4f239ad45a85d014f88,ec89cece8c8c8088
pypiahmad_INDIA100NEW_INDIA100NEW_157.jpg,100,pypiahmad,CC BY 4.0,0a3668a3ee45a20945b08f0322a524d9a8e608d11624a80acd88ea5e049469d3,8c241d1d2c7c7c34
pypiahmad_INDIA100NEW_INDIA100NEW_158.jpg,100,pypiahmad,CC BY 4.0,ab59c35392447ceff86a65f5b3fa847760f50cfe9dd6fa49fbdba56f8be81e95,88c8c3cf8d2d4c7c
pypiahmad_INDIA100NEW_INDIA100NEW_159.jpg,100,pypiahmad,CC BY 4.0,3171240e1320d30467dbb5cea82f47ebdb4df3f3b607e1762a26738bc9a17404,a83131b1f1b5904c
pypiahmad_INDIA100NEW_INDIA100NEW_16.jpg,100,pypiahmad,CC BY 4.0,103ac0386c738fa3fbd335cf8d6ec2153b3072a5eb70ab005c98111421149c0b,9eaea8b4b4b4baf4
pypiahmad_INDIA100NEW_INDIA100NEW_160.jpg,100,pypiahmad,CC BY 4.0,720be51b37f0629f82676644f2a941302947dac185d0e5e5c6eb38d5e0fd2eec,da9b094d4737bbc0
pypiahmad_INDIA100NEW_INDIA100NEW_17.jpg,100,pypiahmad,CC BY 4.0,0a6006a79e1f99edf43b2de2af39634f300f75a053c2a3a7f44dbeb3e245dde3,2cc6c68d95c7c6f4
pypiahmad_INDIA100NEW_INDIA100NEW_18.jpg,100,pypiahmad,CC BY 4.0,409e52f14474357ef6fd7edffc36a3216dec6644c6e9339cba048af6e8af5535,aeacaca4e4e6ccd4
pypiahmad_INDIA100NEW_INDIA100NEW_19.jpg,100,pypiahmad,CC BY 4.0,bfbba125b97231d4b191602819d5f9d7272eb62bafaa8d952b7cb1376e753d14,e2f272727252f2f2
pypiahmad_INDIA100NEW_INDIA100NEW_2.jpg,100,pypiahmad,CC BY 4.0,4192149a03c5956495c84db426eba9a57c8e26808be983c920572856e1bd51ca,6ea285c682bbf4f6
pypiahmad_INDIA100NEW_INDIA100NEW_20.jpg,100,pypiahmad,CC BY 4.0,a400006745a0f6aa599b826c867e4a0873736cc185375912b346c8ebeb115339,e486b0b4f4f0f6f6
pypiahmad_INDIA100NEW_INDIA100NEW_21.jpg,100,pypiahmad,CC BY 4.0,9532db275eee79fedc2ab6f9de520076a4c6ec9d13f9c0ecbfb59be95921f9f6,e08ce4e4a694a4a5
pypiahmad_INDIA100NEW_INDIA100NEW_22.jpg,100,pypiahmad,CC BY 4.0,462829ba6ef4ce8c66df8512300f4ae28877956741ae1e004a9f894350fadcb9,e89056868eb4b4b4
pypiahmad_INDIA100NEW_INDIA100NEW_23.jpg,100,pypiahmad,CC BY 4.0,95760638f4c1b20c34021f8ca5ca630f89193fc20b95b5fc05a1558f83e15fac,f094a496c4d4b1a9
pypiahmad_INDIA100NEW_INDIA100NEW_24.jpg,100,pypiahmad,CC BY 4.0,1c30af9c2690c7a96341942af6ff26bdfff136125873b5f41872841f5d8c1d8f,e0d6b0a0c0ce52d0
pypiahmad_INDIA100NEW_INDIA100NEW_25.jpg,100,pypiahmad,CC BY 4.0,7e0de3bcc116455e5a81b5ba63a3ec6765ee419deb5a79dc6cde17904e36029e,c12eb69c48c9e3e6
pypiahmad_INDIA100NEW_INDIA100NEW_26.jpg,100,pypiahmad,CC BY 4.0,8f6aae2322eb375253c1cbc7be41722b925164aa7a4f7e9d15f98296bf159eb9,80cacecec2e3e6e6
pypiahmad_INDIA100NEW_INDIA100NEW_27.jpg,100,pypiahmad,CC BY 4.0,e6025f9ba4f4fa249a363e54c8643d2b58692157b5d245a4f1e5b8d2b2148742,0c82e0e43c9a1b69
pypiahmad_INDIA100NEW_INDIA100NEW_28.jpg,100,pypiahmad,CC BY 4.0,30a255a216002642dc70ac0580ec1a2c4271503fcb087cf29f6367b888b41a1f,d526be8cc6d3d2e6
pypiahmad_INDIA100NEW_INDIA100NEW_29.jpg,100,pypiahmad,CC BY 4.0,7dbf4e177412c6d13d01eb336f7ccf605507970847ac8035f862ff1f444c7872,0cc3e0f29e9ab76e
pypiahmad_INDIA100NEW_INDIA100NEW_3.jpg,100,pypiahmad,CC BY 4.0,af75a687ae7485d7599dc120c1f10883ae2f858af4a6944884b5ecc43f82a39c,6961695969717979
pypiahmad_INDIA100NEW_INDIA100NEW_30.jpg,100,pypiahmad,CC BY 4.0,7b992c648aada2e9e7a1945e34aff2ad08d4a8f739a0816476ba6d0a006e1bb6,6793ca86c7d3e7ee
pypiahmad_INDIA100NEW_INDIA100NEW_31.jpg,100,pypiahmad,CC BY 4.0,791c3a45515b7ce872cf21610f310771d5d59ed107d84c20fb145d72b4d68994,f2a4e4ccccd85020
pypiahmad_INDIA100NEW_INDIA100NEW_32.jpg,100,pypiahmad,CC BY 4.0,a013266191237e01366f887e3d39ebf67d6f21cfdd2200610a9affb2f14c456d,74f6ecc7969bfefe
pypiahmad_INDIA100NEW_INDIA100NEW_33.jpg,100,pypiahmad,CC BY 4.0,f1127ec0354dabd89cda31e520e77c759c475914b76d0889ddbbe424bbd9264e,3ad6cedecededebe
pypiahmad_INDIA100NEW_INDIA100NEW_34.jpg,100,pypiahmad,CC BY 4.0,597ea7c6b1efe3828352825d3f8604081191753505d4413cba0b96d5dffe0a8e,36f4949e8e9eb6be
pypiahmad_INDIA100NEW_INDIA100NEW_35.jpg,100,pypiahmad,CC BY 4.0,0fd86076d3c9b374483235fd6d89dccc73eb04221b52522f45588616a1bde42c,b4d85c9edeecf6fe
pypiahmad_INDIA100NEW_INDIA100NEW_36.jpg,100,pypiahmad,CC BY 4.0,cfa9c1f2cb51a2f12885af6cc780753edd09571eb2bad1bc57c67287b1d25938,72f6cd9e3edebebe
pypiahmad_INDIA100NEW_INDIA100NEW_37.jpg,100,pypiahmad,CC BY 4.0,9f14bf72bc5b2f60ca752bc8374710fda373df7bd9ccfeb9516af6d11e7f54ed,74f4c8cdcfdefefe
pypiahmad_INDIA100NEW_INDIA100NEW_38.jpg,100,pypiahmad,CC BY 4.0,17b469089430df8169bfda7e31cf55073243307ff645e1287c67f7e60adcd23b,74f48e5c6efefefe
pypiahmad_INDIA100NEW_INDIA100NEW_39.jpg,100,pypiahmad,CC BY 4.0,179caed59ac65d8e907f6764c37322ca1a99ab345d2893400155685b70473abb,b2f0d29edededebe
pypiahmad_INDIA100NEW_INDIA100NEW_40.jpg,100,pypiahmad,CC BY 4.0,dd29744649da99eadcf3236ce231900eee4889f68de31ba64ffe076c03a93d4a,6e9c8c8c9efefebe
pypiahmad_INDIA100NEW_INDIA100NEW_41.jpg,100,pypiahmad,CC BY 4.0,267e919afb10b020eb28c0d009ae0e52efd468abc36ef534133d73ac17a73b11,b569cc8edfefb7fe
pypiahmad_INDIA100NEW_INDIA100NEW_42.jpg,100,pypiahmad,CC BY 4.0,cafc3a26336372987b52ea0f0f3f7a48278528078497e35a4c1ffd5193b7ae48,72f7c3dbcecefebe
pypiahmad_INDIA100NEW_INDIA100NEW_43.jpg,100,pypiahmad,CC BY 4.0,d7500beb741ac7b2c223b7724d91ae62b1e5de4c3d8d9476ad14518a46d6cd50,f0b5357579a5b7f5
pypiahmad_INDIA100NEW_INDIA100NEW_44.jpg,100,pypiahmad,CC BY 4.0,f88623dfa95381839a3a00d9d019b99c8d095bea4149731266196a9cc712206a,1b0f2d3d3d3dbff5
pypiahmad_INDIA100NEW_INDIA100NEW_45.jpg,100,pypiahmad,CC BY 4.0,fb3d2aada9cb7942c2f908f283e17f6ec81bc51fdce4c2a9af8ae15eaa6b0c8a,fd1c4e46575a3bfe
pypiahmad_INDIA100NEW_INDIA100NEW_46.jpg,100,pypiahmad,CC BY 4.0,8e5444f5b4c44df12a1cc7f92eb4fdb509cc44b9437d4fc5434fe2a317f6cdae,544d693907173b3b
pypiahmad_INDIA100NEW_INDIA100NEW_47.jpg,100,pypiahmad,CC BY 4.0,27af5ed3eb0250225635d91b331bde07ae231af5261c0f4884431c87161ef37e,6cc7c7edf5f7f7fc
pypiahmad_INDIA100NEW_INDIA100NEW_48.jpg,100,pypiahmad,CC BY 4.0,c58d270bc45bb6a67f2fbf61d2c3c11b356fa69f5309098224ec9444f64033a3,2d2d2d2d35774df5
pypiahmad_INDIA100NEW_INDIA100NEW_49.jpg,100,pypiahmad,CC BY 4.0,c28c5c3b613880475016dd7c6155bcda689cedae5afa6a0ac418c021fc2f7c7a,e27272727272f2ff
pypiahmad_INDIA100NEW_INDIA100NEW_5.jpg,100,pypiahmad,CC BY 4.0,536355f781e9f82f4301322ba8ad3ecdd16f329a88e76cb40c9b102708c6da0c,ccc791d8ec365c6d
pypiahmad_INDIA100NEW_INDIA100NEW_50.jpg,100,pypiahmad,CC BY 4.0,32957104cb148f4a51ebb675b60c85d6ed4adcb77bec085823821b0a59bd9763,640535357d7d3f3f
pypiahmad_INDIA100NEW_INDIA100NEW_51.jpg,100,pypiahmad,CC BY 4.0,15619d3e78d9cf551b75025fe1e0e4011e651f76e2e856cdb37e284aea44cdf8,f58e6dcdce1e1ebe
pypiahmad_INDIA100NEW_INDIA100NEW_52.jpg,100,pypiahmad,CC BY 4.0,5de0ea8a6eddfaab9ce5622cc4613f1846f406f99855c432eae43f9fc09ece23,d0b454068eaa1b9b
pypiahmad_INDIA100NEW_INDIA100NEW_53.jpg,100,pypiahmad,CC BY 4.0,81f20c6c099ec08f3992f94eadb51b4ba9a716a7e1a0fddf1d6a6e312a3f5967,74949d37cece1617
pypiahmad_INDIA100NEW_INDIA100NEW_54.jpg,100,pypiahmad,CC BY 4.0,5a19669137c62b0666de0d6210185e14330c0e9359b94fc9c3884dbd3027c325,f4dcf0a1a5af5b5b
pypiahmad_INDIA100NEW_INDIA100NEW_55.jpg,100,pypiahmad,CC BY 4.0,39e7b5703e2012c8fe37e21ad179032d28094431689d695148000d92ff9c517d,712cbc1d4d5f767e
pypiahmad_INDIA100NEW_INDIA100NEW_56.jpg,100,pypiahmad,CC BY 4.0,f8314d11786ca9c28433c57270f285b2cf47185a32c97385d291fecbff054115,31c9c9cfcb5f667e
pypiahmad_INDIA100NEW_INDIA100NEW_57.jpg,100,pypiahmad,CC BY 4.0,0d75c193836dc66c881352ac9a30797c3d198441cc08505991304992436cad6a,ef753d9e0ffdfdf5
pypiahmad_INDIA100NEW_INDIA100NEW_58.jpg,100,pypiahmad,CC BY 4.0,70e645d71a0ed7259a89e69c2e77d887841a0beeaaeb49af2b2fe9d44a31f618,783e8ca7676e6e7e
pypiahmad_INDIA100NEW_INDIA100NEW_59.jpg,100,pypiahmad,CC BY 4.0,e806a0abd3ff135099ae52ab66fb1474a8630ae094fd37dff8e85e0a01f673e0,99cf779d8fa7e1bc
pypiahmad_INDIA100NEW_INDIA100NEW_6.jpg,100,pypiahmad,CC BY 4.0,1d3f42470af8a58779e6f896cfa0097c66e4fb18b5faed93b619532b306f40f4,2c1c38ece8b3c64b
pypiahmad_INDIA100NEW_INDIA100NEW_60.jpg,100,pypiahmad,CC BY 4.0,ea11a9331e7b30c6f8f9dc0d2b772305f30f69db7d9502b14dddf25da4a22e31,397199cd4f575d7c
pypiahmad_INDIA100NEW_INDIA100NEW_61.jpg,100,pypiahmad,CC BY 4.0,b10e6d5c86ce44cd08575adfc81f65e847c6b41557543caf7a52be27b15ee31c,743c2ebe9cde3f3f
pypiahmad_INDIA100NEW_INDIA100NEW_62.jpg,100,pypiahmad,CC BY 4.0,db6a315ea75fa1dac467e8814db76d866ddc39d979377ca76387a7e3024b6193,61fa8d86928a2f77
pypiahmad_INDIA100NEW_INDIA100NEW_63.jpg,100,pypiahmad,CC BY 4.0,dfefdb4316359b084055eb42a3e50e8aabbf44f80d90f11200322258100358e5,697169594971f1f3
pypiahmad_INDIA100NEW_INDIA100NEW_65.jpg,100,pypiahmad,CC BY 4.0,84396d69c9053556f189eec843ed0faa7199428f6407b00f9b0da9eb27c80307,4fc693d8ec341c4d
pypiahmad_INDIA100NEW_INDIA100NEW_66.jpg,100,pypiahmad,CC BY 4.0,8ee66439ae34c199d30a8b521e55d56679a267fbe17041c04e2c8115f53c92e5,4918387cd993c7cf
pypiahmad_INDIA100NEW_INDIA100NEW_67.jpg,100,pypiahmad,CC BY 4.0,f74d9b5a0259ce6438a507ecb3abaedd6b7e816430f862a35ee258bddefebeb6,64be898c8e8e675f
pypiahmad_INDIA100NEW_INDIA100NEW_68.jpg,100,pypiahmad,CC BY 4.0,171e04892aefd72cbf4413052c29a02c4a9bc53fd45386e217d4be35c6bcdbaa,ec988c9c4c6e1f1f
pypiahmad_INDIA100NEW_INDIA100NEW_7.jpg,100,pypiahmad,CC BY 4.0,c36a75d166c6545ba2e098b1fb0e97966bc78499a63eb000a726e8a753ec3ccd,87928a88ceca687b
pypiahmad_INDIA100NEW_INDIA100NEW_71.jpg,100,pypiahmad,CC BY 4.0,7d0d15ed50acc9b5ed864f792d851d2051c3d3f1177484c3d9aa2343ecabe6ec,cdc6c3c8ec361c0d
pypiahmad_INDIA100NEW_INDIA100NEW_72.jpg,100,pypiahmad,CC BY 4.0,56ac20c33c0548534b33d4132267d6adfd757d98192868fc168a249dddaee5c3,cc9c326cccc3e7cf
pypiahmad_INDIA100NEW_INDIA100NEW_73.jpg,100,pypiahmad,CC BY 4.0,1a83ff107bce24051439ee8b9aee9875333c9954a1b62458ff99232cf6f9db0a,bcb6b9b0b9a5a6b8
pypiahmad_INDIA100NEW_INDIA100NEW_74.jpg,100,pypiahmad,CC BY 4.0,0e0bb7173d887b319e5fe582a4f2d5d33bee62d9fe5064e8abd552b0a1b35435,988ea8b4b4b49ef4
pypiahmad_INDIA100NEW_INDIA100NEW_75.jpg,100,pypiahmad,CC BY 4.0,6db5cee3b8cd3fdcbc9ddfa8d5be23ada6c2bb16ecbd28a70cb11cc487f44113,c08c4e46564a9ade
pypiahmad_INDIA100NEW_INDIA100NEW_76.jpg,100,pypiahmad,CC BY 4.0,4df97445c8011952c346e1056b4a12f086727ea68a6667c017b2ed056b3a2e47,d6ce6d298396babb
pypiahmad_INDIA100NEW_INDIA100NEW_77.jpg,100,pypiahmad,CC BY 4.0,fb20cf5fdf523599ac5ece46b3893aed8c461594bc299d8dfcd47ba4c5f040a6,9c86c68d9d9f8e9c
pypiahmad_INDIA100NEW_INDIA100NEW_78.jpg,100,pypiahmad,CC BY 4.0,1e2347908c9a7b9089f97db59780447ae355ba7ed2fbd8f83ab39888cc4a967f,7e2c2c2c2466ccdc
pypiahmad_INDIA100NEW_INDIA100NEW_79.jpg,100,pypiahmad,CC BY 4.0,6a473fbdf154a229bdcdc3357db3b0114ff69bc37c413144a436ead7a056db57,eef252727252d2da
pypiahmad_INDIA100NEW_INDIA100NEW_8.jpg,100,pypiahmad,CC BY 4.0,441a4d2dbe18bf809808b87d89816a1c448959565c8e543ec7cacfe4731139de,2fa49e9ceefe7a7b
pypiahmad_INDIA100NEW_INDIA100NEW_80.jpg,100,pypiahmad,CC BY 4.0,c8e12492fa823041a02cbdaa7e9ed71b199d8af5ed3c84922de4845ae46f2a86,fc9ebcb4b4fcb6b6
pypiahmad_INDIA100NEW_INDIA100NEW_81.jpg,100,pypiahmad,CC BY 4.0,e58dfb3dbb3e67b872c41081be2e03ea6ee109e02929f77e4d8044b8e196a82b,f0ccece4cefad595
pypiahmad_INDIA100NEW_INDIA100NEW_82.jpg,100,pypiahmad,CC BY 4.0,21e27a15203b857218c95fee41407d37a7d13b21ca491f6db1797a94764e23b8,f0b4c686ded494a1
pypiahmad_INDIA100NEW_INDIA100NEW_83.jpg,100,pypiahmad,CC BY 4.0,3acdb0f2c32cdfc49b696cf1c5eb004db122d883408bf468ca6a0d3ebc0a7e69,f0b8ac9ecc7465e9
pypiahmad_INDIA100NEW_INDIA100NEW_84.jpg,100,pypiahmad,CC BY 4.0,7423ced5441d5fb4428bbde9800e074dd3b6b16a81055831294e758276c001d4,f0d0b0a0ccf4d591
pypiahmad_INDIA100NEW_INDIA100NEW_85.jpg,100,pypiahmad,CC BY 4.0,af72fcd561bee3a56bd9d42faaa31317c6f88f3109ba6f006f4ce15050f1822a,de2eac9cc889a7c7
pypiahmad_INDIA100NEW_INDIA100NEW_86.jpg,100,pypiahmad,CC BY 4.0,af7c74061999a3ebe4069ebb4600030cd1dd7c9b05ba77c50b290707374df85d,8a89cecec9a3c7c7
pypiahmad_INDIA100NEW_INDIA100NEW_87.jpg,100,pypiahmad,CC BY 4.0,0735fb329d2e1a3061371d9b8bc69d7b608e902bad8b2726b3d61168cbd515a7,73f1f89e8e8f33ff
pypiahmad_INDIA100NEW_INDIA100NEW_88.jpg,100,pypiahmad,CC BY 4.0,6f4f93706118df19a0bf0b00ae97953c295ef4be799fb3fcc5016eef601ff1a7,d6ae8c8643d3a7cf
pypiahmad_INDIA100NEW_INDIA100NEW_89.jpg,100,pypiahmad,CC BY 4.0,17d6d778da111b9d3560be9bca94aea8e5482f9d2f44dc4e6381116143140a0c,e2f1b1cb8e9f73ff
pypiahmad_INDIA100NEW_INDIA100NEW_90.jpg,100,pypiahmad,CC BY 4.0,a1d369857fc897e30024ce1d33d09adb56a92a92d0b40dd2af8f07a1aefbef23,b68fcc96274f9f3f
pypiahmad_INDIA100NEW_INDIA100NEW_91.jpg,100,pypiahmad,CC BY 4.0,d86cec395032b8d2f69969c890f6817a7c0f50dcaf7b2262ae8c7d158b6fa386,2d613694c8e2a381
pypiahmad_INDIA100NEW_INDIA100NEW_92.jpg,100,pypiahmad,CC BY 4.0,940c582d36ff08216c1dd363189d877d240d0606b5527470950b8e67e4e5a9cd,ac65a1868393b3b3
pypiahmad_INDIA100NEW_INDIA100NEW_93.jpg,100,pypiahmad,CC BY 4.0,48f49ce1b0cdb6726a344dad27c6581b222928e19fed2cbfbbeb9c2d66641e5c,71e1c99141d05131
pypiahmad_INDIA100NEW_INDIA100NEW_94.jpg,100,pypiahmad,CC BY 4.0,ce714b88b112ec6ad019362f0e955cad09c52504fdbba624648b4f81f572b30f,61e1a18949da3163
pypiahmad_INDIA100NEW_INDIA100NEW_95.jpg,100,pypiahmad,CC BY 4.0,2ead510683b38c6c932bbf33793a87238d040259d75a4dcf492075497ef59da8,52d2d1504434782c
pypiahmad_INDIA100NEW_INDIA100NEW_96.jpg,100,pypiahmad,CC BY 4.0,e0dcd4d3267565812ae6b77bc27d6624562d5f6998782bccafa2ad29ccb3c1a7,b69a6862a880c040
pypiahmad_INDIA100NEW_INDIA100NEW_97.jpg,100,pypiahmad,CC BY 4.0,f7ee22441071e1c284a0bbc53ebb5ebf92e9f4bc1c6c000ab67dbb485f26237a,a941908182c2a281
pypiahmad_INDIA100NEW_INDIA100NEW_98.jpg,100,pypiahmad,CC BY 4.0,eddfe7068fad751d9bba94220b4feca8e64f1fb36173c2a02e682e232cda6205,59cb241464864705
pypiahmad_INDIA100NEW_INDIA100NEW_99.jpg,100,pypiahmad,CC BY 4.0,723373f73abfffe71cec741648d930d0f41f3d31f033b03f634940224c42504c,7af27101c9c9c949
pypiahmad_INDIA100OLD_INDIA100OLD_1.jpg,100,pypiahmad,CC BY 4.0,a278a58ed377d552ab0eafc3aa611fd31319f41bfaf61e04f15643756cd285f0,9487ce888aea6873
pypiahmad_INDIA100OLD_INDIA100OLD_10.jpg,100,pypiahmad,CC BY 4.0,f833154afc0e49fb053e14679b196636582a532adeb7018aff4e2278dc2c2356,6171616969696969
pypiahmad_INDIA100OLD_INDIA100OLD_100.jpg,100,pypiahmad,CC BY 4.0,d8f50861fd6d220a6550de95c684f52c92d061051c546c152a97b114ac21ca7b,e0f2616969414839
pypiahmad_INDIA100OLD_INDIA100OLD_101.jpg,100,pypiahmad,CC BY 4.0,b9513158dafe79af5749898e792db80c2c77f58a2a3ef31c995531f3423afa51,cce423b0e4fc5c4d
pypiahmad_INDIA100OLD_INDIA100OLD_102.jpg,100,pypiahmad,CC BY 4.0,9461ca3150a0413536b05b15d0a34c162d603c204d0f8fb54afca42e4e5c24f3,a2bcbc64c090a0c0
pypiahmad_INDIA100OLD_INDIA100OLD_103.jpg,100,pypiahmad,CC BY 4.0,6e613f2c121aa2406b4bd3219d16b60535776923e3d22468bed737fb073723bf,d258c585c5cdcdc1
pypiahmad_INDIA100OLD_INDIA100OLD_104.jpg,100,pypiahmad,CC BY 4.0,6f9f229e2c314228106841cf82595e6a8737e3c5f0f27c86803c3b8587780061,8d892cba96c6cede
pypiahmad_INDIA100OLD_INDIA100OLD_105.jpg,100,pypiahmad,CC BY 4.0,ebb2e7f7673e21027f2861727f34ac2f06e5d94054cfd81ee0601ad19edd1093,e058d0f0f0c0d858
pypiahmad_INDIA100OLD_INDIA100OLD_106.jpg,100,pypiahmad,CC BY 4.0,cc6fdf7902e22275da254b2bb654a2579a44120ee2c81271511827f05df0fa4b,f461f9f9e49888c8
pypiahmad_INDIA100OLD_INDIA100OLD_107.jpg,100,pypiahmad,CC BY 4.0,e18e416b76008ce6f2a2c39dfabf4a790828df477cbd239a9c0ba5282fd8f884,3261987c34398bb6
pypiahmad_INDIA100OLD_INDIA100OLD_108.jpg,100,pypiahmad,CC BY 4.0,af59eaaf25534e35f69217617ad4ac03efc3af257fcb095f4e5f300a41daa75f,acac3c72606838a0
pypiahmad_INDIA100OLD_INDIA100OLD_109.jpg,100,pypiahmad,CC BY 4.0,1de8fe4c3d6ec01b81fa1ec6a40280b4761fc133989a841808bce6b55d1950fe,39303c3c1c1c7e60
pypiahmad_INDIA100OLD_INDIA100OLD_11.jpg,100,pypiahmad,CC BY 4.0,4f844823a714565bf9eab3c875eae306b9a6c33455785371842ddfbb7fc98daf,4bc5b3d9ecbcdced
pypiahmad_INDIA100OLD_INDIA100OLD_110.jpg,100,pypiahmad,CC BY 4.0,68c98ce2f078f4df926d803800cd07ef9495e10be67932a43eb3dc49482f9db1,b83a0e3c3ebcbc8c
pypiahmad_INDIA100OLD_INDIA100OLD_111.jpg,100,pypiahmad,CC BY 4.0,02cfd8af1e013246774c80c970907521b3e4e7028d0b8892d56c285528509d7d,f0948d8ce4e4c5a5
pypiahmad_INDIA100OLD_INDIA100OLD_112.jpg,100,pypiahmad,CC BY 4.0,473d043181d6b60414b395251df396c185df9b0be8f679bdff5ce64cc0e96e34,f8e4d2e2c2c8c5a5
pypiahmad_INDIA100OLD_INDIA100OLD_113.jpg,100,pypiahmad,CC BY 4.0,2860b1fb1f981b9bb5c2ed5b3e503fe3323e108a4b26798e82242d3848586e70,b2e0e6e4a4ccc5a5
pypiahmad_INDIA100OLD_INDIA100OLD_114.jpg,100,pypiahmad,CC BY 4.0,a8c930ff93b030924b57a9bcc530505d926a72428c9adcc12f44b9003196f682,f8e0bcb8b888a5a3
pypiahmad_INDIA100OLD_INDIA100OLD_115.jpg,100,pypiahmad,CC BY 4.0,f8e2ab64f61097da4860c83968ed509d4d7792412144f498828966505afbfeff,7557988a8ac3e2e2
pypiahmad_INDIA100OLD_INDIA100OLD_116.jpg,100,pypiahmad,CC BY 4.0,90a6cf203448a850292918538b9a6bc42b8e20ff70eca275ace477db33221b21,f4d45e0ccbc2e4e6
pypiahmad_INDIA100OLD_INDIA100OLD_117.jpg,100,pypiahmad,CC BY 4.0,2721e728f9bd409ad621c78bfc53e4f2e989f1b5ac1769d0a2123dc32855dfa7,8ac1e767c693f0d4
pypiahmad_INDIA100OLD_INDIA100OLD_118.jpg,100,pypiahmad,CC BY 4.0,935f0a2654791e857ec6321baef0037572c3546719b1ea464824c2e057f8b3f1,753b838896948488
pypiahmad_INDIA100OLD_INDIA100OLD_119.jpg,100,pypiahmad,CC BY 4.0,fdf84f297b5de33f1407ee89da31ea3d97ce6400d06bad48de91cc5fc4728ac9,c5e3f346cba260a0
pypiahmad_INDIA100OLD_INDIA100OLD_12.jpg,100,pypiahmad,CC BY 4.0,c25d5da4a0620b792cdc32783cc4af7100f6a9d294bcf6f8fa375d8ff4576ca5,2c1c34f4c8b3e54b
pypiahmad_INDIA100OLD_INDIA100OLD_120.jpg,100,pypiahmad,CC BY 4.0,8124f5a85c72b1c8b05261dc2d6b6105858ac35e761615894eedae6b7df7dd9e,74a98e8ed3d2a4c8
pypiahmad_INDIA100OLD_INDIA100OLD_121.jpg,100,pypiahmad,CC BY 4.0,9af5513b410d7afa1364c709b9f93d0ee9fa298b8880dec2f5bad53b09849550,0e0b4f898b0b0f0f
pypiahmad_INDIA100OLD_INDIA100OLD_122.jpg,100,pypiahmad,CC BY 4.0,d2bc38c4cec00c7f1b82eb801070c1a34dc219f38c5111b21916b85464eb4643,0e052c2e6e0d1e1f
pypiahmad_INDIA100OLD_INDIA100OLD_123.jpg,100,pypiahmad,CC BY 4.0,977ab5688cff690258370d1efa18a326a2603b1037308cf78f0cec0881efc4bd,96b2160e1e1e0e0f
pypiahmad_INDIA100OLD_INDIA100OLD_124.jpg,100,pypiahmad,CC BY 4.0,5088d53ba0c9aec5be97e0f32a67143de3e8f0c494296a897919f54ff23d1e4e,8e8e06160e161216
pypiahmad_INDIA100OLD_INDIA100OLD_125.jpg,100,pypiahmad,CC BY 4.0,f3241bcb973631d9b5cc05f91e297106271f66dcfde51c782690ea4fb59529c2,3659ce0e1b070313
pypiahmad_INDIA100OLD_INDIA100OLD_126.jpg,100,pypiahmad,CC BY 4.0,3354c67c3af3bc4a641e22d7172de779675c5cb048de84fa4799b09e2bf1436f,1223031b0f4e1b33
pypiahmad_INDIA100OLD_INDIA100OLD_127.jpg,100,pypiahmad,CC BY 4.0,6df63bd61b01b503d21677f0ea2033cf1eee6b60ad74010c1099b98bb70a06db,0e0d4d4e1e090e1b
pypiahmad_INDIA100OLD_INDIA100OLD_128.jpg,100,pypiahmad,CC BY 4.0,e5f16dac1908fbfbdfbc1e4fe601d9208e918b897824bb33f2465ee13b285b06,0e0c29810d0c0606
pypiahmad_INDIA100OLD_INDIA100OLD_129.jpg,100,pypiahmad,CC BY 4.0,c0fcbe695875cf26c3952cbb50a3e699263228e2754328c8a13ec1b1edb619f9,9696160e06060606
pypiahmad_INDIA100OLD_INDIA100OLD_13.jpg,100,pypiahmad,CC BY 4.0,554dcbca2efe92f8a15e1f7aa4f1b90ee982c45542a96ed2acb0b660227b787a,d4d8c585c5ccc8c0
pypiahmad_INDIA100OLD_INDIA100OLD_130.jpg,100,pypiahmad,CC BY 4.0,e8e9fd0641984cc18cc6f91a87b962f28f5a7bd62e478fda1548a1ad75e999f4,969e1e1e1e163617
pypiahmad_INDIA100OLD_INDIA100OLD_131.jpg,100,pypiahmad,CC BY 4.0,6b756eb3868ebd05f662ee63ad18b9029d8193fb9951bd480de97a08fe3c2324,94386c3e0d0c0707
pypiahmad_INDIA100OLD_INDIA100OLD_132.jpg,100,pypiahmad,CC BY 4.0,c88f1339a504d410d0575bb7636e2022010c8ba98dd9bd30c2fd5e22e171c6cb,12070d070e1e3f37
pypiahmad_INDIA100OLD_INDIA100OLD_133.jpg,100,pypiahmad,CC BY 4.0,3fa9c1b9e97cb9ec90b0c8ed86b379feca77da6a084856efca3f259d26acef56,51594585c58d8d03
pypiahmad_INDIA100OLD_INDIA100OLD_134.jpg,100,pypiahmad,CC BY 4.0,7adbbe40301149db3dec460b6c8949aa035b6d6317f1483e515aef77035fb9ac,19512d3b17474f17
pypiahmad_INDIA100OLD_INDIA100OLD_135.jpg,100,pypiahmad,CC BY 4.0,1480b9d8d06131a7e95c330bb8a476a7948635d5281ed90e290e78954a0b0592,2959d1e1c1c34307
pypiahmad_INDIA100OLD_INDIA100OLD_136.jpg,100,pypiahmad,CC BY 4.0,9900e276b4dd726ac488db5c12bc7663c59d044fe8663a7c331bda1f145a072a,7561696165110909
pypiahmad_INDIA100OLD_INDIA100OLD_137.jpg,100,pypiahmad,CC BY 4.0,68a270fd21dfa2ab68b3da1ce2442ecbac079d1ec3eb934b6acbc911e1066fb0,73715d7435118303
pypiahmad_INDIA100OLD_INDIA100OLD_138.jpg,100,pypiahmad,CC BY 4.0,8359a0b1f7a58de5bf1d981bd362afdb563f9289a72cfe6c03ae23dec53ddd1a,251d316361612125
pypiahmad_INDIA100OLD_INDIA100OLD_139.jpg,100,pypiahmad,CC BY 4.0,914d6ce39fab49ad257655618cc1a66a433f281773bb427631bccbb32eda1ad8,3131343934054745
pypiahmad_INDIA100OLD_INDIA100OLD_14.jpg,100,pypiahmad,CC BY 4.0,342bb36a86cce2bf962ba412878450c04a0ee097fac44c205ae47f4325c25584,9a98acbab68ece9e
pypiahmad_INDIA100OLD_INDIA100OLD_140.jpg,100,pypiahmad,CC BY 4.0,2551e4a6732f38370465c5799bd06253258e16460780fa48e00a35aaa9c727cb,71210d3d37352525
pypiahmad_INDIA100OLD_INDIA100OLD_141.jpg,100,pypiahmad,CC BY 4.0,baef6923329975a593f94352989e503f91cef2cc47d7694f874a7d7c7c829067,4e1d3d0d29079717
pypiahmad_INDIA100OLD_INDIA100OLD_142.jpg,100,pypiahmad,CC BY 4.0,7fef64186a7441744ce2b9de185a0b71229d08120971b2fac78c011f79d6a7f9,0465c566120b272f
pypiahmad_INDIA100OLD_INDIA100OLD_143.jpg,100,pypiahmad,CC BY 4.0,7fd0d3fad84a64d4dc5393ae6ce4abd3d50d8d8acb431d07dc17e3d4ed4a1d0f,5bcbc563250d9717
pypiahmad_INDIA100OLD_INDIA100OLD_144.jpg,100,pypiahmad,CC BY 4.0,2570f9ee84d2108c3c0a8a9e374d9e96689c4345bf71e770635def49915bfcf1,0c4e3c3d331f2f27
pypiahmad_INDIA100OLD_INDIA100OLD_145.jpg,100,pypiahmad,CC BY 4.0,1b11f49cfd6efcb0be64edc3a51c9ab071a52e2a61ba8526ea924f44018f5bc9,424e898b0b2f4e1c
pypiahmad_INDIA100OLD_INDIA100OLD_146.jpg,100,pypiahmad,CC BY 4.0,7e59b69e9552267123f9fb2dc9ba327951b90a8b96b775acaed06ef40a261df8,804d4e4e0f0f0e1c
pypiahmad_INDIA100OLD_INDIA100OLD_147.jpg,100,pypiahmad,CC BY 4.0,846f61a612a97f2f9b887e3129bf5f60f5c38f8068cf1fd7e282efd104876db0,facd651f1f3ddcdc
pypiahmad_INDIA100OLD_INDIA100OLD_148.jpg,100,pypiahmad,CC BY 4.0,6f082fd1f4e670dc81266fe1bc45e98441c77c2b48541fb13ee20e6a376d222a,e459890b172d4c1c
pypiahmad_INDIA100OLD_INDIA100OLD_149.jpg,100,pypiahmad,CC BY 4.0,e01d0e12d5b8d6b0ce305de76f12e392674dd92bacde2c6b7fd5b400bc4f5a44,fbfc673e4f37fc9c
pypiahmad_INDIA100OLD_INDIA100OLD_15.jpg,100,pypiahmad,CC BY 4.0,85b421252e685ecb1e0bb9d6de3e7ee5770943f66505de5a89a5749d1951ca5e,d83ad0d0b0c2caf8
pypiahmad_INDIA100OLD_INDIA100OLD_150.jpg,100,pypiahmad,CC BY 4.0,3a8637ad0d37eebc45bb58c82db171e019614d348211105cbbe5beed64f5f8d6,87705f0e0f172c5c
pypiahmad_INDIA100OLD_INDIA100OLD_151.jpg,100,pypiahmad,CC BY 4.0,c1aed637e455eafc2489db104ce4fd86253f7f86d371fffc6734408dce0247df,d24e898b92c0c0e6
pypiahmad_INDIA100OLD_INDIA100OLD_152.jpg,100,pypiahmad,CC BY 4.0,6ce8f47e9cbfbd30cc8a13fab5b2fb545db5fcd34d2eaef9d0fd28a99221a0a5,5449cbd35464e463
pypiahmad_INDIA100OLD_INDIA100OLD_153.jpg,100,pypiahmad,CC BY 4.0,5fa70af5e0116ab9ea271bca472b880ae9689a3d719abfe50c3067542d9de215,d2d44c4e3ef9c0e6
pypiahmad_INDIA100OLD_INDIA100OLD_154.jpg,100,pypiahmad,CC BY 4.0,5f9c1180606cb591dd31226c44abae1c578813cf037d28238ea7bb10326cbd06,554e2e594564e363
pypiahmad_INDIA100OLD_INDIA100OLD_155.jpg,100,pypiahmad,CC BY 4.0,790093ba387ea521111eb2aca62c6ee4822a35e932f78c238d7e250e106f93ae,e94d898a88888080
pypiahmad_INDIA100OLD_INDIA100OLD_156.jpg,100,pypiahmad,CC BY 4.0,2c50e5d04637615dd5c628cf7bc81bcecae132b23649723c9dacbea897bf701c,6d4d4e6eccc8c0c0
pypiahmad_INDIA100OLD_INDIA100OLD_157.jpg,100,pypiahmad,CC BY 4.0,a560a74143b5a0fb5a1dea64ff4e1a6a45ca519f7a2e562e07d12ecda30c6753,cccc4949cd8c2c3c
pypiahmad_INDIA100OLD_INDIA100OLD_158.jpg,100,pypiahmad,CC BY 4.0,749a13c90affeb121b9955a05e42ee532161dc10433c397ee05c3ed27e529a4f,8cc84f6f6d852d2d
pypiahmad_INDIA100OLD_INDIA100OLD_159.jpg,100,pypiahmad,CC BY 4.0,0c221ced3edb7b98cf347f595042b094001f048d1043a3eacd48b454ef569f5e,557965c5c54545cd
pypiahmad_INDIA100OLD_INDIA100OLD_16.jpg,100,pypiahmad,CC BY 4.0,4ac71ff147323b3108edd5f914e3855161d234988f7b9d4f6c95d70df07db00f,f4e0c8e8e4d08c8c
pypiahmad_INDIA100OLD_INDIA100OLD_160.jpg,100,pypiahmad,CC BY 4.0,d815fc9c3b48d4f75d67ccc9c771bd5905ccdc482182c55f5c8d06a4f610923b,d23064c3e7c5d782
pypiahmad_INDIA100OLD_INDIA100OLD_17.jpg,100,pypiahmad,CC BY 4.0,fca58ec0eb9f9d022f09c37f1cd4033d0b3b958fb4b1d16929a6538cb8cdef9d,a2a19cf4b6b883ee
pypiahmad_INDIA100OLD_INDIA100OLD_18.jpg,100,pypiahmad,CC BY 4.0,313e1327925d78e3fe08557babdafb4205ecea9642e29788a685ffa0a67ba586,a4bcbcb2e2e8b0b4
pypiahmad_INDIA100OLD_INDIA100OLD_19.jpg,100,pypiahmad,CC BY 4.0,09aaa649c4732c57a24416a0058f859cd82e5da98e389383afbaf98e203d4b48,ba30b4b8b686e6ea
pypiahmad_INDIA100OLD_INDIA100OLD_2.jpg,100,pypiahmad,CC BY 4.0,cbf6ec8824d8d0461b121e858b7dd8b3777e8ee28558e9268baef670ae23e497,16cba6a6e6cc7266
pypiahmad_INDIA100OLD_INDIA100OLD_20.jpg,100,pypiahmad,CC BY 4.0,edc9556e211cb54311487ebeff45de669c097bec0e1d0705aa7e82c89aa37ce1,92b28ebeb6beb4bc
pypiahmad_INDIA100OLD_INDIA100OLD_21.jpg,100,pypiahmad,CC BY 4.0,46f8a4d7c3e32851154e72a73c4e5f58b0c7ee37ee2d716d4ec26cca17af4a9b,f1b88c8ccc6ce3a3
pypiahmad_INDIA100OLD_INDIA100OLD_22.jpg,100,pypiahmad,CC BY 4.0,c936c8b9bea6a505f434ea36e5c006b4424d01fbe52b8e8a168d83d234141cd3,71c8c6c4c4c4e1e9
pypiahmad_INDIA100OLD_INDIA100OLD_23.jpg,100,pypiahmad,CC BY 4.0,773d5aac9d73bac259aea75f3edd7784a92d8223515871efe82594fbe0b09354,30eac6e2c4c4d4e1
pypiahmad_INDIA100OLD_INDIA100OLD_24.jpg,100,pypiahmad,CC BY 4.0,ca36d197ac82c0726d7f74cfb029d9cdf7611578ba476b64ba94d84e7b09578a,f9e09ebcbac8d0f0
pypiahmad_INDIA100OLD_INDIA100OLD_25.jpg,100,pypiahmad,CC BY 4.0,e86a164c1a8e8ce27fab9c58a0c90b7e9220f92c1d6dabe33ac44c93bb7b6351,9c4e898acac3e7e7
pypiahmad_INDIA100OLD_INDIA100OLD_26.jpg,100,pypiahmad,CC BY 4.0,4bba8fe77d5f48c893eded2c10ec0cac0e782699a7a73cacb245b63ec7d6adf0,4c4c4e0ecbc1e7e3
pypiahmad_INDIA100OLD_INDIA100OLD_27.jpg,100,pypiahmad,CC BY 4.0,b0bfd0669215b5f91be0583b047e690b907f9cd94581fbc4b56e6935482d7f00,05c2e1789c96a3e1
pypiahmad_INDIA100OLD_INDIA100OLD_28.jpg,100,pypiahmad,CC BY 4.0,d3bec8047c8bd7a2e5afd835da6524eb381850d9a32fbd694f6cfebc2d417957,7026878886d3e58b
pypiahmad_INDIA100OLD_INDIA100OLD_29.jpg,100,pypiahmad,CC BY 4.0,95e1bdaa3a6f9ad877c925d255573442ce899d229a10c93db715b3b35e84ad34,1ac6e1309e8e86e9
pypiahmad_INDIA100OLD_INDIA100OLD_30.jpg,100,pypiahmad,CC BY 4.0,558644eb1915182132e45ced61a249960380f6a574305c3f296ccc3b7e24d77b,7106848eced3e3c7
pypiahmad_INDIA100OLD_INDIA100OLD_31.jpg,100,pypiahmad,CC BY 4.0,a2edf1b75f8cf5e23dcfeeddee3097f7eba46a8d18413be652b68cd32c72ead1,bebeee898bbb3e3f
pypiahmad_INDIA100OLD_INDIA100OLD_32.jpg,100,pypiahmad,CC BY 4.0,13b137829356106ac65f00498ffea7bb22518ab652b555d49063a6f41620e2fc,be9eae2e6e3f3e3e
pypiahmad_INDIA100OLD_INDIA100OLD_33.jpg,100,pypiahmad,CC BY 4.0,c0e0d246b24ff3697183677faba15bc582429bcf8a7109a2dd503ff5d50e80a0,3636b68e161e1e3f
pypiahmad_INDIA100OLD_INDIA100OLD_34.jpg,100,pypiahmad,CC BY 4.0,fad956e7cafda4693d407778d090e61370ba09e5938c0f28389f3895a3bc703d,0e0e8ebe2e3e3636
pypiahmad_INDIA100OLD_INDIA100OLD_35.jpg,100,pypiahmad,CC BY 4.0,194071e8c08fa782a6588ee888d9e58c87a3b596077895194c04a11e82d07208,9edecece1a2767f7
pypiahmad_INDIA100OLD_INDIA100OLD_36.jpg,100,pypiahmad,CC BY 4.0,e59d88ea9624c91549079cc68319d2fc2e7240049fd1e74ba970f27501d12e74,3e6bd39b4ecef637
pypiahmad_INDIA100OLD_INDIA100OLD_37.jpg,100,pypiahmad,CC BY 4.0,5ffb785b2631bc698f25fa4117877221e6925cd5568d29218697a4fa93a2341c,9eae4d4e7e3f3f76
pypiahmad_INDIA100OLD_INDIA100OLD_38.jpg,100,pypiahmad,CC BY 4.0,c41a6314945168463b149f51eedf5e17e918d5315c0a9d1a681cf093df6497d3,bebedb9d9d5e3e7f
pypiahmad_INDIA100OLD_INDIA100OLD_39.jpg,100,pypiahmad,CC BY 4.0,1c6bb93519ce2534ad00823e3cb21c709a6430841a0101cf30d7848feb7fed4d,be9e9e9e1e3e3677
pypiahmad_INDIA100OLD_INDIA100OLD_40.jpg,100,pypiahmad,CC BY 4.0,391e726e2d3775136e94b6572645db0bef3746e36f07bcfae7ea8cf3347fc67e,b6b2f6aeae262e77
pypiahmad_INDIA100OLD_INDIA100OLD_41.jpg,100,pypiahmad,CC BY 4.0,30de654bf34748cc6c419b83bf5f3f491f2036f3a1c7fffca58934e7ca984544,9eb6663e9c2c3e3f
pypiahmad_INDIA100OLD_INDIA100OLD_42.jpg,100,pypiahmad,CC BY 4.0,f4acac9a6990bd4db2342173f782069aa2f6bceefdc5b84a5dc7a9b71ce2880e,bebcdd9f4e1e3e7e
pypiahmad_INDIA100OLD_INDIA100OLD_43.jpg,100,pypiahmad,CC BY 4.0,78f2fe2a24e22cdadfb28b721fee80ccc07aaba5ebf9a4c86f9e65da964228d2,db59c585c5cdcddf
pypiahmad_INDIA100OLD_INDIA100OLD_44.jpg,100,pypiahmad,CC BY 4.0,1be1842f8277eed5f0c2cace3a4c690df7bd60fb8128c20f7c4b80b5ea9bb606,1911bd3b16474f5f
pypiahmad_INDIA100OLD_INDIA100OLD_45.jpg,100,pypiahmad,CC BY 4.0,d2deaf8876ae4f5bec7d47785c1335422b17d41345aaa130ccfaba9b2c693803,095bd3d1f1dbdfdd
pypiahmad_INDIA100OLD_INDIA100OLD_46.jpg,100,pypiahmad,CC BY 4.0,5d3d8b350da8266dc78c011599e2897b647a972f1e401bfdb822d06a716032cb,7569d9f9f5d9aded
pypiahmad_INDIA100OLD_INDIA100OLD_47.jpg,100,pypiahmad,CC BY 4.0,15d5622ce513b3593a80f4ca0f51ffbdaac11033d7b6b813a75b576a7b67ad83,b3a19dfcbcb9dfff
pypiahmad_INDIA100OLD_INDIA100OLD_48.jpg,100,pypiahmad,CC BY 4.0,8f054f3e3529b801f6dbd26bf28b9b8fc3d9bbee63facad6d75414a4dd79c455,ad9d3d73797939bd
pypiahmad_INDIA100OLD_INDIA100OLD_49.jpg,100,pypiahmad,CC BY 4.0,09fddf8a875924f59ca678c82c8c4be3e1cc1515cfbadf3d2be25b1af3c8fac6,39313d393e1f7eff
pypiahmad_INDIA100OLD_INDIA100OLD_5.jpg,100,pypiahmad,CC BY 4.0,d4c9de5f5df529e48084b6c4df40d42e690fdaafef9bd1e65648f9fba35b59dd,c8e4b2c9ec3c5c8d
pypiahmad_INDIA100OLD_INDIA100OLD_50.jpg,100,pypiahmad,CC BY 4.0,45b8b3bf40d793628a21b2e8146a6833f9be0da6de1dc53f20ebdc8c0cdc7e72,7d391d3d3fbfbdbf
pypiahmad_INDIA100OLD_INDIA100OLD_51.jpg,100,pypiahmad,CC BY 4.0,4b93ef97c71b8ca38993a5ff5629f02f6e2ce72ae70f2b109a9df0b493dad4f4,ce1b9d8787cf6f17
pypiahmad_INDIA100OLD_INDIA100OLD_52.jpg,100,pypiahmad,CC BY 4.0,6958c9025ca8648969f001f6acd36236c2bea367bf137ad69ddf0c201c308b3a,6072d2f2f2cb0f17
pypiahmad_INDIA100OLD_INDIA100OLD_53.jpg,100,pypiahmad,CC BY 4.0,886fb2c35f322a7c5cc268f32dbb78290cc71be629e017867c729ce83066f913,64e6d2f2b6cf5f17
pypiahmad_INDIA100OLD_INDIA100OLD_54.jpg,100,pypiahmad,CC BY 4.0,2b3d901e9160d94261decfb0ee30fcdcc5afddce4a4cc417e01ff5bdc52fddc7,f8661d3dbd8dcf0b
pypiahmad_INDIA100OLD_INDIA100OLD_55.jpg,100,pypiahmad,CC BY 4.0,0d5669d36be03fae1dcd80487c042d3a22d5ff92f2879617190cf0842fa7da3e,9ece898b5b0f3d3d
pypiahmad_INDIA100OLD_INDIA100OLD_56.jpg,100,pypiahmad,CC BY 4.0,b69a7da057163b58e10e2ea7a4d45172bcd7128af4afcc717793543e8eb278a1,9a4c4e6e4f4f3d3d
pypiahmad_INDIA100OLD_INDIA100OLD_57.jpg,100,pypiahmad,CC BY 4.0,b64ef93ced765bfba3b1666e43239cd78d3776532aeebe81076b0f5b2b877bf1,cdec26999b27f3f6
pypiahmad_INDIA100OLD_INDIA100OLD_58.jpg,100,pypiahmad,CC BY 4.0,702863490a17a9e3602018acd9226d6ad4809f2c25e157316c358452fc75a0e5,9ab81c8d85675d7d
pypiahmad_INDIA100OLD_INDIA100OLD_59.jpg,100,pypiahmad,CC BY 4.0,e3eefbbe27287cfd436455b2f775d2651a013164c01eed73855bef3d52bbae82,bada6d3e0f376ded
pypiahmad_INDIA100OLD_INDIA100OLD_6.jpg,100,pypiahmad,CC BY 4.0,85aa1c3b246846de99697acf7b00fad91723cdc35d8d43a0a2108fa6748c3acf,2c58b4ece8b3e64e
pypiahmad_INDIA100OLD_INDIA100OLD_60.jpg,100,pypiahmad,CC BY 4.0,e08c938754da0091f5a06176fc31b4eb32c70c5a671b782145922f1d4a3629b9,dcc55d0c276f7c7e
pypiahmad_INDIA100OLD_INDIA100OLD_61.jpg,100,pypiahmad,CC BY 4.0,88e32a47692a325b039903e850786f8396e1eb50f555f48ee51d7f11ccb4c999,b088ce898aaa7f67
pypiahmad_INDIA100OLD_INDIA100OLD_62.jpg,100,pypiahmad,CC BY 4.0,8b5061e921a6dd7dfff23e4b1163c94ff24b51a131690b630c53454a43dd9c29,a089aeae6e8c6767
pypiahmad_INDIA100OLD_INDIA100OLD_65.jpg,100,pypiahmad,CC BY 4.0,32f7719cc209d271ad2f9a8096f3a25719c7eeeb3d11e7abd2f56536e71fe5be,cfc783c868325c2d
pypiahmad_INDIA100OLD_INDIA100OLD_66.jpg,100,pypiahmad,CC BY 4.0,742f82cc9a089eb48e39b88468a70c7f23b84e6d2390a5d46cabf70d304a338d,cd9832f8c9c3c7cf
pypiahmad_INDIA100OLD_INDIA100OLD_67.jpg,100,pypiahmad,CC BY 4.0,56424b3fe7c6b925c5638dbda81c2a79e08749fe6cfabb0d7fc0a8bbf7672fc1,f09ccc4e1ebb3fff
pypiahmad_INDIA100OLD_INDIA100OLD_68.jpg,100,pypiahmad,CC BY 4.0,7a01c2968084e46cbe4d0cb06dc541a347d4d31241e510054fe4bdf23c2a8a10,e08c38998dcc7fff
pypiahmad_INDIA100OLD_INDIA100OLD_69.jpg,100,pypiahmad,CC BY 4.0,4bc27f01dcc82a91f695accb4359bf44f3293808c7ac425698642cf6b7eb37d8,6969796969797171
pypiahmad_INDIA100OLD_INDIA100OLD_7.jpg,100,pypiahmad,CC BY 4.0,77589c745340c8e3880c2b706d48e599474500556d15008c4d89fb82bec88ce4,97a3ccce46e263b7
pypiahmad_INDIA100OLD_INDIA100OLD_71.jpg,100,pypiahmad,CC BY 4.0,9b6d808f0e90704731582d7da8ce966d40d96d1e4e40cdc95fc79b881d59e274,cce6b3d86c3c1c0d
pypiahmad_INDIA100OLD_INDIA100OLD_72.jpg,100,pypiahmad,CC BY 4.0,64d8358eb1a6cf320589d2ea9587d4ca71517bd3437e038a4ef59ebea25ff5e2,ad9c3ce4c893c7cf
pypiahmad_INDIA100OLD_INDIA100OLD_73.jpg,100,pypiahmad,CC BY 4.0,41778f3525cf2177563534ce74ab287a4bfa6df8495c33aa76156b20e052bce6,9edcc585c5cdcd9f
pypiahmad_INDIA100OLD_INDIA100OLD_74.jpg,100,pypiahmad,CC BY 4.0,8186ff1c3df1b7e7c866d8edc5800e1311fb99b909ad9a849ed1cb6175c3f990,8c98acba9686ce9e
pypiahmad_INDIA100OLD_INDIA100OLD_75.jpg,100,pypiahmad,CC BY 4.0,cf1a66719bbb39511bf4434b8bcc21b0742448a3262576f130d9956280ad59a4,ac1bd2d191c3cffc
pypiahmad_INDIA100OLD_INDIA100OLD_76.jpg,100,pypiahmad,CC BY 4.0,04371f6a7498055da0a4b58ea35f17973b28f9d473f61281aef229f599ac1a98,f4e1c9d8e0908888
pypiahmad_INDIA100OLD_INDIA100OLD_77.jpg,100,pypiahmad,CC BY 4.0,9a3781450ddbfdaecd6c267ba322d3c5545fdf941bc2429d83d72815f1ca9339,b3b19cf6b6b987be
pypiahmad_INDIA100OLD_INDIA100OLD_79.jpg,100,pypiahmad,CC BY 4.0,c5d7489a7725d7d2f84bffae210f191a500723369752b44efc8eb42362d92256,39303e38361e7ebe
pypiahmad_INDIA100OLD_INDIA100OLD_8.jpg,100,pypiahmad,CC BY 4.0,11ec48ec9d500b3f1460d6f73d4b7b0c914147c465c2cc7a9fcd465668712d78,9732b2998cdc6df3
pypiahmad_INDIA100OLD_INDIA100OLD_80.jpg,100,pypiahmad,CC BY 4.0,d801e22d9cf8e407525ef97e5fe27b3d687e66720d47373c79d8695a4911f3ea,bebe8ebebebebcbc
pypiahmad_INDIA100OLD_INDIA100OLD_81.jpg,100,pypiahmad,CC BY 4.0,a67da42858211025d215e28691dde22a5d1491b6995d3d2633a479e0e70b24ce,e09c9c8cccccd5a3
pypiahmad_INDIA100OLD_INDIA100OLD_82.jpg,100,pypiahmad,CC BY 4.0,d54c5400865be24fdd304e5f12db37dc5db81cef29c991779d7d8e83ddfb46e1,f9f4d6e2cac855d5
pypiahmad_INDIA100OLD_INDIA100OLD_83.jpg,100,pypiahmad,CC BY 4.0,54aa43583d3d9f15c8ac1848f84cf593d8052f7b15641448801cc6149e3f1bb5,e0e0e6f4c4cc55d5
pypiahmad_INDIA100OLD_INDIA100OLD_84.jpg,100,pypiahmad,CC BY 4.0,22d140ae35bb936a436c9b8bd03d5936ebd0f8fee847e94876ee8d8553733a4d,f9e09cbc9ad854d5
pypiahmad_INDIA100OLD_INDIA100OLD_85.jpg,100,pypiahmad,CC BY 4.0,a2ddf5f320b1f8da4aaaa878b483e095114ada4ef4284ce27723490d1645c6b9,0fcd898a8babcfc7
pypiahmad_INDIA100OLD_INDIA100OLD_86.jpg,100,pypiahmad,CC BY 4.0,145f10631208a0f68cf0ffe35b2ead84a87b6a75f94f8bb1e7de918bf2ec6811,444e4ecbcbe5c7c7
pypiahmad_INDIA100OLD_INDIA100OLD_87.jpg,100,pypiahmad,CC BY 4.0,ebf39070fea94d0b49224e93149b0d24461a83f818162fc7beb1b97b0a5f330e,c4c3e3dd8e937dff
pypiahmad_INDIA100OLD_INDIA100OLD_88.jpg,100,pypiahmad,CC BY 4.0,0840fda7435949055b40510b1786e1211b6999b15754b256562edb3353660aee,f3078c8ed3d7a7cf
pypiahmad_INDIA100OLD_INDIA100OLD_89.jpg,100,pypiahmad,CC BY 4.0,39ff14b9ef44948ce4c74e608f08627552261f03d2add0bd9bdca9d624552918,e2f1de8e8f9b7fff
pypiahmad_INDIA100OLD_INDIA100OLD_90.jpg,100,pypiahmad,CC BY 4.0,76b5154f4bad08fc2b3a70fe257a872e7576631510db370cd62b1176eb9a11f7,f8368ccc8ed3e7cf
pypiahmad_INDIA100OLD_INDIA100OLD_91.jpg,100,pypiahmad,CC BY 4.0,d95592a41badec8151aee99dbdcd2ce6325b365c47d6c37deec7ae0a62020a1e,c8496bc88882c2c3
pypiahmad_INDIA100OLD_INDIA100OLD_92.jpg,100,pypiahmad,CC BY 4.0,8863c2fdbf9425a5062681323a244ea15a805634d233653093b93f836611b074,984b6a266ea49291
pypiahmad_INDIA100OLD_INDIA100OLD_93.jpg,100,pypiahmad,CC BY 4.0,b8e24bd698d92239ce21cbea12229608b8d187b0c5e1e4b1656ddcf884f94170,f0f0714950594839
pypiahmad_INDIA100OLD_INDIA100OLD_94.jpg,100,pypiahmad,CC BY 4.0,365fe76b01e66c0d7a69c9b31d6c0319872b10e2748bc1ebc8161b3a689e8da6,6aca61e968f1b1f1
pypiahmad_INDIA100OLD_INDIA100OLD_95.jpg,100,pypiahmad,CC BY 4.0,278dd4852877eefe780c8beeb174d224b35b8b399ec4f275b4aecbe602f94a48,c2c6c3c06a33ac0c
pypiahmad_INDIA100OLD_INDIA100OLD_96.jpg,100,pypiahmad,CC BY 4.0,1b800cb4689da6d643adcb6c71040f106d6681d78e6d483daabaf4269f016805,acb8b272c8c0c040
pypiahmad_INDIA100OLD_INDIA100OLD_97.jpg,100,pypiahmad,CC BY 4.0,cf976bb64d7a6e37eb52b3e2126bb4f3efe8a015c9d49087368393bee9af8baa,52d2c04676e1a1a0
pypiahmad_INDIA100OLD_INDIA100OLD_98.jpg,100,pypiahmad,CC BY 4.0,b0dff63c9801e8b899036fc4f919a266d1e06fbb0abeaa5abf1df528f4bdceb0,12d261810d4c2462
pypiahmad_INDIA100OLD_INDIA100OLD_99.jpg,100,pypiahmad,CC BY 4.0,34c18534afabdef568b1ea295a027998e63fab9f7c7fce281f9801b02c539707,62d271d3d07170b1
pypiahmad_INDIA10NEW_INDIA10NEW_1.jpg,10,pypiahmad,CC BY 4.0,62c77b62bef11509b276d2fe47792f70a83094c436a843fd3364e6d9648168d8,69cbcf8f82323220
pypiahmad_INDIA10NEW_INDIA10NEW_10.jpg,10,pypiahmad,CC BY 4.0,84ee6eecbf7a609655e4fc1e05e76e8b84956703e1b471f7db090b6760026748,dd8d6d5353cb9bfe
pypiahmad_INDIA10NEW_INDIA10NEW_100.jpg,10,pypiahmad,CC BY 4.0,918b093dd86be0eed3c230b933a08ca2616205e5c9df546e950385f912585f2b,b8aae8eaeac9aaf8
pypiahmad_INDIA10NEW_INDIA10NEW_101.jpg,10,pypiahmad,CC BY 4.0,9619f147e7f7db3a670f7abb93aaecf77796ea6feb8aac030e50d0d0a380cd1c,60673333535363e1
pypiahmad_INDIA10NEW_INDIA10NEW_102.jpg,10,pypiahmad,CC BY 4.0,e980b0b0f552f2a624196384059d7ae3c9dc8b8f7864e40035e0bc622e716e91,8eaaecb4347cb8fc
pypiahmad_INDIA10NEW_INDIA10NEW_103.jpg,10,pypiahmad,CC BY 4.0,e1c7279c8e7346608bcb242df1228d63ff6bf06eef57e58c9db8e1b7ac1b4c67,08cc4c1c190a0309
pypiahmad_INDIA10NEW_INDIA10NEW_104.jpg,10,pypiahmad,CC BY 4.0,eb85fe68ca1694c4b7ff2aa9246af40325ad884c47238a4c894bda7f45fb77eb,290b030301634dc4
pypiahmad_INDIA10NEW_INDIA10NEW_105.jpg,10,pypiahmad,CC BY 4.0,882e39cf19d5e566b9547c3f58df21d26934350c25c17e050d4c84b9c7c67b9c,636161616149e1e1
pypiahmad_INDIA10NEW_INDIA10NEW_106.jpg,10,pypiahmad,CC BY 4.0,a4c183af579642bbee1bf48f52ab2430d2cba200973198c8cfa4afc1bd399631,03c4e496d6c6f467
pypiahmad_INDIA10NEW_INDIA10NEW_107.jpg,10,pypiahmad,CC BY 4.0,e1ed412acb44dce19684f55cdd8d95326504a3522a576942223c20c5bbf0683d,70c4353131616161
pypiahmad_INDIA10NEW_INDIA10NEW_108.jpg,10,pypiahmad,CC BY 4.0,4d5f7ce1699b93c664e5ac30376f7641beb62a71ffe1f42e1f4b36b4a52b28b4,96cc454566071727
pypiahmad_INDIA10NEW_INDIA10NEW_109.jpg,10,pypiahmad,CC BY 4.0,9ac84a32e89099af29ac4feac9e12f44b7321e81585a1f554177e6ffcf0b11be,9696542c1e372727
pypiahmad_INDIA10NEW_INDIA10NEW_11.jpg,10,pypiahmad,CC BY 4.0,26bea47682f1860ac1cb8c39d26a0c9af512ec01c16374d90dfefabb3a89b919,dcce6d697b0f3f3f
pypiahmad_INDIA10NEW_INDIA10NEW_110.jpg,10,pypiahmad,CC BY 4.0,e93c79dedeec38f24c02717985dd8997c2dbb1e8298264854d004f697db195d0,449d2d3f1617272f
pypiahmad_INDIA10NEW_INDIA10NEW_111.jpg,10,pypiahmad,CC BY 4.0,793ae042dd39cd3a3ffcee4cb709280bc49dddb78a555b054f1aaef84f05e2a9,c69630312a37272f
pypiahmad_INDIA10NEW_INDIA10NEW_112.jpg,10,pypiahmad,CC BY 4.0,0c1e6caadab7c85675de3bc8e31d5316b527039fef28e3847ac871ec9c00a25e,6a0e1c1c0d2f4e4e
pypiahmad_INDIA10NEW_INDIA10NEW_113.jpg,10,pypiahmad,CC BY 4.0,a7720c78ba4b31502da628b39992574ffbeac8008714cc6d11541c046206f967,c9c5c5892f2f5e5e
pypiahmad_INDIA10NEW_INDIA10NEW_114.jpg,10,pypiahmad,CC BY 4.0,4dbdd628eaf7c4fdc533cab8b39bed0905f86c2ad53f654031266f8e6aa69d44,1098c74707891101
pypiahmad_INDIA10NEW_INDIA10NEW_115.jpg,10,pypiahmad,CC BY 4.0,5b5ea980decad17afca02d53df029107b1d268ba8a77a479759141ece3120706,edf7333b1626ed9e
pypiahmad_INDIA10NEW_INDIA10NEW_116.jpg,10,pypiahmad,CC BY 4.0,abe649bf0b62756d702f062bfb289f7a4c7731b49a94173983d306826d7ec3ad,e0300c0e1337360f
pypiahmad_INDIA10NEW_INDIA10NEW_117.jpg,10,pypiahmad,CC BY 4.0,ec33d98febd4dcaf818628c6c4d5b9ab3ffe21fd26421ec53e2e48cc8d789443,cde77613cb07b59e
pypiahmad_INDIA10NEW_INDIA10NEW_118.jpg,10,pypiahmad,CC BY 4.0,93e1481359700db36c5a0c4afbdacbb5e264ce28ae1800b340b086089bee217a,618486a28eccd537
pypiahmad_INDIA10NEW_INDIA10NEW_119.jpg,10,pypiahmad,CC BY 4.0,d033cb28a359df7cf10c72f6cc2f211fa77011a9cca6f292c70a1db1ff9ccb02,acd3cd0f1737362f
pypiahmad_INDIA10NEW_INDIA10NEW_12.jpg,10,pypiahmad,CC BY 4.0,a9b3721d5bba84ae38e304773918670f72862701474130f8f4ca300495f1a742,e1c7d7f3fbfbe3f9
pypiahmad_INDIA10NEW_INDIA10NEW_120.jpg,10,pypiahmad,CC BY 4.0,45606150ef3dd26158c2745a4dede7b065b882302704d35d5fd5a8647651feab,5c1c1c3cac828acd
pypiahmad_INDIA10NEW_INDIA10NEW_121.jpg,10,pypiahmad,CC BY 4.0,aebb1f0ed126c6fa8001d1a88eaf6ad95069a7a18246e678517fe97fa7c83c16,6c1c1d98adadc5c2
pypiahmad_INDIA10NEW_INDIA10NEW_122.jpg,10,pypiahmad,CC BY 4.0,a7efc9774d370999cee399df0370dc20be48213fcd3a1a0e574db2d4f212edc0,5ac9c5c7d360c5c2
pypiahmad_INDIA10NEW_INDIA10NEW_123.jpg,10,pypiahmad,CC BY 4.0,dc1be8b885b1c8f050188104ed747d29e0fb540922b7948555e67a74e333c972,cdc5c7d144e4e3e3
pypiahmad_INDIA10NEW_INDIA10NEW_124.jpg,10,pypiahmad,CC BY 4.0,bef6d65cfd5579bae8d5f673954ce0e40254e5851352021aebcb4245b7a07628,061c1c1cacac4486
pypiahmad_INDIA10NEW_INDIA10NEW_125.jpg,10,pypiahmad,CC BY 4.0,bb7c29b979ff4232ad8e6a2207fe170c68f8b28bf2cfb4fdedf0183c657b9cb0,26061e1e1f171717
pypiahmad_INDIA10NEW_INDIA10NEW_126.jpg,10,pypiahmad,CC BY 4.0,d108b4e12a0d63396b7954113420c2c42fbdc28dc3dc92fe091c24a93e38994a,36c9c7c7c6a8a986
pypiahmad_INDIA10NEW_INDIA10NEW_127.jpg,10,pypiahmad,CC BY 4.0,cd78894332e964964be0c0c9fd9886db3c319b987996584ec14ae39fc9bf2b72,e61c1c182e6edf7b
pypiahmad_INDIA10NEW_INDIA10NEW_128.jpg,10,pypiahmad,CC BY 4.0,55fde2cbcffb47928909e6e9c55933d74d6103b362c1bfd6d1a40773eb8dafaa,c4c9c5c90e2ece7a
pypiahmad_INDIA10NEW_INDIA10NEW_129.jpg,10,pypiahmad,CC BY 4.0,7ae017ac1de9675ea08af978d61670613a6028cae3d9e619590c3bd633a48ce9,54d879f9f575503c
pypiahmad_INDIA10NEW_INDIA10NEW_13.jpg,10,pypiahmad,CC BY 4.0,fdc875a4e740d006f732c268f4bc5ae125af59e6f6987f34e0862324bcfe9aac,03c4e8aa0e35058f
pypiahmad_INDIA10NEW_INDIA10NEW_130.jpg,10,pypiahmad,CC BY 4.0,d902b276923b8ec426379f131ee02ce58e500813e709b34474afc768ef9046b4,03f0e0a8a8d8ce07
pypiahmad_INDIA10NEW_INDIA10NEW_131.jpg,10,pypiahmad,CC BY 4.0,60cc9da4fa65ae372f070b610f9a29dcd951051bd5c0b6a5a7f88d11242af3d8,aa3b1b474f0793c9
pypiahmad_INDIA10NEW_INDIA10NEW_132.jpg,10,pypiahmad,CC BY 4.0,affc5b5475e0dc93a89d885f8ccc36d5d90b741585bc2ecb06c269cc19b03030,e0d4c4c6c8d1a5cc
pypiahmad_INDIA10NEW_INDIA10NEW_133.jpg,10,pypiahmad,CC BY 4.0,fd6d4c46794a5fbb67e7153bb484f3e2de1ca6ac68b2b0ca206ab0cb77961ae5,03e1c8b0e47a5127
pypiahmad_INDIA10NEW_INDIA10NEW_134.jpg,10,pypiahmad,CC BY 4.0,1a948c7f514633135ad4a66423ec60c8af25ad11c25bfb412ceb204e07308389,71e8c8e0c4c4d292
pypiahmad_INDIA10NEW_INDIA10NEW_135.jpg,10,pypiahmad,CC BY 4.0,84728ed1b68019f6a6d56f735284d225646a24758457deceb9c3b94a13a309f8,f3f0f496aedcd290
pypiahmad_INDIA10NEW_INDIA10NEW_136.jpg,10,pypiahmad,CC BY 4.0,4a4538d18d3014a76315067e2fb9efd8e634c35fa71a375aa3551a9f6a342009,2624240e0f0f373b
pypiahmad_INDIA10NEW_INDIA10NEW_137.jpg,10,pypiahmad,CC BY 4.0,7841cdf5c85078585bc80cf42722c334090bbe0031fe69bc90270fcf1f35d661,b0e88cbed4d4d6a0
pypiahmad_INDIA10NEW_INDIA10NEW_138.jpg,10,pypiahmad,CC BY 4.0,ca0dd42ded343bb61283a2ffa3d726b71a4167e799d8435ce982f263d0f97839,f0d0b2b0c8c494b0
pypiahmad_INDIA10NEW_INDIA10NEW_139.jpg,10,pypiahmad,CC BY 4.0,f11f94624a0c678ad1575496da93a4a0fb3398638e5b094c1e12aae160485772,c2161c9c8c898183
pypiahmad_INDIA10NEW_INDIA10NEW_14.jpg,10,pypiahmad,CC BY 4.0,45f01125f3abb5fa5a1e47f97a794a97efce2dae88226a1398a159c7746758d5,090b0f1b3b2fceec
pypiahmad_INDIA10NEW_INDIA10NEW_140.jpg,10,pypiahmad,CC BY 4.0,32778c55c1566a79471fa30b5af3342bd11864e8b193445f52e38c367d368468,9bc1c58f88214387
pypiahmad_INDIA10NEW_INDIA10NEW_141.jpg,10,pypiahmad,CC BY 4.0,c89c627db104395bb1c5d5dcf4e5da2301159d0783da3b8a4b822df6aa149d3e,040c2cd4c8cdc75f
pypiahmad_INDIA10NEW_INDIA10NEW_142.jpg,10,pypiahmad,CC BY 4.0,3dfbdf7f52b705def370411492c1dd6a6801fb45d8de08092ca48e3c01b944a9,e48c081851c7cf4f
pypiahmad_INDIA10NEW_INDIA10NEW_143.jpg,10,pypiahmad,CC BY 4.0,a0dd030c8c1371077629e76d32e2b5573859418882bc4b1a7ea3efb08a04f0e8,24068293c0c2879b
pypiahmad_INDIA10NEW_INDIA10NEW_144.jpg,10,pypiahmad,CC BY 4.0,934635f4726864acd499a6d9a0a00cc280425c5f751fbee8dc987a042374d29b,6064e4c4c6aac8cc
pypiahmad_INDIA10NEW_INDIA10NEW_145.jpg,10,pypiahmad,CC BY 4.0,a171a0dff004d562f92dc7a8447d566ee307dda528674ffe07af175b11f566a5,62020a6cc0c6cfdf
pypiahmad_INDIA10NEW_INDIA10NEW_146.jpg,10,pypiahmad,CC BY 4.0,5d216eadce3512124dc19d4b28425a4f71cb7279e694136dcc274bd9f8e023f6,0ece3c1c98f4e2ee
pypiahmad_INDIA10NEW_INDIA10NEW_147.jpg,10,pypiahmad,CC BY 4.0,b5e986875fe5df161df1667f7cfb616b02a056e6b2c04138ba5fd8889e9725d5,b0181c1f1b190317
pypiahmad_INDIA10NEW_INDIA10NEW_148.jpg,10,pypiahmad,CC BY 4.0,92fc11e66a1f86f7e337f9a517104e7d691b3ff6df7b1275c89df42f7d6ce470,19dce6c7c7ed94fd
pypiahmad_INDIA10NEW_INDIA10NEW_149.jpg,10,pypiahmad,CC BY 4.0,0fa2bc7da1fffef53a4cec098182c52f7971beffd51ab538b87165404ad9aff0,6470c4cce478dce8
pypiahmad_INDIA10NEW_INDIA10NEW_15.jpg,10,pypiahmad,CC BY 4.0,912c168a4e2571e885a7987b673390ec28869aa4efce031f52ff981520c0c1eb,eae868787858d9fb
pypiahmad_INDIA10NEW_INDIA10NEW_150.jpg,10,pypiahmad,CC BY 4.0,d27efceeb6e941ff8a419fc8513c8b3b4e038523484eb48fea06d9f1fe373909,e1e1e1e9c9c9f9e9
pypiahmad_INDIA10NEW_INDIA10NEW_151.jpg,10,pypiahmad,CC BY 4.0,22f538fb88bbc939d96442f76632069e54485283b41b443a579b5b4d0f37ff6f,64e291c0e6365c69
pypiahmad_INDIA10NEW_INDIA10NEW_152.jpg,10,pypiahmad,CC BY 4.0,ecc23c99d4e6ed6d3d6d35d1c3f64d781c511f32ca0c2ff10904b6ee053a4212,c93872eca8e1c64c
pypiahmad_INDIA10NEW_INDIA10NEW_153.jpg,10,pypiahmad,CC BY 4.0,2f8641248bb6a58a73731d278199b72a0217fe46eb35a9ec3fbbb38b17d51efa,31b0c5c5c7c7b21c
pypiahmad_INDIA10NEW_INDIA10NEW_154.jpg,10,pypiahmad,CC BY 4.0,7989ba682f325ccd50a5f81a0d1736af1a9a7c2e72e8d2fcb867c3c90ddb7c24,62e04c5c4c6c4d39
pypiahmad_INDIA10NEW_INDIA10NEW_155.jpg,10,pypiahmad,CC BY 4.0,8a5c2dc66026969c7f3292c4bde25c86b80427d21f7a7dc35864abf283c009dd,e9d959d9d1e161e9
pypiahmad_INDIA10NEW_INDIA10NEW_156.jpg,10,pypiahmad,CC BY 4.0,618dd1cbdb04043c900496ba7b80be56b774e707c9b350e2a641325dae063e87,e0ccdcc4d0b09cd8
pypiahmad_INDIA10NEW_INDIA10NEW_157.jpg,10,pypiahmad,CC BY 4.0,432c74872924d3d3177f8d44b6fe2014b0ae439fc1c874808313c6b1dd46ae45,61f97961c9c96969
pypiahmad_INDIA10NEW_INDIA10NEW_158.jpg,10,pypiahmad,CC BY 4.0,2866200d7e151fa9421a5cab00a8aa1e2fdb1070a3940863e2018479d2e5d618,91134f068707a686
pypiahmad_INDIA10NEW_INDIA10NEW_159.jpg,10,pypiahmad,CC BY 4.0,bd24ee52145620f653cacea0bf1b1aa23a11b0c7cc034bf6f24be8df6d87a9a2,68c2b1ccd87898ec
pypiahmad_INDIA10NEW_INDIA10NEW_16.jpg,10,pypiahmad,CC BY 4.0,8aa5a2f9d7b6e6d35c0c4526b3e371f60dc637f0ed9a88bd57c0dc5005d74072,c0a3ac8cccda3389
pypiahmad_INDIA10NEW_INDIA10NEW_160.jpg,10,pypiahmad,CC BY 4.0,6d07d5f53dce9e21acaf7d443dcf0cb38d0a2b642fda34369b4416b5d3532b50,4db87cdcccb1c264
pypiahmad_INDIA10NEW_INDIA10NEW_17.jpg,10,pypiahmad,CC BY 4.0,e642f7fb64443905ff4b8ccec2422cfea74908c36e692b3dcaf358b3a18d8a94,cccc353c7c7d7f7f
pypiahmad_INDIA10NEW_INDIA10NEW_18.jpg,10,pypiahmad,CC BY 4.0,d29a921593921021b6d721f0f64b54cb22f1af04fac14e4cb0d7a349481646d6,43ccc5e5ee0eb7b6
pypiahmad_INDIA10NEW_INDIA10NEW_19.jpg,10,pypiahmad,CC BY 4.0,bd3044fdf2dc4a899213869c4c10e8449243bfe6c268002c3dd06eca42d8cf46,539ad6761c1e3627
pypiahmad_INDIA10NEW_INDIA10NEW_2.jpg,10,pypiahmad,CC BY 4.0,f0fd1e48ae19db93e582179fa4c1d860e908165c45ab10e17601d88dfee2de87,329232161e0f0727
pypiahmad_INDIA10NEW_INDIA10NEW_20.jpg,10,pypiahmad,CC BY 4.0,8c1465e5f4ffb0d66c0c6851b3bcc6c4a8c7961531e3dd0b12c89a162a77885c,56943d2e9e16bf2e
pypiahmad_INDIA10NEW_INDIA10NEW_21.jpg,10,pypiahmad,CC BY 4.0,73ac046c9174486ab103b08732f5e6e32c76a42e67565d22e89a75169b4e4f08,72dab0b18b9bb7b7
pypiahmad_INDIA10NEW_INDIA10NEW_22.jpg,10,pypiahmad,CC BY 4.0,21460c7fbf67f4874db553a6f79394b3151f2a9176c7d7dfd2d3214eea7e2152,0d4c1c9c18de1e9c
pypiahmad_INDIA10NEW_INDIA10NEW_23.jpg,10,pypiahmad,CC BY 4.0,cd565bfca3ef31cb518b657fefe0f977bcb75f963ea86dd079847e2b2ab5cf21,a6ccc5c5cd5f173e
pypiahmad_INDIA10NEW_INDIA10NEW_24.jpg,10,pypiahmad,CC BY 4.0,50798be075bed3e326750a30916025880d46e7f9d8253ce5c62832f9ab491563,2e1e1c1e16252733
pypiahmad_INDIA10NEW_INDIA10NEW_25.jpg,10,pypiahmad,CC BY 4.0,a7bcc5c0ede1e08e771c3cdbda0adf08b401cb95af7d47ce6ac637dfe109bbfa,9cdfc66c3c9e6fec
pypiahmad_INDIA10NEW_INDIA10NEW_26.jpg,10,pypiahmad,CC BY 4.0,79a363ee8b2f201e7df6fb7fa44dfe7b2b68ba8f61ca14d6707ee09609ed5aef,8d851c8c87d7befe
pypiahmad_INDIA10NEW_INDIA10NEW_27.jpg,10,pypiahmad,CC BY 4.0,41533d017e91fecfc77a4b47f2da56f692f53cb6ce71041748f51464536a2e2e,caee66319f8f6ded
pypiahmad_INDIA10NEW_INDIA10NEW_28.jpg,10,pypiahmad,CC BY 4.0,7bea72ff6341572ad529dabc8d179b13d5dfb17c279bd860d7f189c2d83a6767,68dcc4d4e0c2c2ec
pypiahmad_INDIA10NEW_INDIA10NEW_29.jpg,10,pypiahmad,CC BY 4.0,7bc79efe8a414e368130f6fe79763b3ad2bd33f8b01ce33d0bb27afb449bc736,8daccdcd8fd7dede
pypiahmad_INDIA10NEW_INDIA10NEW_3.jpg,10,pypiahmad,CC BY 4.0,39cdcad3a0f920d771e3654f90051951fa8a6d2a3c5862283dbb041305d9f7e0,7a5bf3969edfdfef
pypiahmad_INDIA10NEW_INDIA10NEW_30.jpg,10,pypiahmad,CC BY 4.0,0bda8d00c383b19666249711c17a4fe59ac2567a2c9b442db530ff8bf7173597,1e1e8dc5c58dbe3f
pypiahmad_INDIA10NEW_INDIA10NEW_31.jpg,10,pypiahmad,CC BY 4.0,b3698f805567519c427db87725ce1a04e807da6e21c590f71432f8200751de6b,8f17cc5c1c5cce1f
pypiahmad_INDIA10NEW_INDIA10NEW_32.jpg,10,pypiahmad,CC BY 4.0,a880bbb76ad7e2e1e5f1178d545f6cf348c039a7f62ba0001d8deaedeac38dff,d9d9d9d9d9e1c9f3
pypiahmad_INDIA10NEW_INDIA10NEW_33.jpg,10,pypiahmad,CC BY 4.0,244373c3cf8851e83f8ae1ae937db9aaa72f3cd5e06b46ecfda2c16e5dcfebb9,e1d1f1f9d9c9c9e9
pypiahmad_INDIA10NEW_INDIA10NEW_34.jpg,10,pypiahmad,CC BY 4.0,da91909f6729126243f5f2420adfa9b36bf865f99634391384ff3e335072658c,4fe3e1c4ce321c0d
pypiahmad_INDIA10NEW_INDIA10NEW_35.jpg,10,pypiahmad,CC BY 4.0,e7fedccd7614a7e18d439db7ab1a557f7bcff5039ec8110dd3676bdeb5f10e07,912964270b032313
pypiahmad_INDIA10NEW_INDIA10NEW_36.jpg,10,pypiahmad,CC BY 4.0,96ad0d81837798be56fdf0cc2d077d0d19860a2998d9a397f00f7d005b3e7dad,4d1c32cec4c1c34f
pypiahmad_INDIA10NEW_INDIA10NEW_37.jpg,10,pypiahmad,CC BY 4.0,b6ae320547f0ca62df2901be0452b5a01f4d3f374f0732814620dba21a8eaaec,4793781c1c18fe1f
pypiahmad_INDIA10NEW_INDIA10NEW_38.jpg,10,pypiahmad,CC BY 4.0,bfa705e76bb402065eaa7f6c94252c3b03efe7116ba446ae7bd22325c826327b,439aa6c7c7891e1f
pypiahmad_INDIA10NEW_INDIA10NEW_39.jpg,10,pypiahmad,CC BY 4.0,e74df61078f65049ce03e588a40e3cc470486c89a7fdc88d8171b849bdb6593a,e9e1c9d9d9f1f9f9
pypiahmad_INDIA10NEW_INDIA10NEW_4.jpg,10,pypiahmad,CC BY 4.0,06cbe3b5260647b0820b0da0fdac7ef63523fec8fe82eb7146100921c93c4b9b,e1c2c2c78e96a199
pypiahmad_INDIA10NEW_INDIA10NEW_40.jpg,10,pypiahmad,CC BY 4.0,7410dc5ba842e6185ed6cf79f8a2510edb65a14b7fb640d0cc78d2668d7705e0,63d884c682c24e8d
pypiahmad_INDIA10NEW_INDIA10NEW_41.jpg,10,pypiahmad,CC BY 4.0,fe5b98b3d70c8f4b262bf3fca83c637790bfa429b7bff453bd3f9a4400bd6045,e0c39c9c3874a7cd
pypiahmad_INDIA10NEW_INDIA10NEW_42.jpg,10,pypiahmad,CC BY 4.0,26fb244c1fbd0932a74b14ea24a8bbff70c50b3ae42b513e9c84651a0291f27c,988c8e92d6829af6
pypiahmad_INDIA10NEW_INDIA10NEW_43.jpg,10,pypiahmad,CC BY 4.0,406d99a69cc6810f2796d4ec950788e99b716ee9740093d49fc78645c88cb5e1,c0ce4d693b0e3e3e
pypiahmad_INDIA10NEW_INDIA10NEW_44.jpg,10,pypiahmad,CC BY 4.0,ffb541c999aa88af5e98a8e424f766f7128230e810731c204a51ad727f2d10ea,e0e6d3f3f3e3e2e0
pypiahmad_INDIA10NEW_INDIA10NEW_45.jpg,10,pypiahmad,CC BY 4.0,484aeeebc319203a8aa80d6ea1733884a5570d8a45def386288c2b2ec70554b0,78c3c0c472bcc983
pypiahmad_INDIA10NEW_INDIA10NEW_46.jpg,10,pypiahmad,CC BY 4.0,ba6d11b96aaa74ff935dc414b614b8173cbd27fadf7ac34068eede41467087d3,1627030f064d3331
pypiahmad_INDIA10NEW_INDIA10NEW_47.jpg,10,pypiahmad,CC BY 4.0,08a293377f0f87871fbfb5729e5b49e03156832c36f892d20d407eb27674d331,0b0b0f1b1b6f4edc
pypiahmad_INDIA10NEW_INDIA10NEW_48.jpg,10,pypiahmad,CC BY 4.0,a8884c175b1fc04a096d93f6ac3f4d8d3385d49b7ccafb75fcfee8656d3ffc96,60ccd5e4e6ea52d4
pypiahmad_INDIA10NEW_INDIA10NEW_49.jpg,10,pypiahmad,CC BY 4.0,56bd1bdfaeb39eb5dcb261cc13b08e3b837c1495ef8f143734c5412e47e3829e,fcc8cba28e9edada
pypiahmad_INDIA10NEW_INDIA10NEW_5.jpg,10,pypiahmad,CC BY 4.0,692748f3c4a47d0c514a3229bf6074ace09e055ff0e4bc4cb5a47abd6b5e97ae,bf9d9d9ff7f5e5f6
pypiahmad_INDIA10NEW_INDIA10NEW_50.jpg,10,pypiahmad,CC BY 4.0,63645ae799fe587a8ee59969b1b5920be3e6f4814729f246c5c29cc14b81359a,30e89cbede5a54d5
pypiahmad_INDIA10NEW_INDIA10NEW_51.jpg,10,pypiahmad,CC BY 4.0,cef5ad517f14a65f15507dfd4db9e35c2ff5df2dd85cc478109ccd7b79f575eb,f1d0b0b0a4f456d2
pypiahmad_INDIA10NEW_INDIA10NEW_52.jpg,10,pypiahmad,CC BY 4.0,ca5f335d5c73e629a9345b9281abc7aa590ff6f06751903a9680aa796be062e3,4e2c9c0cdaa3a7e7
pypiahmad_INDIA10NEW_INDIA10NEW_53.jpg,10,pypiahmad,CC BY 4.0,b6f55ee703330ee2b1de6408f188551d3b3476fcebc1b88832ab6c718f929d81,78d8d0d2c682a2cc
pypiahmad_INDIA10NEW_INDIA10NEW_54.jpg,10,pypiahmad,CC BY 4.0,95bb7dd31e8a10f223c07bf635009cbedabf8f198c7dc66f0ce26d187a7886e0,cdc5c58d89a127e5
pypiahmad_INDIA10NEW_INDIA10NEW_55.jpg,10,pypiahmad,CC BY 4.0,999c4b698d982c17fa9a6737a675339379c465d10106864e0f7a3b9e6d1c2eac,c2e1e1349c9e1b77
pypiahmad_INDIA10NEW_INDIA10NEW_56.jpg,10,pypiahmad,CC BY 4.0,19d72979e75d55cefcdbea46af3a53ddec4e0f32435c4a109c59beabbd157c48,c68e8c8e6dd9d3e7
pypiahmad_INDIA10NEW_INDIA10NEW_57.jpg,10,pypiahmad,CC BY 4.0,0602075a9dc9e6b59ecf78c811f8d2baf12cd82ffb4e6b6846afe4d68434eebc,2363e3e3e3d3c3a3
pypiahmad_INDIA10NEW_INDIA10NEW_58.jpg,10,pypiahmad,CC BY 4.0,45e0b8eb5e36d27982f9d906555090745b8493ad10996d64b936c00ca9754e7d,e6e071db9b93577f
pypiahmad_INDIA10NEW_INDIA10NEW_59.jpg,10,pypiahmad,CC BY 4.0,daab500ce75113319697b5a0968a6ce8c6ebe99bcc0263ea0566b0e85d42adfa,e3cc3ce6c0c1c649
pypiahmad_INDIA10NEW_INDIA10NEW_6.jpg,10,pypiahmad,CC BY 4.0,7a199691bcd1419aa0c57a137427d34c2fec13a433c15dc258e96feaccae849c,5b63e7e64f6b77f6
pypiahmad_INDIA10NEW_INDIA10NEW_60.jpg,10,pypiahmad,CC BY 4.0,357fa18226b29521bae0033c540f6606bc0d0a6d4d936c0b6dd09b2306f560bf,c696cfcf93d393a7
pypiahmad_INDIA10NEW_INDIA10NEW_61.jpg,10,pypiahmad,CC BY 4.0,1d855165b63be6e72fd9b11de98fd37aabcf2fa551f8040b3cce061fb4a5e60f,cbc1701c1c88861a
pypiahmad_INDIA10NEW_INDIA10NEW_62.jpg,10,pypiahmad,CC BY 4.0,e04bc6f77efef6e38b1a3719955146afdc136b51caa4d28c6d8f77784470ce81,c9d0a0c7c7819018
pypiahmad_INDIA10NEW_INDIA10NEW_63.jpg,10,pypiahmad,CC BY 4.0,20c3662ce4bc4f3f4fc79069c1960b839504029610474b90127d70cecfc23b9e,e971c9c9c9f1f1f0
pypiahmad_INDIA10NEW_INDIA10NEW_64.jpg,10,pypiahmad,CC BY 4.0,0808f3d806ea7bc6456ecbe43f8ae956f77cdbc5e9b5fb7f46a4b986a48e9bfd,e16161c94dc9f1f8
pypiahmad_INDIA10NEW_INDIA10NEW_66.jpg,10,pypiahmad,CC BY 4.0,afe95a83b2a0373c3c41acb4ec3c54500384e73d58f864c32d95e3353dd5c39e,c9d29198dce4f0c0
pypiahmad_INDIA10NEW_INDIA10NEW_67.jpg,10,pypiahmad,CC BY 4.0,0162403e843b6dbc16cfebde034ac3f49b74da4b9555e64a7061831556a4035b,c97c30c8cc89c2e0
pypiahmad_INDIA10NEW_INDIA10NEW_68.jpg,10,pypiahmad,CC BY 4.0,51eb3566a92690279f8ec73ebbf186d998248b0c02175402b7f18ffb11e8c889,4f2b6131317111f0
pypiahmad_INDIA10NEW_INDIA10NEW_69.jpg,10,pypiahmad,CC BY 4.0,b29fd63300860aea599335a781badb04142ca805f12abb31fb5a2809ad46d5ee,6532c1c5c5c1f040
pypiahmad_INDIA10NEW_INDIA10NEW_7.jpg,10,pypiahmad,CC BY 4.0,17197e56de20229c672f3f4ebe0614106be8cea1c1ee9fcc5399a89651cb351c,6667434fc6cdf7f7
pypiahmad_INDIA10NEW_INDIA10NEW_70.jpg,10,pypiahmad,CC BY 4.0,cdc1af22acb173b0f8ad5ffed4cea4ca7ab88fd91297731404986d902540c2c3,cd72465c5c64e240
pypiahmad_INDIA10NEW_INDIA10NEW_71.jpg,10,pypiahmad,CC BY 4.0,53f3dbc1e430aa64d75eb5d5c4fc14b1e28b7c29fd4a47dc7ad14f40726fd137,e9d1f1c1c9c9c0e8
pypiahmad_INDIA10NEW_INDIA10NEW_72.jpg,10,pypiahmad,CC BY 4.0,4262ebf9985e82ea97bfd6225fb815234953b154c1cbd72f1363a95efc7a2473,67fcf0e2e8a08005
pypiahmad_INDIA10NEW_INDIA10NEW_73.jpg,10,pypiahmad,CC BY 4.0,842de43cf96d100fca58d202af1f92a965807d2120bcbf4aed998be78e04aa1e,e9c9c999f1e1e1e0
pypiahmad_INDIA10NEW_INDIA10NEW_74.jpg,10,pypiahmad,CC BY 4.0,735dfe10dca88495d8b8789d80cd1de386f5fe6cd11aa806e25c955dcd5bbf27,4d62e1c4ce6274c1
pypiahmad_INDIA10NEW_INDIA10NEW_75.jpg,10,pypiahmad,CC BY 4.0,cfa064dc5c0cf66c71e8d15c0c34936e7e4bfef49ce43ce927728e22f287656f,d9d4e6cec4e2e2e0
pypiahmad_INDIA10NEW_INDIA10NEW_76.jpg,10,pypiahmad,CC BY 4.0,f9d1697c7982dc2bb90b92f7ed23cd4843725ac9596f3aa491012a809e7c146b,b838e8eaf1c9e8a0
pypiahmad_INDIA10NEW_INDIA10NEW_77.jpg,10,pypiahmad,CC BY 4.0,32fd5c5b0986c90bcc3e746099563424ed2711e8e2e812a997d20616b54e039f,4fc39198dc7c1809
pypiahmad_INDIA10NEW_INDIA10NEW_78.jpg,10,pypiahmad,CC BY 4.0,ec77f52e5be405416831e653454103efaa5e42c3acc9b4637c10b94972a66ab7,0f0b1d3d3d5db8f8
pypiahmad_INDIA10NEW_INDIA10NEW_79.jpg,10,pypiahmad,CC BY 4.0,7a16867349884ba18f08a87254b98d4d39f33267c98ff4ef5f97232873e93293,7d0c495353419958
pypiahmad_INDIA10NEW_INDIA10NEW_8.jpg,10,pypiahmad,CC BY 4.0,1644f45734fe147b12e1e99c482838fc1308752b0059921db9c41dc3c78d56a4,b93979f9f969edf8
pypiahmad_INDIA10NEW_INDIA10NEW_80.jpg,10,pypiahmad,CC BY 4.0,0f3a08ad12c994bf3bc7f7858597cd88357bee4c6337fdc36f98c98df3d66d3c,989c485252c29af8
pypiahmad_INDIA10NEW_INDIA10NEW_81.jpg,10,pypiahmad,CC BY 4.0,2cbbe663fc8d608ea061e27e1184c2919a151168f6cf89044f9a172bc32fe93f,c8c64d693b0e0705
pypiahmad_INDIA10NEW_INDIA10NEW_82.jpg,10,pypiahmad,CC BY 4.0,8b8788da3c35dc848168b3ac4f69e4b931a44a071c192082eed38f7579d4984a,e0667373fbff62a8
pypiahmad_INDIA10NEW_INDIA10NEW_83.jpg,10,pypiahmad,CC BY 4.0,6f062fb9b2d3a95abe2a5d5713d91ce13e377dc32023f0fe2980a0cfa5c847be,290b0b0b090f4ecc
pypiahmad_INDIA10NEW_INDIA10NEW_84.jpg,10,pypiahmad,CC BY 4.0,36342a1c987ef99cb7261793e842df2dfc11770f99b9781c8656d05028de8ff4,e1f868686808d8e8
pypiahmad_INDIA10NEW_INDIA10NEW_85.jpg,10,pypiahmad,CC BY 4.0,b3a9481af19606f1bc1e91c5bf147102c4324605df281fcac5fbb635e588cb27,43c08cb0b898410f
pypiahmad_INDIA10NEW_INDIA10NEW_86.jpg,10,pypiahmad,CC BY 4.0,558d11f21a6b08adb5288ce68d9e02df82cf1e0534f6d4fa6e46b8aec6c6f0cf,fccc34343c6c6e3e
pypiahmad_INDIA10NEW_INDIA10NEW_87.jpg,10,pypiahmad,CC BY 4.0,63aa9081c6e1d3edb24b0af6eec6631f0a494900f2e34c849e699ca77f826180,68c8e0c0ccc4a5a3
pypiahmad_INDIA10NEW_INDIA10NEW_88.jpg,10,pypiahmad,CC BY 4.0,1dead6b7698f461a69d2356f1c3d1558990ad85d0e04233acadbb5006295e9d7,f8d4468e8c8484a4
pypiahmad_INDIA10NEW_INDIA10NEW_89.jpg,10,pypiahmad,CC BY 4.0,3f97d723c83a45acb8ba058da8e20538c6137832f889c09d9b4be43bb94d26d3,6d1c38f8dc99c34f
pypiahmad_INDIA10NEW_INDIA10NEW_9.jpg,10,pypiahmad,CC BY 4.0,d28c469c8ba3d693c5dffbd1f4913ea6d2252976d3d08fb4c73b7cd85cc64954,5f2f7dbd3d7dbcfc
pypiahmad_INDIA10NEW_INDIA10NEW_90.jpg,10,pypiahmad,CC BY 4.0,d84831bf31dda5387e9baf5108cca6ebf7b33954885ebb50c40d405dcd5e5dde,444e6d6103073521
pypiahmad_INDIA10NEW_INDIA10NEW_91.jpg,10,pypiahmad,CC BY 4.0,980bf0a705c83fdb85addbf422b5e14eac23440eea7f5e6809936bc70a75a689,b1e48c2e9486c2d3
pypiahmad_INDIA10NEW_INDIA10NEW_92.jpg,10,pypiahmad,CC BY 4.0,03405e04249a8909e43a576db7c55c72518233c5b9296364dd9f43d6d3df6bab,78d9b8b0a486d692
pypiahmad_INDIA10NEW_INDIA10NEW_93.jpg,10,pypiahmad,CC BY 4.0,0eed58d2d848f9a2f6ca255cd54470eb89c2ace5ad0e6d87999575e4c4977082,ca7c1c1c8ca323c6
pypiahmad_INDIA10NEW_INDIA10NEW_94.jpg,10,pypiahmad,CC BY 4.0,f9256330f69607decbba0eb0f9f425eaaa3e75d35164486e237e177577c5692d,c9c5c7c788a902c6
pypiahmad_INDIA10NEW_INDIA10NEW_95.jpg,10,pypiahmad,CC BY 4.0,24a8e8233e2f21d3153c7ff39d90ddd19d6996278d3f6e5d559d6a10add54b99,81e1e49e8fc173f1
pypiahmad_INDIA10NEW_INDIA10NEW_96.jpg,10,pypiahmad,CC BY 4.0,8917b37d2f7bf38bf9ce88b95e7f661ce4e18bbe3f6e350b9064ee5774b8c11f,e1ae8c8ed3b1b3b2
pypiahmad_INDIA10NEW_INDIA10NEW_97.jpg,10,pypiahmad,CC BY 4.0,554f9a73394fcec011e1a4315ed9d178d721db7318c2ea3355a173add2b4c8e3,81e193cbc39160f1
pypiahmad_INDIA10NEW_INDIA10NEW_98.jpg,10,pypiahmad,CC BY 4.0,9c92d344aa5de2ce23da7133a0ab02fefc4c92938fa89a531e339de5f2b870d6,e2f868686858d8fa
pypiahmad_INDIA10NEW_INDIA10NEW_99.jpg,10,pypiahmad,CC BY 4.0,beef1ce132dc1f69b5d9f572bfa2bae82bc70b7d300e60aa5893cda88be71456,f0cc3c343474797b
pypiahmad_INDIA10OLD_INDIA10OLD_1.jpg,10,pypiahmad,CC BY 4.0,1fe8f114ef874eaf76f56e1273e14bd7aaeaeb0dc26aedad6d1ea41457f9198a,596acec8cbcb5b5b
pypiahmad_INDIA10OLD_INDIA10OLD_10.jpg,10,pypiahmad,CC BY 4.0,8209c17177c49366712993240f66d24bf891b472fcb5e06c1e65cbe8d3e317b0,8c1c3aecc893c7cd
pypiahmad_INDIA10OLD_INDIA10OLD_100.jpg,10,pypiahmad,CC BY 4.0,90f34dfdff4dd9322f543ce98c8ac40988a6fc99de23b0ba18af200b082e05df,f1f161616168e8f0
pypiahmad_INDIA10OLD_INDIA10OLD_101.jpg,10,pypiahmad,CC BY 4.0,9f9faf648cc9802d58b1f2bfb5497304203d2bc661733d79e8219870f2ddfcdd,c9c101887cb89cac
pypiahmad_INDIA10OLD_INDIA10OLD_102.jpg,10,pypiahmad,CC BY 4.0,a1f3e725a64e463daad267f87c9a433ee850b54190a08b9d01964c8a0746d3c7,6c4c782c889183c2
pypiahmad_INDIA10OLD_INDIA10OLD_103.jpg,10,pypiahmad,CC BY 4.0,c3392de2b7e82f972542525208da2be7a67c7c29b63ca9f1fc97cfcfc02f1c48,fcb8f585c5c5ce8e
pypiahmad_INDIA10OLD_INDIA10OLD_104.jpg,10,pypiahmad,CC BY 4.0,7c2a69c8534f44567910dd64e5d5e99b0336dad5f5756261a7fd03392067325e,8cb8b8bab68686b6
pypiahmad_INDIA10OLD_INDIA10OLD_105.jpg,10,pypiahmad,CC BY 4.0,354b5cb7c402c0f8be258f5f5ae48a9cd00e3ee7df4aead37c8f2f6e665d80f3,8839b0c0c0407a02
pypiahmad_INDIA10OLD_INDIA10OLD_106.jpg,10,pypiahmad,CC BY 4.0,d209a7833daeed3c9532a9811f93220539054d384e8f8cbfad4ad250413b50bf,b031c9c1c0c01198
pypiahmad_INDIA10OLD_INDIA10OLD_107.jpg,10,pypiahmad,CC BY 4.0,c09d5f8b9fca4cc69c0f1aeef5ca8e125524fa5b355c6088f961594e7afe4746,3bb3f0f870f03b9f
pypiahmad_INDIA10OLD_INDIA10OLD_108.jpg,10,pypiahmad,CC BY 4.0,8225495c5d315237ab44519046589af32d1d82597cf000cc32c1480ebec75abf,240c48c0c0c04086
pypiahmad_INDIA10OLD_INDIA10OLD_109.jpg,10,pypiahmad,CC BY 4.0,57616aefa48b82d70c9b52d53d8957d61de8022492d9737b97f4a84b6e848fa6,636140484e04040c
pypiahmad_INDIA10OLD_INDIA10OLD_11.jpg,10,pypiahmad,CC BY 4.0,0441b9165c4e4c0fce5153ccdce5794090e5faa163123ca00b913dcc91ceb72c,6979696969616171
pypiahmad_INDIA10OLD_INDIA10OLD_110.jpg,10,pypiahmad,CC BY 4.0,007a003bd95890841c34113910a997896a4dc6b6380ca665bbfd672949056063,bc58b8b49c1c0436
pypiahmad_INDIA10OLD_INDIA10OLD_111.jpg,10,pypiahmad,CC BY 4.0,1f5a7fc5ddbcc6c24f1babdf46981959c0c063185e99099272e4b927fb6d5071,fdce868684e4d292
pypiahmad_INDIA10OLD_INDIA10OLD_112.jpg,10,pypiahmad,CC BY 4.0,a2ba89d891648fb43f4441ddbdc3ca887f0bd79278371119571b335d0705771e,e0e6e6d2e0cc81a5
pypiahmad_INDIA10OLD_INDIA10OLD_113.jpg,10,pypiahmad,CC BY 4.0,dfa5f9d7608e077414898af21cfeee21c7cc66030f44c8a0c57effc179af3a58,e0c0c2d2c0ccc5a1
pypiahmad_INDIA10OLD_INDIA10OLD_114.jpg,10,pypiahmad,CC BY 4.0,5391104c7065caf358d8ac9e6950fffe048a9d7da4f14ad020fe96fe865003ea,f1c4a49cccc4a525
pypiahmad_INDIA10OLD_INDIA10OLD_115.jpg,10,pypiahmad,CC BY 4.0,d218276d057c641cdb5b7d12e18e5a02ac1f4399c4d0035c67c115cd461b6f74,bcc683caaa8bcccc
pypiahmad_INDIA10OLD_INDIA10OLD_116.jpg,10,pypiahmad,CC BY 4.0,f88cd580ac9002c649eff6220604237821396d0c2e4fe11fd0b52847747b7f16,959cae8caba9c6c4
pypiahmad_INDIA10OLD_INDIA10OLD_117.jpg,10,pypiahmad,CC BY 4.0,1129904cefc8cea48621f55851e1eec41a88ff40795bbcba06bcc9adc586600f,1d0286e6cbc1b0d1
pypiahmad_INDIA10OLD_INDIA10OLD_118.jpg,10,pypiahmad,CC BY 4.0,51e64a95f3b06d48b91cbfbb865f56d1289f218ad847d6a07186ceba5f1104d9,b5e9cf8f8792b6a4
pypiahmad_INDIA10OLD_INDIA10OLD_119.jpg,10,pypiahmad,CC BY 4.0,ea236745762c336576b2d39bdc516b4fcba31eacdff83435f7c42e45ed7fec09,c5c1e3d68e83f0d1
pypiahmad_INDIA10OLD_INDIA10OLD_12.jpg,10,pypiahmad,CC BY 4.0,46f732bedcdb5a265371a920bedb00e98521f4514d0b9f507ddfbe52253a189f,6961616969696979
pypiahmad_INDIA10OLD_INDIA10OLD_120.jpg,10,pypiahmad,CC BY 4.0,fb4257a4ba1db0ad8ab06d43cf9ba394ba08f088d3c2c87546b1b34c4e90af0c,5c358f8c87939290
pypiahmad_INDIA10OLD_INDIA10OLD_121.jpg,10,pypiahmad,CC BY 4.0,22471caaea4044ef0644e2e9c61d773b00fcc4bec6898f441303b2fc9f8fa75f,180c4d898b090c09
pypiahmad_INDIA10OLD_INDIA10OLD_122.jpg,10,pypiahmad,CC BY 4.0,f591a0c5ac54424d29302309bfc71d4df994e229bb0625a55b63b4872ad8d079,18092c2c0c0d0819
pypiahmad_INDIA10OLD_INDIA10OLD_123.jpg,10,pypiahmad,CC BY 4.0,11455663ee9e716f7f14087fe57335a2501021bdcbc6cbaff54a9907e594d49c,36363616161e1e1e
pypiahmad_INDIA10OLD_INDIA10OLD_124.jpg,10,pypiahmad,CC BY 4.0,f19339ca91b844fac270bceb5dfcf738b7afe778b80c99eb7d4c9989e2984157,0e0e0c1e1e363727
pypiahmad_INDIA10OLD_INDIA10OLD_125.jpg,10,pypiahmad,CC BY 4.0,01d6de5e94394ed5790e7d776394eabea1106d153537f4888801edbefda68c4f,90584c061b070312
pypiahmad_INDIA10OLD_INDIA10OLD_126.jpg,10,pypiahmad,CC BY 4.0,93ee05f4b038f0d4706e87ecc4dfa65b8c1c2dbbf6a4ff10936decebe6038694,1223031b0e4c1931
pypiahmad_INDIA10OLD_INDIA10OLD_127.jpg,10,pypiahmad,CC BY 4.0,b9e69d1e7db513c48df2edc53b88b7f78e16fe82f9b45540c11479ca22b0f949,08110d0c2c090113
pypiahmad_INDIA10OLD_INDIA10OLD_128.jpg,10,pypiahmad,CC BY 4.0,2b64810f538cce2c4f9f55205fdb037d8b3831e081b02a50c53d6edc32ae3c7d,0830090b0f110911
pypiahmad_INDIA10OLD_INDIA10OLD_129.jpg,10,pypiahmad,CC BY 4.0,c5b4c1c3a8bc374b3e9182fbf506ade9aa1f34c3479432926a5e00600449f7b1,36161e0e0e362737
pypiahmad_INDIA10OLD_INDIA10OLD_13.jpg,10,pypiahmad,CC BY 4.0,db0d984799653f1c9504e9ddafe2ac022fb3fa4cf81289bb6893e9636a36a00f,9fed8587c5d7dfff
pypiahmad_INDIA10OLD_INDIA10OLD_130.jpg,10,pypiahmad,CC BY 4.0,937a2b190be3436437d89b36d17e3a64f60a0103a4d35404120fef99b4f8db56,3632361e1f0f2737
pypiahmad_INDIA10OLD_INDIA10OLD_131.jpg,10,pypiahmad,CC BY 4.0,e05595bf68f6bb0b76d76c6b7ab5accd740c431bad46d4094e1b823c66c21207,13190e0f1d190713
pypiahmad_INDIA10OLD_INDIA10OLD_132.jpg,10,pypiahmad,CC BY 4.0,19066336b0fe8caba0457633a46bf0c4498e07471803477d28fb4bdeed00117f,16060c1d1f1f1b13
pypiahmad_INDIA10OLD_INDIA10OLD_133.jpg,10,pypiahmad,CC BY 4.0,47c79b336a86c1e79ed88ff24e88c1201d4f293e4dd7c4c09c63204ebdf82bb6,b1618587838783c1
pypiahmad_INDIA10OLD_INDIA10OLD_134.jpg,10,pypiahmad,CC BY 4.0,45b10b6d9c07d2fac9509576c0b60c0dfc4629814f3d5956f5dcaaefc3e44fe1,1931313b33071131
pypiahmad_INDIA10OLD_INDIA10OLD_135.jpg,10,pypiahmad,CC BY 4.0,958d8aa9671893e65bad7811522ca13dd4ce46e2bd9accdd327ea5ad99bc68f8,383870c060607010
pypiahmad_INDIA10OLD_INDIA10OLD_136.jpg,10,pypiahmad,CC BY 4.0,2526cd577c1fd698a59a3a7f29c81f6f933019346a514e5c352ba456878b149e,3131617171611121
pypiahmad_INDIA10OLD_INDIA10OLD_137.jpg,10,pypiahmad,CC BY 4.0,95624ad9a226b13a5484f6965ed8fd8c788daf90713f71e99513d8d43540a527,33b3f1e161e16303
pypiahmad_INDIA10OLD_INDIA10OLD_138.jpg,10,pypiahmad,CC BY 4.0,31761c925905f97ea08ac9c478744a964ca8a06cdcec867def112b4ee0448be8,256d6971616171b1
pypiahmad_INDIA10OLD_INDIA10OLD_139.jpg,10,pypiahmad,CC BY 4.0,34be27d7233147d163345b02f1af3ee232a5bbb9434f5a85179d3c2e82fa2146,3261404044146020
pypiahmad_INDIA10OLD_INDIA10OLD_14.jpg,10,pypiahmad,CC BY 4.0,2eed4b70e3e83fcf1d77ff8ea7417ee4cdf0637cf3120120767178879383a58f,9eb2a6bab6a696b6
pypiahmad_INDIA10OLD_INDIA10OLD_140.jpg,10,pypiahmad,CC BY 4.0,b6b7afc7844b6217afb02ece46a961bdcd29ff6f3d78d1242440c451bc226eec,5541311517476727
pypiahmad_INDIA10OLD_INDIA10OLD_141.jpg,10,pypiahmad,CC BY 4.0,8f5efb0b2e3d1ae3e9328b03149be679d6a31023cf2b51c657ed082868e507a2,4c0d0c042407131b
pypiahmad_INDIA10OLD_INDIA10OLD_142.jpg,10,pypiahmad,CC BY 4.0,ec48e84900235e587b61d2aff2af2e46e1d6abfa3d9c028909ada0a7d8b5e414,64674551421b2727
pypiahmad_INDIA10OLD_INDIA10OLD_143.jpg,10,pypiahmad,CC BY 4.0,e76a32290a434d54d4e960e82a46ce2661bf0922aedaaeba3a8d7e38a53ef4a6,98c743d3430d3737
pypiahmad_INDIA10OLD_INDIA10OLD_144.jpg,10,pypiahmad,CC BY 4.0,7b4ffe4e8b0c8cb60736ceab53e9707b0bcd64706ccd05c463f392af8dcde0bb,8605351d0f0f1737
pypiahmad_INDIA10OLD_INDIA10OLD_145.jpg,10,pypiahmad,CC BY 4.0,8b9845a018c5d3e951fb242b0354e37eb616d0a9a5d51320bbe5fedc64f26cda,305f898b0f2f2e2e
pypiahmad_INDIA10OLD_INDIA10OLD_146.jpg,10,pypiahmad,CC BY 4.0,11976e7eaef6da112c4fffa7e36bb264a9f8074a7edc1af635dc5a488d92bc47,050d0c0c0f2f6e5e
pypiahmad_INDIA10OLD_INDIA10OLD_147.jpg,10,pypiahmad,CC BY 4.0,3dda06ee1bc76e1781a8621dc56ed2a31d8171045946f216b39120cb4ec404c4,dbcf66574f0dfd9c
pypiahmad_INDIA10OLD_INDIA10OLD_148.jpg,10,pypiahmad,CC BY 4.0,5bc8442cf840ef9d1894a08811f7ad6fd65087f347da56190f17996eb8c30eb6,83780b87271d1c1e
pypiahmad_INDIA10OLD_INDIA10OLD_149.jpg,10,pypiahmad,CC BY 4.0,7c303f61206c7162169e592f3d584fa7a4e61ab202036ec4abd051c123c812fe,d9ef671e1e29fd9c
pypiahmad_INDIA10OLD_INDIA10OLD_15.jpg,10,pypiahmad,CC BY 4.0,3915012bac8dd54348d0eb81c2db8c6419bd2c10c3098448c3ce0e3525abe097,e8b8a0c0e0ece4fc
pypiahmad_INDIA10OLD_INDIA10OLD_150.jpg,10,pypiahmad,CC BY 4.0,19951e0cace1ec10e4792455da95e6cc26acd4f5994969d5e8f34eef165bd2e8,e3190c0e17173c3c
pypiahmad_INDIA10OLD_INDIA10OLD_151.jpg,10,pypiahmad,CC BY 4.0,b316e33b9ddc494741a297d764f1de9767bd573932042324d214500ee94b6e7d,5647cbc3aaccc2e2
pypiahmad_INDIA10OLD_INDIA10OLD_152.jpg,10,pypiahmad,CC BY 4.0,cde98e007f211274e329d14e4b5a261ef219033318b131aa2e87728a9dfd241a,544fcb574dcde2e3
pypiahmad_INDIA10OLD_INDIA10OLD_153.jpg,10,pypiahmad,CC BY 4.0,99aee189ec51cfa771ce9ae7cb506ffe29f1d19a7547c5689b56ae74fd60f52e,b4b40c2c7971c4c2
pypiahmad_INDIA10OLD_INDIA10OLD_154.jpg,10,pypiahmad,CC BY 4.0,65965265f7a85b3f95c6dd4b01e548a51e9d098692ef7e7c2b1512cb3984616c,548cac5424e6e361
pypiahmad_INDIA10OLD_INDIA10OLD_155.jpg,10,pypiahmad,CC BY 4.0,3869503b930f9ad2ddb521568c75125891004ce0f5b1fd5071fd64e1df3c8491,2467cbcb4fe4a0c4
pypiahmad_INDIA10OLD_INDIA10OLD_156.jpg,10,pypiahmad,CC BY 4.0,07e9cfa6a2e286a45e8c66b99f4abbc91d036a078bf64e61ce5ec899c7301c96,26251c2c4caa8885
pypiahmad_INDIA10OLD_INDIA10OLD_157.jpg,10,pypiahmad,CC BY 4.0,3249495ac1500bc5a402a9efcabeeeed774e5b7e754176110dc4c6995b454ff3,c449cb8d2c6e7e3e
pypiahmad_INDIA10OLD_INDIA10OLD_158.jpg,10,pypiahmad,CC BY 4.0,635fceeaf77a0c3c212936eec032b82f4b1c0bed71231a98d2a9ad16cd34280d,c41d6c0d266e7e36
pypiahmad_INDIA10OLD_INDIA10OLD_159.jpg,10,pypiahmad,CC BY 4.0,91cc39b7a7c3bd02c049e6deae68ee0db42950d83f2c47a4ab924a34c3c99c8c,aa302080c0c357d4
pypiahmad_INDIA10OLD_INDIA10OLD_16.jpg,10,pypiahmad,CC BY 4.0,66a3b83dcdef2229dc91a224a91606867f9e03feef207bc345e5756b3e5f8aa4,b2b8f8f8d8e090ba
pypiahmad_INDIA10OLD_INDIA10OLD_160.jpg,10,pypiahmad,CC BY 4.0,9c047c8a303a7db48bedc67bcac2754847e1d5dee974e9c2097b5a2f72a89055,5ab9b17163a7272f
pypiahmad_INDIA10OLD_INDIA10OLD_17.jpg,10,pypiahmad,CC BY 4.0,2a0a484e86f245f6f62531c5956bba254d0b2eef249b60ae49e85bb9d17e4b41,fbf3f6e8ece8f2fb
pypiahmad_INDIA10OLD_INDIA10OLD_18.jpg,10,pypiahmad,CC BY 4.0,40d900b14452df048a5c507785fe6ee9096c35ec943fea3c7b5c54873cdeb00c,a4ace8e0f8f8f8fe
pypiahmad_INDIA10OLD_INDIA10OLD_19.jpg,10,pypiahmad,CC BY 4.0,e5bb14e9dd891f3d3feb10aa02d043a36a6eca2dad2e391fb04f5775a8b1bea9,0320644cee94b42e
pypiahmad_INDIA10OLD_INDIA10OLD_2.jpg,10,pypiahmad,CC BY 4.0,32483a6966040ee1289fada635e428bf357d6e67577a09e1b0f90b64b03b2458,5ecaacaeac9e7474
pypiahmad_INDIA10OLD_INDIA10OLD_20.jpg,10,pypiahmad,CC BY 4.0,7ecf95925d8f2eab1c95a80245f4e84f7880873d4643071f4c6ea6db96e83f80,9ec098969ea6b6b6
pypiahmad_INDIA10OLD_INDIA10OLD_21.jpg,10,pypiahmad,CC BY 4.0,cc1c96b9b96d6ad43fb687ca2dad24879cf4e83c1e31190e3f883a9372d92538,2ace898a8ba3e6e6
pypiahmad_INDIA10OLD_INDIA10OLD_22.jpg,10,pypiahmad,CC BY 4.0,0928b8ba8ad1a799c5ec8ab61c48baa670798a26a24792ef3ad23d5e8bce32dd,178dac0cddf1e7e6
pypiahmad_INDIA10OLD_INDIA10OLD_23.jpg,10,pypiahmad,CC BY 4.0,6b6e8de9dc62f3eb9513db9574acb65689a3127d34707937d9a017438ce15882,f0cc8c8cccd4e5a1
pypiahmad_INDIA10OLD_INDIA10OLD_24.jpg,10,pypiahmad,CC BY 4.0,834e2f21dc578efdd752450091b75b8cfdae4c0ffa579f41d7fcb85d7e28ea94,f8e4c6d6c2ceb4a4
pypiahmad_INDIA10OLD_INDIA10OLD_25.jpg,10,pypiahmad,CC BY 4.0,7174937493b3a58001f0a866b4a0ec1c6123cad3e1f4664bad4dc497674defbd,e1f0d2d2c4ccbda5
pypiahmad_INDIA10OLD_INDIA10OLD_26.jpg,10,pypiahmad,CC BY 4.0,f21ee2fa520105a15ac905d306624b7b4dd05a8c9fd393a48b1240734bb8dfdd,fcd0b2bc9a8e9ca4
pypiahmad_INDIA10OLD_INDIA10OLD_27.jpg,10,pypiahmad,CC BY 4.0,557d59a2a5aabcbcd15201f9a8eb973fe63a6a8d148fb328c577dc9879ec162a,0780c9e6be9f1b73
pypiahmad_INDIA10OLD_INDIA10OLD_28.jpg,10,pypiahmad,CC BY 4.0,cd84081ceb2dbf557ae2c241b78a8c3707ca784f36b0d4b4b6c7b59a74948ff3,b087878dc7d3f3e7
pypiahmad_INDIA10OLD_INDIA10OLD_29.jpg,10,pypiahmad,CC BY 4.0,8c354ea9c656aacfbb71f2a60fda5ea1215ac7c8598cf96e856f15beb8d13081,0d82e2fcbc899776
pypiahmad_INDIA10OLD_INDIA10OLD_3.jpg,10,pypiahmad,CC BY 4.0,b2dbe797f9f3e8d30b519dd19c4000ca4c9adadafd1eb8b72200f052a62faa36,6061e161e1f17070
pypiahmad_INDIA10OLD_INDIA10OLD_30.jpg,10,pypiahmad,CC BY 4.0,85cad0e0aa29f5fd8d94cc733d143691343c057568da12467ed0f7a50d4aee71,b1118e8c86d3e2a7
pypiahmad_INDIA10OLD_INDIA10OLD_31.jpg,10,pypiahmad,CC BY 4.0,e2853fe5d9cd911cf309cb0e87fab00cf7833b203ee04bb9298df9aa4bf4b41f,adedcfcbcb7f6d7f
pypiahmad_INDIA10OLD_INDIA10OLD_32.jpg,10,pypiahmad,CC BY 4.0,3a008cdf0f1770f2025aa09e6f8de37326a789cbf4b95d1421f3d69adf558c50,acac3e6e7eff7f7f
pypiahmad_INDIA10OLD_INDIA10OLD_33.jpg,10,pypiahmad,CC BY 4.0,98d6147f4651f8f286ee11715a026e5c9d834a2730ffeb426057292fc7f51931,767666965e1e5f5f
pypiahmad_INDIA10OLD_INDIA10OLD_34.jpg,10,pypiahmad,CC BY 4.0,611ca2b82bbacf1de318a7b1385875ca449f56c3fa5ec1da1bc1b9e293c56ee2,fccd8dbdbd7d7f37
pypiahmad_INDIA10OLD_INDIA10OLD_35.jpg,10,pypiahmad,CC BY 4.0,b9998b77817551047569f845891ddf71d1790234545e386325fc65cd3dcc59d2,3edec6c67f777f7e
pypiahmad_INDIA10OLD_INDIA10OLD_36.jpg,10,pypiahmad,CC BY 4.0,8138a34d369695fdb76a95ff7e826fac685233d4230b8aa11b3901e636b2021d,2f6bc3db6eff7f3e
pypiahmad_INDIA10OLD_INDIA10OLD_37.jpg,10,pypiahmad,CC BY 4.0,e9432d4d87fe3af8c775fcec7924f49b8e3a020a898d9ffc3fae6114f78bd804,6ffb8cac6c7f7fff
pypiahmad_INDIA10OLD_INDIA10OLD_38.jpg,10,pypiahmad,CC BY 4.0,dbf30efbf4538c0331d736c67bb3a4804371385e05c27d37432770e1f5389b04,6f7ecfcfdf5f7fff
pypiahmad_INDIA10OLD_INDIA10OLD_39.jpg,10,pypiahmad,CC BY 4.0,f719f708e554f64f2cd1ce199292428d4e3aaf9b17172de710745b71cddbd192,785e5e1e3e7676ff
pypiahmad_INDIA10OLD_INDIA10OLD_4.jpg,10,pypiahmad,CC BY 4.0,bc145abe7fb7e8565fd50b6616e02921f124a9fdd2f5942cd7c11aa5364c8378,f0e1616061616161
pypiahmad_INDIA10OLD_INDIA10OLD_40.jpg,10,pypiahmad,CC BY 4.0,4b397d4d598576a88d45b168eb7a578eb50ede5d02509a08f0690e9cc62ff163,7072761e1e7e7e7f
pypiahmad_INDIA10OLD_INDIA10OLD_41.jpg,10,pypiahmad,CC BY 4.0,e5f4a8a5002cb1e153e46ced7ae6b5add5767dd1687d6c785fb65b13adaed07c,5ededeae5d7c7eff
pypiahmad_INDIA10OLD_INDIA10OLD_42.jpg,10,pypiahmad,CC BY 4.0,89a36c76cd02e51214e8b6798eb4cd441d1a1a062b54b77b65540aa3ec9d35d2,6c6edcdddfdfdfff
pypiahmad_INDIA10OLD_INDIA10OLD_43.jpg,10,pypiahmad,CC BY 4.0,a63ccf49dbc57d51c01367e0aa19209ac8a5a8f09454d31c71e0662d2419548c,997969ecedfcfefe
pypiahmad_INDIA10OLD_INDIA10OLD_44.jpg,10,pypiahmad,CC BY 4.0,5b8832d7e88ac1acaed2a6fd3559a495bff1002451eeea19156599b61f514e2b,3979d9d9d9fbdbbf
pypiahmad_INDIA10OLD_INDIA10OLD_45.jpg,10,pypiahmad,CC BY 4.0,15436b3429cc212747a9600e773a755d3517e08ff3003801d423b30c81e52158,fdedc597dddfdfff
pypiahmad_INDIA10OLD_INDIA10OLD_46.jpg,10,pypiahmad,CC BY 4.0,11d569d06084f9ef764a10f6a552da0d1d2cb1a3ec00966da408e9a0434a6e36,1db13f3f3fbf9fbf
pypiahmad_INDIA10OLD_INDIA10OLD_47.jpg,10,pypiahmad,CC BY 4.0,18b641e7dc1b87cb41d27ab767dd056bf7ef8ac7ecef392c6dad48f1a2524a47,0e25644c6e9c777f
pypiahmad_INDIA10OLD_INDIA10OLD_48.jpg,10,pypiahmad,CC BY 4.0,87b543d5a8414a3629972271a1c643c4e229d7bf6a206e0e218aff0779f9b8fe,df4d5997dfffff37
pypiahmad_INDIA10OLD_INDIA10OLD_49.jpg,10,pypiahmad,CC BY 4.0,f21890cb991c13dfc4d096afb3349073f1fcd375dae8bb04998f73445c061236,fbf3feeffffdfbff
pypiahmad_INDIA10OLD_INDIA10OLD_5.jpg,10,pypiahmad,CC BY 4.0,fe7987fc4eb896b9983bb541bcbf141709f436526cb941ede4aff57b021b8119,4dc782c96c36dce9
pypiahmad_INDIA10OLD_INDIA10OLD_50.jpg,10,pypiahmad,CC BY 4.0,90781eef0e26de2b7ba1a9b4fe7e04c3f4f7add14edc91dd3abc67da5ca29f64,256d69fcfcf9fdff
pypiahmad_INDIA10OLD_INDIA10OLD_51.jpg,10,pypiahmad,CC BY 4.0,5cd46b9f816d6bf355836b154386e12c05c1b7dab7ce9f770166f2a336c35778,e90f1f0787afcf9f
pypiahmad_INDIA10OLD_INDIA10OLD_52.jpg,10,pypiahmad,CC BY 4.0,1c9d5cc7272fd0e8877841b80cf61bce13c1778aaaf1969648cbbdfcd70847e8,f476d2e3f3cb9b13
pypiahmad_INDIA10OLD_INDIA10OLD_53.jpg,10,pypiahmad,CC BY 4.0,4aaa746653c83e4498b7ca9b5dc2efe2d6948717d27c7eb2ce36bb944700d96d,79c0c3d3e3de3fa7
pypiahmad_INDIA10OLD_INDIA10OLD_54.jpg,10,pypiahmad,CC BY 4.0,ae1ddd52f0ca5fb88398cbf67ab7ef705791b87c7a6f7afdcc0b479fedaf6714,f894a5bd8fde3f37
pypiahmad_INDIA10OLD_INDIA10OLD_55.jpg,10,pypiahmad,CC BY 4.0,e678874583c213b2f134059dc78fecceb37cdecb96d94dfda7f0adbed6cea10a,98cdc9cbcb5f577e
pypiahmad_INDIA10OLD_INDIA10OLD_56.jpg,10,pypiahmad,CC BY 4.0,6940fe18f1a6a60e2679b921c0771be3c866e45314be99ffbdcffaa1e1f440ab,984cac2cdbd7577e
pypiahmad_INDIA10OLD_INDIA10OLD_57.jpg,10,pypiahmad,CC BY 4.0,26af0780971fbd5e059d5f2f04d2c841914424528500ccce08a060b1354a3e0a,ceee67998f0f75f4
pypiahmad_INDIA10OLD_INDIA10OLD_58.jpg,10,pypiahmad,CC BY 4.0,5a8e66604e0b6581fac3c8d82bd39c5989f75718bab7d543c10de516f0e176c8,8d35cb8f27777e7f
pypiahmad_INDIA10OLD_INDIA10OLD_59.jpg,10,pypiahmad,CC BY 4.0,8bb2ecea0c8a964c2d21cd6a9aef606eb7303fe1ead2b5ac98a11590da613637,9acc663e9e3f77f5
pypiahmad_INDIA10OLD_INDIA10OLD_6.jpg,10,pypiahmad,CC BY 4.0,2198074c5a386588e145871271da4862c2305f3905e14fffe05d726fb7b1be7c,ed5c32f2c8e1e54c
pypiahmad_INDIA10OLD_INDIA10OLD_60.jpg,10,pypiahmad,CC BY 4.0,7d69d36fb77c1f17bc18589e178395f0455b84594111fe73f3c885f47d71350f,bcf81d8e079fff76
pypiahmad_INDIA10OLD_INDIA10OLD_61.jpg,10,pypiahmad,CC BY 4.0,d94e8085ac6f4798f8dbc155b8e796fdf6fae956b0db4b2c5dd5f74224005c1b,1b1fcf898b2f3f3f
pypiahmad_INDIA10OLD_INDIA10OLD_62.jpg,10,pypiahmad,CC BY 4.0,1e1cbe513da0922943e1010fcc104c653fe536d031dc6e8f9a437ad45d77bd7d,2f1b3c2e2c1c7f3f
pypiahmad_INDIA10OLD_INDIA10OLD_64.jpg,10,pypiahmad,CC BY 4.0,f36402dcd47ad73c4f26d2e225335ba996db5a24f36a496989dfe3bf5d1ded4b,717171616179f9f9
pypiahmad_INDIA10OLD_INDIA10OLD_65.jpg,10,pypiahmad,CC BY 4.0,942e5376e0a7526db687e45dae67e87acb45623f3c898a6173c9f7e228c498a2,cfc783c86c365c2d
pypiahmad_INDIA10OLD_INDIA10OLD_66.jpg,10,pypiahmad,CC BY 4.0,bfef99ec4b89ab3807facaca5140c49173f489a3ba9f7cacad32c9a78719dece,0d1c32f0c8c3c7cf
pypiahmad_INDIA10OLD_INDIA10OLD_67.jpg,10,pypiahmad,CC BY 4.0,4cc43f086ce09be35db00bdc90426e906f9f37ef159a47e3853d8ac9f068c54f,313b1d2c2c4d3f3f
pypiahmad_INDIA10OLD_INDIA10OLD_68.jpg,10,pypiahmad,CC BY 4.0,129603407b6c611cd2adcf1313818b04baf4efc4c7051be1e884a958fd1a65c2,0b3f198bce5f7f1f
pypiahmad_INDIA10OLD_INDIA10OLD_69.jpg,10,pypiahmad,CC BY 4.0,577cb9771937bb3d40a20c917ffbba9c4083eee7ef4a78f10880189a5e7c76e4,617159e9f9f1f1f1
pypiahmad_INDIA10OLD_INDIA10OLD_7.jpg,10,pypiahmad,CC BY 4.0,e6f55b6cd9c2f9bd36ef78b2e16d29d7f70fd9478b7f71f55560e0271d692764,29958dacecf273f1
pypiahmad_INDIA10OLD_INDIA10OLD_70.jpg,10,pypiahmad,CC BY 4.0,ae4a9ebcb7931cea0d61b4d6656d92e1f4093c097e575f507a6f310b903d7df6,7171716979696979
pypiahmad_INDIA10OLD_INDIA10OLD_71.jpg,10,pypiahmad,CC BY 4.0,9d2c9c52bd2f1f3973afe5fee6bc43b8003bd8b3d69c4729c854bc41a34bd8de,cfc7b1c86c3c5c3d
pypiahmad_INDIA10OLD_INDIA10OLD_72.jpg,10,pypiahmad,CC BY 4.0,f242747fa87ac4a71d1495b39cef00eefd37b9e1c751e3f841cce15ba4484d3e,6d1c386cc891c7cf
pypiahmad_INDIA10OLD_INDIA10OLD_73.jpg,10,pypiahmad,CC BY 4.0,bfa2ea7710c7b37aaebff9dcd624b6f87e459e69bb9181b43fee7716c67da45e,9fafa787879f9f9f
pypiahmad_INDIA10OLD_INDIA10OLD_74.jpg,10,pypiahmad,CC BY 4.0,75b5db21f82f0a13572e9ed26d26ca704df6c24f10c9962b7961660cce6e7c4b,9ab2aabab6ae96b2
pypiahmad_INDIA10OLD_INDIA10OLD_75.jpg,10,pypiahmad,CC BY 4.0,570d60dace74fb8646fc339321634d2ed191d096a2fa59d69c54117f221d3137,803bb080c4446e1e
pypiahmad_INDIA10OLD_INDIA10OLD_77.jpg,10,pypiahmad,CC BY 4.0,41611a0dd7b4c9804f40694cbe6c36dbf59fa64d8df7e1d4f5d0670bbfd9f424,93b3f2ececf0ba9e
pypiahmad_INDIA10OLD_INDIA10OLD_78.jpg,10,pypiahmad,CC BY 4.0,10216fa42d7b301a9bf312d2090036b1eb2d2067d4dc4d2539726a3fde877618,a4a4e8f8d8e8e8ae
pypiahmad_INDIA10OLD_INDIA10OLD_79.jpg,10,pypiahmad,CC BY 4.0,2f49519baa363f3a974eb0dfcce5ec5688f4651751ac61cfec7cd6b7521a946e,a2204a4e4e16666e
pypiahmad_INDIA10OLD_INDIA10OLD_8.jpg,10,pypiahmad,CC BY 4.0,0f6511a55e6d9f03035d32725f03b56be8b358e1ef47c6d36ce7f911cc148b19,4a348f8bce7569f9
pypiahmad_INDIA10OLD_INDIA10OLD_80.jpg,10,pypiahmad,CC BY 4.0,e1505617df860b94eeaa6d5d34dffd1cfad386ac26f13b68bb28d18cb83343a0,92ca98969e9ea6b6
pypiahmad_INDIA10OLD_INDIA10OLD_81.jpg,10,pypiahmad,CC BY 4.0,de91830a7dc1eb5dad5fc72b76537050deb9c0f81fd64e0d704e510c59cc5ad2,e1bc8cac8cccd5a1
pypiahmad_INDIA10OLD_INDIA10OLD_82.jpg,10,pypiahmad,CC BY 4.0,c48e3ad227b6429847fd9e6579896b90539cfdf73d2765daec0d2b5c4716cb8f,e8f6d2d2c2dcb4a4
pypiahmad_INDIA10OLD_INDIA10OLD_83.jpg,10,pypiahmad,CC BY 4.0,06ec70f59630bc0fb41a5ee9c5ff43c35591a983cdd7f628e4b772949bf10c44,f0e0d2f2c4ec6a59
pypiahmad_INDIA10OLD_INDIA10OLD_84.jpg,10,pypiahmad,CC BY 4.0,780766549a64ed4cba6858b81e4fa38d8641909df047eed31c76db707375cdaf,f980b49cceccd491
pypiahmad_INDIA10OLD_INDIA10OLD_85.jpg,10,pypiahmad,CC BY 4.0,9c54c90c5cff45c9949c75cc10af14379b3361c1baa89fcd3c8f38d23d29392f,86cf89cad3a3d2f2
pypiahmad_INDIA10OLD_INDIA10OLD_86.jpg,10,pypiahmad,CC BY 4.0,efe444a9d20a652826a7ac565ab6d0cd5320e37963e1be56abf953bdc8729889,c78c2c0c93a3a7f2
pypiahmad_INDIA10OLD_INDIA10OLD_87.jpg,10,pypiahmad,CC BY 4.0,9f3da7719bef69da26c0ff95bcdfab0b97592a17250a16556e3ba794a7a3cec9,c2e2f3ce8b8b67ef
pypiahmad_INDIA10OLD_INDIA10OLD_88.jpg,10,pypiahmad,CC BY 4.0,07f19f130b78e96f0eee536f9077f8317456c8bc1a7e15905bb57c87e16ff0c8,fe47ce8e4bd3f3a7
pypiahmad_INDIA10OLD_INDIA10OLD_89.jpg,10,pypiahmad,CC BY 4.0,fffdd980c1bedd18ce0b9d44edd1a8f76883d25605f69b71e0f28b6c27678a3e,0e82e3fe8e8d3573
pypiahmad_INDIA10OLD_INDIA10OLD_9.jpg,10,pypiahmad,CC BY 4.0,a606324be19704f6670b0410912d3839f1c882067acc69baf6597e32401592e4,cdc4b3c9ec3abc6c
pypiahmad_INDIA10OLD_INDIA10OLD_90.jpg,10,pypiahmad,CC BY 4.0,dd9027c026f866853a183e5a46af63627ecfd3a9aee21f963b513fd26d6b6dbd,0f8f8c2fd393a7ce
pypiahmad_INDIA10OLD_INDIA10OLD_91.jpg,10,pypiahmad,CC BY 4.0,7986d7fea72fcdf26456b6d358f0b1393128476e0792a66acf48b336684dce91,9292c181c3c18482
pypiahmad_INDIA10OLD_INDIA10OLD_92.jpg,10,pypiahmad,CC BY 4.0,09e81734128e8858a5a64c2783d260fa1761a1752f748057f610be9cfa95ea5f,cb672c6ee4c2e0e2
pypiahmad_INDIA10OLD_INDIA10OLD_93.jpg,10,pypiahmad,CC BY 4.0,aacb89e5ef7db6bd828ad17a85898ecc5f5caa43cc040b8ad57c2f43128cf5ee,f1e361e1e3f2d0e1
pypiahmad_INDIA10OLD_INDIA10OLD_94.jpg,10,pypiahmad,CC BY 4.0,f90f88ec913ca6d4717906d5af80b9fe28dce78c2120e0053951e99dc58d0da7,f349e161e1e2e0e0
pypiahmad_INDIA10OLD_INDIA10OLD_95.jpg,10,pypiahmad,CC BY 4.0,109c3f586cb0b606e533adf6ded83110b30c1ceca70d7b7216471099ee92bdc5,59cbc3c0e2725ca4
pypiahmad_INDIA10OLD_INDIA10OLD_96.jpg,10,pypiahmad,CC BY 4.0,e6aace8563b48e0f100ac5091a100e5e437521d03ea16948e28883b05d146e9e,ddd872f0e1e2e4c0
pypiahmad_INDIA10OLD_INDIA10OLD_97.jpg,10,pypiahmad,CC BY 4.0,38782f92e196fd25762e33f6b387c7168c45cf7ba8f9a5bce6953b014a5ba49c,dbe3148cbcf2f2e0
pypiahmad_INDIA10OLD_INDIA10OLD_98.jpg,10,pypiahmad,CC BY 4.0,928931a70d466b4f26b94762bb8b8b81b73b78be196dd7d80bf60143d1653c30,6c650b4bcec272e2
pypiahmad_INDIA10OLD_INDIA10OLD_99.jpg,10,pypiahmad,CC BY 4.0,5ee03613abe78161f75115a200f713258f6e2aea7300849200a2d9ca99e45db2,f1f351c3c3e2e0e0
pypiahmad_INDIA2000_INDIA2000_1.jpg,2000,pypiahmad,CC BY 4.0,19beb1b2969e0091bf5df04bd479fbaec243cec2ad40d8f6510ab1f893a8a464,7d75ae9e4e7efefe
pypiahmad_INDIA2000_INDIA2000_10.jpg,2000,pypiahmad,CC BY 4.0,73bfb17137d1935e90e54e695d9d71243c60bcfef0f7bc0335ffe3008a66fa7c,7179dcd6cceefefe
pypiahmad_INDIA2000_INDIA2000_100.jpg,2000,pypiahmad,CC BY 4.0,ec8eb8ff9ec13a9d2d732c1b9126d255537ded5e018fa757c6cdbd07e50a1353,68f0596071e06272
pypiahmad_INDIA2000_INDIA2000_101.jpg,2000,pypiahmad,CC BY 4.0,bc34635747413499c06f23cf4323aaec68b22d07c0c340429a43db90a5f8f090,24c4c3b0767c4c04
pypiahmad_INDIA2000_INDIA2000_102.jpg,2000,pypiahmad,CC BY 4.0,842fdf3a2fffba3d97e3821f4341822db5257bbdba358f64c83bc4173d3ca9d4,acb8f4e4c0c0c0c0
pypiahmad_INDIA2000_INDIA2000_103.jpg,2000,pypiahmad,CC BY 4.0,7ae5c720277f1751ca46b1fa6d0f3dc29890a9698be8cea2e0a12e6bc6fd1f04,60c0d0c0dd855048
pypiahmad_INDIA2000_INDIA2000_104.jpg,2000,pypiahmad,CC BY 4.0,4d537c50e711a655d7933aaf0974e94a37e627b2f1b41851fb83fca1ec7b9f2a,a2868480b0b09860
pypiahmad_INDIA2000_INDIA2000_105.jpg,2000,pypiahmad,CC BY 4.0,434f3d97bc0306cc91a38a173f666d60e616bf3333de87f5deeac0bad97a1462,83e4cc434a499844
pypiahmad_INDIA2000_INDIA2000_106.jpg,2000,pypiahmad,CC BY 4.0,485635cb8a9d2e2b13ff4aba4a85fb105503c7f9a47c551de30abd2f20b0f8f3,d4a4a02a8286962a
pypiahmad_INDIA2000_INDIA2000_107.jpg,2000,pypiahmad,CC BY 4.0,00afaae0972c135830f8229b00d192fa96bfb7e8a4e7146a6c187a19c9bd8337,6c889d1939ddcec6
pypiahmad_INDIA2000_INDIA2000_108.jpg,2000,pypiahmad,CC BY 4.0,78e7c948b5345aa8b44480486f64272826a05bfa06253ecd5b4f3976a9c735cb,a8ac8ea6a4a88460
pypiahmad_INDIA2000_INDIA2000_109.jpg,2000,pypiahmad,CC BY 4.0,b03ee7e2caae41d9e76927c6a41cb80a2ff4c85c4829d61cfdc3fd1acfee7975,f2e4e4c646b0c025
pypiahmad_INDIA2000_INDIA2000_11.jpg,2000,pypiahmad,CC BY 4.0,5d2b713c88d332adf1433b1b6847a8eba3f1c198135faa959c6490171d20d693,f1c1cc9cd6fefefe
pypiahmad_INDIA2000_INDIA2000_110.jpg,2000,pypiahmad,CC BY 4.0,88ebd3425a82cfb1597a717c217a18e10fdb7fe41714d7e890a9a7577a1eab98,60e0b0a08486b028
pypiahmad_INDIA2000_INDIA2000_111.jpg,2000,pypiahmad,CC BY 4.0,53b7869885bf6f41ccc852679f738c4ed180aef9b985d94633295f0d4204cd85,f0ccccecc8cdc5d3
pypiahmad_INDIA2000_INDIA2000_112.jpg,2000,pypiahmad,CC BY 4.0,326484d6b6892bc36efbbc1791c4b16be9438989eb36ca9b0d4c82593ec00ae3,f098c4e4888c84a7
pypiahmad_INDIA2000_INDIA2000_113.jpg,2000,pypiahmad,CC BY 4.0,59adc12d8c287263d651b74c14d6d9ed82f5f8437764e5600077362501d22501,f0a8e4969cc48587
pypiahmad_INDIA2000_INDIA2000_114.jpg,2000,pypiahmad,CC BY 4.0,9ddef0947ae3973da0a950e94926a831ada4464542e3c4d1206f1bef8b583f90,f1e0e2e498aca5a0
pypiahmad_INDIA2000_INDIA2000_115.jpg,2000,pypiahmad,CC BY 4.0,354a91593562bc21f083f657b3ecbb8ea079fb20c74886e3313b78a6cdca07f8,27ab8e8c8a82cccd
pypiahmad_INDIA2000_INDIA2000_116.jpg,2000,pypiahmad,CC BY 4.0,8f656ebaf5d9f5f4e0e7ae22179f53766dbbe66dc9b5ed6c7109bbe4a524e14a,379b82868a82c4cc
pypiahmad_INDIA2000_INDIA2000_117.jpg,2000,pypiahmad,CC BY 4.0,8e54212af86c90d4bca5d5e25eaa5a5c77259855e84e651deb02c300a04cb0fb,8fc3e3eecea2e4e0
pypiahmad_INDIA2000_INDIA2000_118.jpg,2000,pypiahmad,CC BY 4.0,b4b6027cedff1f27d1594ba5b943d0a0319ad72fd0371a02723124a9a34a2ce4,b737ae8c9e92a4c8
pypiahmad_INDIA2000_INDIA2000_119.jpg,2000,pypiahmad,CC BY 4.0,312346ba5dd8fbae9f0b543ba1d3b3b5ce41d94dfe6ef0017a8b16a584d06336,8f67e3f6c683a2f4
pypiahmad_INDIA2000_INDIA2000_12.jpg,2000,pypiahmad,CC BY 4.0,c2d82493130371f5dea32e9184a23727b0e561e8a2ce34817d97001539510b10,717df4d68ccefefe
pypiahmad_INDIA2000_INDIA2000_120.jpg,2000,pypiahmad,CC BY 4.0,f1644c9cbffacc1b189e6a64bb1a6c14e97f4dc5f6aa0968f0b09b8458711894,9737868e96b2a4c8
pypiahmad_INDIA2000_INDIA2000_121.jpg,2000,pypiahmad,CC BY 4.0,5c0de1d3137fd135b3ac667eca751abc7a4f9338e6de3ba33f178158cba3a279,0e162e9e0c0e0f0f
pypiahmad_INDIA2000_INDIA2000_122.jpg,2000,pypiahmad,CC BY 4.0,cf7fa725d110949a77efe1ed19aebfaf045e8b86b702904185712377940f05d4,0c1e898e8e8e170f
pypiahmad_INDIA2000_INDIA2000_123.jpg,2000,pypiahmad,CC BY 4.0,a9af2933243b96dd254b9c481185b1c3496b3fbe5502071aa72423d9f82665f3,8e940c0c0c1c1717
pypiahmad_INDIA2000_INDIA2000_124.jpg,2000,pypiahmad,CC BY 4.0,2cf8874b83de1c11042952585759317c6778f8a3f9c16f4e349ae628035d8c0c,96841c0c0c0c171f
pypiahmad_INDIA2000_INDIA2000_125.jpg,2000,pypiahmad,CC BY 4.0,fd6e4916c131253a5350ec5617ab22c0629dca1ebd341289e8c8c44a3c3d68aa,34185c1e8f041313
pypiahmad_INDIA2000_INDIA2000_126.jpg,2000,pypiahmad,CC BY 4.0,dd9983f6971e1dcf2e44617db08e2b1d4bc9dc7bc8af9080a911571642eaf365,13250d0f0c1d1f37
pypiahmad_INDIA2000_INDIA2000_127.jpg,2000,pypiahmad,CC BY 4.0,4d5e421e76c90b3f57902be24f74873a035fa341bd68dd877fa53bb9e4b7652c,1c1c8a928e8c1f0f
pypiahmad_INDIA2000_INDIA2000_128.jpg,2000,pypiahmad,CC BY 4.0,2aa9c4f70b264a2eeae07ac57ef18ec66ee857f107b9c731c34d4cf927e1194b,0c118e9e1e0e1f0f
pypiahmad_INDIA2000_INDIA2000_129.jpg,2000,pypiahmad,CC BY 4.0,1d92097ef2f97816f570df6622f8cfc5c4f620f50b626c16c72a238ee479131d,96141c1c1c0d0717
pypiahmad_INDIA2000_INDIA2000_13.jpg,2000,pypiahmad,CC BY 4.0,54b5b7db9d49a560427609b8d62d3b2002bb8a310317a122633bf76bd888d7b8,74dcdcfcfddddcb6
pypiahmad_INDIA2000_INDIA2000_130.jpg,2000,pypiahmad,CC BY 4.0,d84ee05b82a5b523d018ba1d0c4f3e5b2c0b2c0873e999747216fe85775fea42,96960c0c140c3717
pypiahmad_INDIA2000_INDIA2000_131.jpg,2000,pypiahmad,CC BY 4.0,2ae8c14bef7ae8e7fbf2197eff2d231543a4dec497d0fcabe2b5fddbc4d8ff17,3449cc1e07050303
pypiahmad_INDIA2000_INDIA2000_132.jpg,2000,pypiahmad,CC BY 4.0,61d319bd8dbcff82961f4b81cfddd18a07fb19d3f1aa79d63e3f18ffd9be96c9,1b2504170ecd3b23
pypiahmad_INDIA2000_INDIA2000_133.jpg,2000,pypiahmad,CC BY 4.0,606589fda48134568ea462751d127bb606db4d1f17b9eb09eeb041a4682acee5,70d8d85d51c140c1
pypiahmad_INDIA2000_INDIA2000_134.jpg,2000,pypiahmad,CC BY 4.0,b5060c2f3eb00a322ddd2d41f04cd27453e86c01ee98f79a33d8e9cd003a9eec,130f0b3911311971
pypiahmad_INDIA2000_INDIA2000_135.jpg,2000,pypiahmad,CC BY 4.0,38f04de378d11a6b88c6790d83da175b27ef4d7cab56bbe1acc6e8bd7487e8c0,50cc494341499840
pypiahmad_INDIA2000_INDIA2000_136.jpg,2000,pypiahmad,CC BY 4.0,b208964d45929c9149a97ba29025a1a2fb2236973b6169f9d6b3cc493641112c,452f292b33071339
pypiahmad_INDIA2000_INDIA2000_137.jpg,2000,pypiahmad,CC BY 4.0,e7739a8d76f18e7d339f4a90627076b4a4a2727475c206238e64612ad1c4fee2,0898991939394830
pypiahmad_INDIA2000_INDIA2000_138.jpg,2000,pypiahmad,CC BY 4.0,24d5455b24d4a81ea7e872e2bfc7b0e7833d1ff457ad62937a94ab2bb1c179e6,2b2f0f2727296971
pypiahmad_INDIA2000_INDIA2000_139.jpg,2000,pypiahmad,CC BY 4.0,553a60687aad232cb5117ff391cddfd50611a114a15b1a493ddce1d098439096,c8e4e4666761c140
pypiahmad_INDIA2000_INDIA2000_14.jpg,2000,pypiahmad,CC BY 4.0,fb49c5b98202a7c80aa10fabb23645c54079e364cba28b81268a4205753207cb,bb9e9e3bbbbbbf7f
pypiahmad_INDIA2000_INDIA2000_140.jpg,2000,pypiahmad,CC BY 4.0,02904eee61d2a54d81048636ef189800b34cd41a99890de160f88e97ebdfc2c5,6129393123273323
pypiahmad_INDIA2000_INDIA2000_141.jpg,2000,pypiahmad,CC BY 4.0,335dc7f11a468e5941598cffa744020d59730002cb4079b40355159c7e57e3aa,0c5a4d452e871317
pypiahmad_INDIA2000_INDIA2000_142.jpg,2000,pypiahmad,CC BY 4.0,0c904ad67a3cdbb046e8be4278bb7c8c31f604c32c814c50566124dcc84bafd1,8c1a4c4c0e9f1717
pypiahmad_INDIA2000_INDIA2000_143.jpg,2000,pypiahmad,CC BY 4.0,b911bb10a4df9ab85dc7b312f19e1b7e9fd526a82c9574a0cc3a9fcc2079bbc5,ce894d171c0f1717
pypiahmad_INDIA2000_INDIA2000_144.jpg,2000,pypiahmad,CC BY 4.0,7b02d770be68e587a9f0313c4d94a50e679c0b279da0816903c75352154ac606,8de3610b2b1d1717
pypiahmad_INDIA2000_INDIA2000_145.jpg,2000,pypiahmad,CC BY 4.0,ee4ae4424f97cb1e7d6b22566ce4fb5c5cbc2f51750a58752be507a9c04bd243,c0ae8e0c0f2f1c1c
pypiahmad_INDIA2000_INDIA2000_146.jpg,2000,pypiahmad,CC BY 4.0,da191a565b445eefcf5952e709e82af8e0c2bedf28a9e219023ec08bab15560e,c88a869e2f0c1c1c
pypiahmad_INDIA2000_INDIA2000_147.jpg,2000,pypiahmad,CC BY 4.0,64709116672fe27eb53f1fb9bd99e8246f0887c96b9f2e51af535428ef7c6878,fb9cce2e4edcf6e6
pypiahmad_INDIA2000_INDIA2000_148.jpg,2000,pypiahmad,CC BY 4.0,0985f09ef9ccfeb92a59c5516ae8a1ad2095b375f7c5627e424d41abfcf07fc1,09f20e0e0f1c1f5b
pypiahmad_INDIA2000_INDIA2000_149.jpg,2000,pypiahmad,CC BY 4.0,6b8c1f22c12142db64c6c7fb426ba41e4f12d5a45a070a5cdef97c4c9f004985,789e26069e3ce6c7
pypiahmad_INDIA2000_INDIA2000_15.jpg,2000,pypiahmad,CC BY 4.0,260c75ffbf3c15366422b46ad07c13797a930e4803c4b06891e7fb36c87d0bd3,fbcc4b4b5bd99edf
pypiahmad_INDIA2000_INDIA2000_150.jpg,2000,pypiahmad,CC BY 4.0,4622529155e70f630cc2abf666f421711136525ec44a6fc45cb676f1e25a4bcd,87f0868e1f1c2e5e
pypiahmad_INDIA2000_INDIA2000_151.jpg,2000,pypiahmad,CC BY 4.0,2486ad58f5b5ff9a796a8e61844f5e5f09fc68765474f52151b9bc569d45ac8a,d6aaae8c48ccc4c4
pypiahmad_INDIA2000_INDIA2000_152.jpg,2000,pypiahmad,CC BY 4.0,5ee69b2a953a690463113a09c7d9c71e61181920d63028e2544b800513125f59,aa8ccca6e6e263c4
pypiahmad_INDIA2000_INDIA2000_153.jpg,2000,pypiahmad,CC BY 4.0,a091ec880759cb1aabc4f932ccab190279a2c5c3f82368f1a8f860f3bcd7e2dc,e48a86869eccc7e4
pypiahmad_INDIA2000_INDIA2000_154.jpg,2000,pypiahmad,CC BY 4.0,8f78df5b1677d84283a6526b2a9fa5cee99a8d652cad1606d97a32840930b529,89c7d7a5e56262e2
pypiahmad_INDIA2000_INDIA2000_155.jpg,2000,pypiahmad,CC BY 4.0,2b9067f27a042110f77b02c334be48376163b5fafa0812fcfa1edd4dd1949811,fc6c8e8e4cccccc4
pypiahmad_INDIA2000_INDIA2000_157.jpg,2000,pypiahmad,CC BY 4.0,93ff423adfd9a79c1e00fac127fe656286c2521b44cf6e169878204dfb1eeb20,c88cb64d8c2d3c34
pypiahmad_INDIA2000_INDIA2000_158.jpg,2000,pypiahmad,CC BY 4.0,7a95eb74e6b932b1de4c249e213109e33f1b1a3d1dda395c99111cb5fa544bb5,cccc924f8d2d3c3c
pypiahmad_INDIA2000_INDIA2000_159.jpg,2000,pypiahmad,CC BY 4.0,db433a796ee73b50829828d213881e596cb1a13cbec22d63cf7a6a6f7795d5a6,54d8dc5cdd5158aa
pypiahmad_INDIA2000_INDIA2000_16.jpg,2000,pypiahmad,CC BY 4.0,9b9784336f6575a57557519c20e97604917a15cb6718b180c53adaa49699716b,57afa9abbb869fbb
pypiahmad_INDIA2000_INDIA2000_160.jpg,2000,pypiahmad,CC BY 4.0,9b13ecc793b53af4c3e861076199a1127fa5169a0df7a4c0251225c67a98921f,56d8cc42539bddc7
pypiahmad_INDIA2000_INDIA2000_17.jpg,2000,pypiahmad,CC BY 4.0,a362df43134fb35bfc83f6da73d4ec4e841e6ab9dbfcaa546d0f2edba9e4a029,f08c9d99b9bdecfe
pypiahmad_INDIA2000_INDIA2000_18.jpg,2000,pypiahmad,CC BY 4.0,785c789eb0daf973bd581dbc495d80e09553df4aa0b97b8e262de5265641e401,2b2e0f2767f9effd
pypiahmad_INDIA2000_INDIA2000_19.jpg,2000,pypiahmad,CC BY 4.0,4e0eeb920a215cde7bfbd487a0a7fd2b6e2723f58de0188286f8a669c3feb110,fae4e7e6e7f5fdfe
pypiahmad_INDIA2000_INDIA2000_2.jpg,2000,pypiahmad,CC BY 4.0,746b6315a83b70dc7a8958a42fcd7b219736cdb49ed195ddc439d62b3e73edfc,75f5ed868afefefe
pypiahmad_INDIA2000_INDIA2000_20.jpg,2000,pypiahmad,CC BY 4.0,aa9355f845754d2d1cd3797db04547b550cea7ba7a96be97689767391cf1737e,6b339b3bf2f27b79
pypiahmad_INDIA2000_INDIA2000_21.jpg,2000,pypiahmad,CC BY 4.0,bcd3813ca068f63b726f3e4a5fa7352c294002e7451a8509421f16590a67840e,f96f3c9c9c77fbfe
pypiahmad_INDIA2000_INDIA2000_22.jpg,2000,pypiahmad,CC BY 4.0,dfef83950c636c852e4a30d3c59818ecc186969a45277f6cc17bbe2a7d840bc7,fbf28e8c4f5d7cfc
pypiahmad_INDIA2000_INDIA2000_23.jpg,2000,pypiahmad,CC BY 4.0,d4213e5c1afaa28de4edb8781fd1dff5db18daa779ef2a5c237d79f7f849edef,dbef769e8eb3fdfd
pypiahmad_INDIA2000_INDIA2000_24.jpg,2000,pypiahmad,CC BY 4.0,720db8ee7d458380d52628028d8a8b7841230427dceeb02e00b2dc60b5d036ad,fbb3938e6f4d7dfd
pypiahmad_INDIA2000_INDIA2000_25.jpg,2000,pypiahmad,CC BY 4.0,a88420ec86c0b49e9aabc594d638e8c9d71dc59ff2cc3499e1e6f24802aa79c5,f3eabedc5f0d6d7e
pypiahmad_INDIA2000_INDIA2000_26.jpg,2000,pypiahmad,CC BY 4.0,e745c0fad4f708fb81d975c1337594389627e7d1346969db426b0c2b60968048,72da9296cf477d79
pypiahmad_INDIA2000_INDIA2000_27.jpg,2000,pypiahmad,CC BY 4.0,b4169984d7aebc388093522b117897e524ccab7420014d65c801917911700864,e9cacccdce1626a7
pypiahmad_INDIA2000_INDIA2000_28.jpg,2000,pypiahmad,CC BY 4.0,2cdda75de4bea42841cdb84e4e66ddb955aebb1ce89d513ce2a22fc0c7e63b76,d9b844e48ed717b7
pypiahmad_INDIA2000_INDIA2000_29.jpg,2000,pypiahmad,CC BY 4.0,b50ab0abda0972b4129ab889b3e41fb20a625bdf5e825d960c75570af746f943,e9a8ed9cde5617df
pypiahmad_INDIA2000_INDIA2000_3.jpg,2000,pypiahmad,CC BY 4.0,a12137fc48b7220868847292f988b18c850efc26db811c8f5c1983234c82b8b5,69f5cdddddfdfffe
pypiahmad_INDIA2000_INDIA2000_30.jpg,2000,pypiahmad,CC BY 4.0,976e80dd82688da7158b6413ed47e3cff90a23ea5e20d8446f75a57658fbd066,ecf3f5e1cf8a1397
pypiahmad_INDIA2000_INDIA2000_31.jpg,2000,pypiahmad,CC BY 4.0,b70d03b2fd13f41641fd18646f45221a501cf05e9ed6e2e2edcb77124727a1a9,5bb1aa8e8c6adbaa
pypiahmad_INDIA2000_INDIA2000_32.jpg,2000,pypiahmad,CC BY 4.0,7e8b332553bb42d567faf3e0000b4747eed61cd4933a88a75b4f2f3faf3c5ac0,4b39a8ce8aaae9ab
pypiahmad_INDIA2000_INDIA2000_33.jpg,2000,pypiahmad,CC BY 4.0,cf09e8874d1dedde783a72e4de2b37b8d1aa9695047778bd9972a67b7f81aa36,6373636963637373
pypiahmad_INDIA2000_INDIA2000_34.jpg,2000,pypiahmad,CC BY 4.0,5a523836915e6bbfa3b00cc1cafad8236e30ed4f31ac79bfe8d870ea06c8eac6,6161696969696169
pypiahmad_INDIA2000_INDIA2000_35.jpg,2000,pypiahmad,CC BY 4.0,fbbb5fc2dd3374f567909a5b4e99d5152997a5563fb077cdaa85a9dd91d64696,cfc783d96cbe9cac
pypiahmad_INDIA2000_INDIA2000_36.jpg,2000,pypiahmad,CC BY 4.0,c9e25586052d124067bb5f6e0f492a904fb9bf8d9ddd7cd10d882d320cdaa132,4cdcb0ecc9b2c7cb
pypiahmad_INDIA2000_INDIA2000_37.jpg,2000,pypiahmad,CC BY 4.0,22b0363c5a1817c44aa0f787b40dc71a4c46fb6e945c7b366fefa1919369283a,b5699286866a4bab
pypiahmad_INDIA2000_INDIA2000_38.jpg,2000,pypiahmad,CC BY 4.0,8ae2890fc6d60d792126c9f4af4d4584011bfa14c72b0634000379806956790c,63f38e96a6aca7c6
pypiahmad_INDIA2000_INDIA2000_39.jpg,2000,pypiahmad,CC BY 4.0,78be9e023eb2ad68e0f3593d34f872eaa34ca1507621469a19ce2ce943312472,71736971696b6363
pypiahmad_INDIA2000_INDIA2000_4.jpg,2000,pypiahmad,CC BY 4.0,5bee107cd5f4fb4f9778c852c589233ea450ebb1a3bd3f914b933d448566acbe,3571f9ddcdddf6de
pypiahmad_INDIA2000_INDIA2000_40.jpg,2000,pypiahmad,CC BY 4.0,08638a87c948f9f7d11598fe6aff5c86ed304902a73be834fcab3c051810497a,697959e9616961e9
pypiahmad_INDIA2000_INDIA2000_41.jpg,2000,pypiahmad,CC BY 4.0,92e8283de8c38167a6ede2c612983fa91498c99b2b9f9097d5e034fa664bc278,cbc793d964365cac
pypiahmad_INDIA2000_INDIA2000_42.jpg,2000,pypiahmad,CC BY 4.0,fb74d37612b8d8a1b8a3536f994bf5e89db887d2a9f87b034de0d59658003199,ac9cb664c983c7cb
pypiahmad_INDIA2000_INDIA2000_43.jpg,2000,pypiahmad,CC BY 4.0,ca867ce87c93a14f7564e3d4e71e337e81b755ed07909b49202957fc9a72891c,88d8dcd8dcd450a9
pypiahmad_INDIA2000_INDIA2000_44.jpg,2000,pypiahmad,CC BY 4.0,6a631ce56f1b9757f15f7b11d522608af0b56fc540c0f168bf37ab7f680324b7,92c6ccd8d0f098ec
pypiahmad_INDIA2000_INDIA2000_45.jpg,2000,pypiahmad,CC BY 4.0,39787e33759e8d979a0abda50b1b06378746fd14efa2e03a852688088f8b0a9d,b78cccc242c898de
pypiahmad_INDIA2000_INDIA2000_46.jpg,2000,pypiahmad,CC BY 4.0,c44235e1f1b0de199a8b1716da04d8dad7685a98680371ca5488488b9fb51571,c4cca8aa92c696ba
pypiahmad_INDIA2000_INDIA2000_47.jpg,2000,pypiahmad,CC BY 4.0,0889fb0b62ec648685c36404b7bdd06b49464ec2988df9368047a72b99cbc633,2c98999939b88a30
pypiahmad_INDIA2000_INDIA2000_48.jpg,2000,pypiahmad,CC BY 4.0,4c268b100a45faf2dee3a7e45b8f1c20ee87f812d36e10c8b1039f4fb2858495,acac8ee6e4e8ccc0
pypiahmad_INDIA2000_INDIA2000_49.jpg,2000,pypiahmad,CC BY 4.0,9c795a5cce6e6121cb107a4b95e4da6fe99badb5dadf82b77f1500d9b1eb3f8d,ede4e6e6e6b0c43b
pypiahmad_INDIA2000_INDIA2000_5.jpg,2000,pypiahmad,CC BY 4.0,beae073f1ecc8be93df14ffc456fcaebfb1dd81512b1ff3a84468031b628532b,f155dddcdefcfefa
pypiahmad_INDIA2000_INDIA2000_50.jpg,2000,pypiahmad,CC BY 4.0,1debb2eaf0d5f5faa3db2e30d31b77003967e3244d30a69d06a30bc83f3d3597,f8c8f0f0d4ced8f8
pypiahmad_INDIA2000_INDIA2000_51.jpg,2000,pypiahmad,CC BY 4.0,024dfc6aa082c82fd4fe5c72b2ae6ee11641c1213449731458fff345e10ff4a7,f0ceeeecccc4c1c9
pypiahmad_INDIA2000_INDIA2000_52.jpg,2000,pypiahmad,CC BY 4.0,f2265b3e73ae0a75a1a7f116e5439c3ebd4922adcf7eb5953d3528f352bcdc25,f198d6e68cdcd48d
pypiahmad_INDIA2000_INDIA2000_53.jpg,2000,pypiahmad,CC BY 4.0,d9b3a47d5d0d9cbe34eaf6868a6650db614794af6c33eb1066647a1c1f38df2f,f0e8a496dcec61d1
pypiahmad_INDIA2000_INDIA2000_54.jpg,2000,pypiahmad,CC BY 4.0,e3a8e1448a68451748e6892a4e2786bdefe3b74865dec408691b3ed0dd749809,f0e2b2a0d8dcf5c9
pypiahmad_INDIA2000_INDIA2000_55.jpg,2000,pypiahmad,CC BY 4.0,19a1e16d1746b00aba08a9b36fd8dcb42ac569c3d3d23f24c0524e383d48bf00,5eae9eccd2c7cfcf
pypiahmad_INDIA2000_INDIA2000_56.jpg,2000,pypiahmad,CC BY 4.0,01a1b3281e93c7a1fb7a5034ed38b2511642994300e27a5469b47adf8db5afe2,1c8286cec3c5cf8f
pypiahmad_INDIA2000_INDIA2000_57.jpg,2000,pypiahmad,CC BY 4.0,054d13591b41c450c2dc9ec36778dd2bf3cc09413d1481ab208cdb0ef984c8f0,6570324e8e1bb034
pypiahmad_INDIA2000_INDIA2000_58.jpg,2000,pypiahmad,CC BY 4.0,16d8c456bb12d42f6b41195a12c403264e94236e4af05c23e50fcc3d59716442,c560729e879374b8
pypiahmad_INDIA2000_INDIA2000_59.jpg,2000,pypiahmad,CC BY 4.0,3d1be54d427aa8c3e445d7d9a91abbbdfd4ae0b6b40b8240806b9df2b61d5f42,72878eced3b5af0f
pypiahmad_INDIA2000_INDIA2000_6.jpg,2000,pypiahmad,CC BY 4.0,1e937a4f3c167d7545ae152137a7de29e6f69a0e7c6161447c0f6b7e1fb71e0e,797d7ccc2dde5efe
pypiahmad_INDIA2000_INDIA2000_60.jpg,2000,pypiahmad,CC BY 4.0,2609fa9f16d9d5cf8c95ec8e4785ce75ed250ac7d150336d63556a7cb91b12a7,268e8ea6c9d3c78f
pypiahmad_INDIA2000_INDIA2000_61.jpg,2000,pypiahmad,CC BY 4.0,3dcc5951011cc521a58c318e211fb446601be5927fe1313995bfde9dd823e0c4,7e3eae9e0c7e7f7f
pypiahmad_INDIA2000_INDIA2000_62.jpg,2000,pypiahmad,CC BY 4.0,77358281d11236fe11afb17acbdf4ceff3c006d768a9b1b6b5b44bdc1cb950d9,46fec9868afb7f0f
pypiahmad_INDIA2000_INDIA2000_63.jpg,2000,pypiahmad,CC BY 4.0,51675b286391cea3c03b3a60de48c55a75e0537aaad7222cccd8d2b7ba0fdcc9,6971696969697979
pypiahmad_INDIA2000_INDIA2000_65.jpg,2000,pypiahmad,CC BY 4.0,48af0a437044a8f443471911897df0d7885e1e6b3991c93586cafdee583ae2a6,cec693d96cbedc2c
pypiahmad_INDIA2000_INDIA2000_66.jpg,2000,pypiahmad,CC BY 4.0,86c1e3690eb979d10bd3015a6308fdf51140a83f674cb78dc4637a11d92162ca,6c5cb86cc993c7cf
pypiahmad_INDIA2000_INDIA2000_67.jpg,2000,pypiahmad,CC BY 4.0,f19f38f66e20e348f2b41ffae3bf7b0609c5f4005a924e5a328466b75c152b47,66369a928efa6f4f
pypiahmad_INDIA2000_INDIA2000_68.jpg,2000,pypiahmad,CC BY 4.0,3512a1b72eb45e4150dd64fce8b89feaef7ce8b4cb26a8484852c3a5b71b9003,3a768e9ebeecdf1f
pypiahmad_INDIA2000_INDIA2000_69.jpg,2000,pypiahmad,CC BY 4.0,7cd892a0203d416a58f96af3d46753438eb6981e0c7abf111a0d9ada4e1c7afd,7173717169696161
pypiahmad_INDIA2000_INDIA2000_7.jpg,2000,pypiahmad,CC BY 4.0,cc130be0c0a2694315da605f68fd678ed5ffb4d8109270b2451aa032e6ad72ff,71759a929efefefe
pypiahmad_INDIA2000_INDIA2000_70.jpg,2000,pypiahmad,CC BY 4.0,b7ab9942a8c43b164763c807bb1ca74b1426bd0bbed0c6a32a16823d0323562e,6979696971696179
pypiahmad_INDIA2000_INDIA2000_72.jpg,2000,pypiahmad,CC BY 4.0,c3af2b78d6323385d97a788247a5d2e0d1bf4506c11c21ad1608fb403901759c,6c5cb664c9c3c7cf
pypiahmad_INDIA2000_INDIA2000_73.jpg,2000,pypiahmad,CC BY 4.0,d8c7fca51a74782eb52ec6bbd41944a7a4463082eb3231df69b74ceb5027cd3d,3cdcdcdcddd5d88e
pypiahmad_INDIA2000_INDIA2000_74.jpg,2000,pypiahmad,CC BY 4.0,3584010139f6d5a4623abea16d673d36c1f8b5456817582af1b4f88bf169327d,9ecedcf8f0f0d8fc
pypiahmad_INDIA2000_INDIA2000_75.jpg,2000,pypiahmad,CC BY 4.0,248c815c8cd1167e95da16d20e7dbb2b40fc59b70a7f950a45a1adcace5296cf,7f8cce4b5ac99ede
pypiahmad_INDIA2000_INDIA2000_76.jpg,2000,pypiahmad,CC BY 4.0,7aca83a62b2a096f46bb1e86cabfb9177047715246b0d5dcada21a489f55a738,d48ce8a8b28c9cba
pypiahmad_INDIA2000_INDIA2000_77.jpg,2000,pypiahmad,CC BY 4.0,a0dbd506b01445dd85bf69af49f8a58fb28c7f54b320ff35238154ed9a0800a5,8c9c9d9939bd8abe
pypiahmad_INDIA2000_INDIA2000_78.jpg,2000,pypiahmad,CC BY 4.0,85fcf2c9302eedb284f386df9e75890dc9a42d05126affbf21d4412657e7598a,acac8ea4e4e8ccfc
pypiahmad_INDIA2000_INDIA2000_79.jpg,2000,pypiahmad,CC BY 4.0,0ddfc60b322980b3b09586ca30ee251724103e5628372e1ea1a01b589099104e,dfe4e4c6e6b4c4de
pypiahmad_INDIA2000_INDIA2000_8.jpg,2000,pypiahmad,CC BY 4.0,398867e26674476c347fe90d47fc9de4c7d6693606531444ba3be224e5112ccc,31758e9ebefefefe
pypiahmad_INDIA2000_INDIA2000_80.jpg,2000,pypiahmad,CC BY 4.0,687df80e27ef7c284f449b086e2a2f627ad8a02a0a598d9a64ee784a6430b0df,f4fcb8fc9cbeb8b8
pypiahmad_INDIA2000_INDIA2000_81.jpg,2000,pypiahmad,CC BY 4.0,03d3ad6a3e11f98e527c7a391f69dc2c4e1c4612bd4ff2401b6693eb7b8af722,f0c8ceccc8dcd593
pypiahmad_INDIA2000_INDIA2000_82.jpg,2000,pypiahmad,CC BY 4.0,6653e0c83fa1f6dd41ffbf8b60b64b8b5ac87937a5287092809b15c800aef855,f198c4acccdc75d1
pypiahmad_INDIA2000_INDIA2000_83.jpg,2000,pypiahmad,CC BY 4.0,e6158a4a04fff7ece6ce9b8c1b708990977d115e2075c3b9380bb4865e2bc748,70ecb4d6deee70d1
pypiahmad_INDIA2000_INDIA2000_84.jpg,2000,pypiahmad,CC BY 4.0,339f625f9e3a35f9cbc894f6f89c724dce2eb8b8bf47e3522374c7d6b3e112e2,f1e0e2e098fc71c1
pypiahmad_INDIA2000_INDIA2000_85.jpg,2000,pypiahmad,CC BY 4.0,258cb57e725d5ac6dd2a8039e8bd58152b16b744739a9a385b81111ee7caf01b,87ae8e8cd3c3e6e7
pypiahmad_INDIA2000_INDIA2000_86.jpg,2000,pypiahmad,CC BY 4.0,972a52a776072af4fe2531afca9999664afea05f25cb61f91699b8ce36eca9f9,8f8a868e5bc3e667
pypiahmad_INDIA2000_INDIA2000_87.jpg,2000,pypiahmad,CC BY 4.0,fb7907d076f497b3e0d61f695d331b68bf4fb034c78a517fb47e10e9ebe13ee2,1ec7e3fe8e9f61ff
pypiahmad_INDIA2000_INDIA2000_88.jpg,2000,pypiahmad,CC BY 4.0,9e39170ac8f265c2c442fbeb80d800073ee6cd3d7c879c1b174988fce13925ee,30be8e8ec3d3e7cf
pypiahmad_INDIA2000_INDIA2000_89.jpg,2000,pypiahmad,CC BY 4.0,cd6b4ea6630cdf79c22fab5023998991fac4a631dbfa3bf5c22986f8572b0d8c,1fc6e2f28e8f63ff
pypiahmad_INDIA2000_INDIA2000_9.jpg,2000,pypiahmad,CC BY 4.0,b11f07ec9d90fe40d97ebdd3a60108016dcda46f6ccfb88952ae3c533e0128fd,f1f1ddcdbdfdf4f6
pypiahmad_INDIA2000_INDIA2000_91.jpg,2000,pypiahmad,CC BY 4.0,b14c31535cd36879ad6d63c0001565574d745ee2af8d90a6d87c1dd482764d19,ca0b6a9c8ce0a6a3
pypiahmad_INDIA2000_INDIA2000_92.jpg,2000,pypiahmad,CC BY 4.0,53b5c2bd30c72a712d02068429b09f1e8d7099c48d7a6b5880afc5a78c1abbd5,c889698c88c8a681
pypiahmad_INDIA2000_INDIA2000_93.jpg,2000,pypiahmad,CC BY 4.0,4bfa4bd0a1d2681e0d9bbce0ed132be6f98f14257080d9a768a91a7d5d5791fc,6a726150e06072f2
pypiahmad_INDIA2000_INDIA2000_94.jpg,2000,pypiahmad,CC BY 4.0,f9798ece8e58fc705a5a9447d87015d27ee7d297d9eb914579717efe49533c17,62726169e87970e8
pypiahmad_INDIA2000_INDIA2000_95.jpg,2000,pypiahmad,CC BY 4.0,756c180f89fef7a6d2825861787808e790e9f0532d4f623998db4afb015608c5,6ce6d3d16cfcdccc
pypiahmad_INDIA2000_INDIA2000_96.jpg,2000,pypiahmad,CC BY 4.0,158f2c1159c980a00750acce7397d4d437e5e82c608ee02c53a969550cd72cc9,a4bcb060c091c0c0
pypiahmad_INDIA2000_INDIA2000_97.jpg,2000,pypiahmad,CC BY 4.0,42b423257b4d9895eb83cb74b6c8068e6a5364ca4505b33f504c4741a188f32d,925ac29292c06080
pypiahmad_INDIA2000_INDIA2000_98.jpg,2000,pypiahmad,CC BY 4.0,965e2cca453ebd992b37970471f1ee9a8873cf1630758db1c4421185458ee3d5,1a5a429636666462
pypiahmad_INDIA2000_INDIA2000_99.jpg,2000,pypiahmad,CC BY 4.0,2608e5f965fe14d5e2bf33b40ab658b0f6f21e3f22606e662d488269835be14a,3272317178687070
pypiahmad_INDIA200_INDIA200_1.jpg,200,pypiahmad,CC BY 4.0,01cd59e797685f0efbac6210cc516c1bf5aa504ec7000d1c8293b6ae82e09c0f,a5cc62b6dedafbb9
pypiahmad_INDIA200_INDIA200_10.jpg,200,pypiahmad,CC BY 4.0,59bbbeaf00ae52e4577dfae2906c40ad0e806ccd81a387a213d580a1e4083cb2,69696969696961e9
pypiahmad_INDIA200_INDIA200_100.jpg,200,pypiahmad,CC BY 4.0,b2f158acc6ceb4bc4b1a16577879b3f883b87c6974529adafe298b0e51188be5,eae2c961e0e1e1c1
pypiahmad_INDIA200_INDIA200_101.jpg,200,pypiahmad,CC BY 4.0,903a9a64592afa50fd501d2b5c88cff9de1e090501a65f078fe0f19f44f46c79,52c2c3d066261c6c
pypiahmad_INDIA200_INDIA200_102.jpg,200,pypiahmad,CC BY 4.0,edc42dfd11fa0a2ce6baf26e83855d636019b70a99e29b08ad5cd277afcb007d,5cdc7262c0c0c4c0
pypiahmad_INDIA200_INDIA200_103.jpg,200,pypiahmad,CC BY 4.0,a9f69f59577fef9a260112f4a23275ff24c0328846d901302ddb4eb1c14e3b9d,a48e3c383da5b664
pypiahmad_INDIA200_INDIA200_104.jpg,200,pypiahmad,CC BY 4.0,e0e8722ddcab2e01199a7dbfe5c9e679f8bdacbe7a0dff423c9d169d9e0099de,a48e0a3030b8bae4
pypiahmad_INDIA200_INDIA200_105.jpg,200,pypiahmad,CC BY 4.0,54956751bacb11d741320cc31fa7101afa2de3aae33b07556d4c8c689651935a,f8844c52524238fe
pypiahmad_INDIA200_INDIA200_106.jpg,200,pypiahmad,CC BY 4.0,a8498211238df91f2dc6ac7a48ba952fd345aacebe25e615c06b9eb484ce9ce8,c0ca684a228e363a
pypiahmad_INDIA200_INDIA200_107.jpg,200,pypiahmad,CC BY 4.0,3e59580a9eda27cb6f28c50a421204f76010426701f53894e455a81ecda32d71,98ce1c0cce4e8e70
pypiahmad_INDIA200_INDIA200_108.jpg,200,pypiahmad,CC BY 4.0,da874b34958f8417855e35dd484ea7a5b7faf87d56fa0303c20bdb667ea76f83,b8ac2e1e1c98ccc4
pypiahmad_INDIA200_INDIA200_109.jpg,200,pypiahmad,CC BY 4.0,8fceb95d2f4af01d3be1047dbfa07f73641014530dcb4bc843666c39963b52a6,d2f25252521094c6
pypiahmad_INDIA200_INDIA200_11.jpg,200,pypiahmad,CC BY 4.0,df2ce21f9fa770e0393c69a5bf21d14c97cfbe0670d9438c2971e8d41a333f70,2c9c32e4c9c2c44a
pypiahmad_INDIA200_INDIA200_110.jpg,200,pypiahmad,CC BY 4.0,14c604bb8f52df6e6e108020e7a87ffcdc967f35180478b5f772b53191504e63,d08c38b0e4a6be1a
pypiahmad_INDIA200_INDIA200_111.jpg,200,pypiahmad,CC BY 4.0,1e83b256ff5c2a47f26039308e5af7a4824777a71236757f907bae2cb03fef56,e1ccc6e8a4e4c4a5
pypiahmad_INDIA200_INDIA200_112.jpg,200,pypiahmad,CC BY 4.0,07ea769a20db84c96dbe428df762ef75d6f06823f77ee6c3f8e6b2357549d1d4,f980c4c48cacc4a5
pypiahmad_INDIA200_INDIA200_113.jpg,200,pypiahmad,CC BY 4.0,8276920a518b6b0a9f11f12338fb278f85983167a7c129d98c901f45d5748076,f1e0cc8c8ccda5a6
pypiahmad_INDIA200_INDIA200_114.jpg,200,pypiahmad,CC BY 4.0,e60bbf7bbdbeba5b6b11d2a387349df6421ac87011a1edc052bd6ef3495055aa,f8d0b2a0a2ac9085
pypiahmad_INDIA200_INDIA200_115.jpg,200,pypiahmad,CC BY 4.0,0e422c67718910376b0141d172b11e3022bb162ad4dfe1f07d1e3fb85ff02615,bdb296cc8682c4c5
pypiahmad_INDIA200_INDIA200_116.jpg,200,pypiahmad,CC BY 4.0,3fb3b4cc173b7953642cf93bfc4c73afbb67922dfd19f61d33bd8e314038516c,9d9292cb8a82c4cc
pypiahmad_INDIA200_INDIA200_117.jpg,200,pypiahmad,CC BY 4.0,2d988f796d56270e5ff33e22359528b0604afd56cda8e6b6b4bc0f2c19e0cc16,c6c1e6f6d693b2b6
pypiahmad_INDIA200_INDIA200_118.jpg,200,pypiahmad,CC BY 4.0,937638c1346e7e6b3e15d2c3e7d376d3cd35696158ee1bfdc315273e08ac17db,753e8c8e939392c6
pypiahmad_INDIA200_INDIA200_119.jpg,200,pypiahmad,CC BY 4.0,a5a98d973192bb11d27cb3890fa5f461ed099064743023c60bec5fa3c8a23b7a,cae0f332cb91fad2
pypiahmad_INDIA200_INDIA200_12.jpg,200,pypiahmad,CC BY 4.0,58553c93d4c554a08def36c8e5ca2bb7b6030f7ea74bc3a856bb1caca3318ab1,cac7c3d8ecb67c6d
pypiahmad_INDIA200_INDIA200_120.jpg,200,pypiahmad,CC BY 4.0,a0ba1e62882eb859babd665802f4f48e14547d8712796b3845e4d2e1d253d8e4,752bce8f9b92a4ac
pypiahmad_INDIA200_INDIA200_121.jpg,200,pypiahmad,CC BY 4.0,c7831b6563d00d241fe64a543c2e540774c269a14c2beb0da80c34c22a08ac70,18882e1e1c0c1e0b
pypiahmad_INDIA200_INDIA200_122.jpg,200,pypiahmad,CC BY 4.0,6f0c5c0d2ddc21b95428e5ca2e3c9776e9458a3a4fa0bcfee5795fd6d80205e3,19984d8596181c1b
pypiahmad_INDIA200_INDIA200_123.jpg,200,pypiahmad,CC BY 4.0,58dfba65ed0b496bdfee581a3d4f2ec90f22f43c231c700372cbb80f754c3403,86969c1e1e161616
pypiahmad_INDIA200_INDIA200_124.jpg,200,pypiahmad,CC BY 4.0,b83ce1d90fe034383d255ff011ce529ebc5671e23fd882dfcf99e3b65421460a,169694060e1e1617
pypiahmad_INDIA200_INDIA200_125.jpg,200,pypiahmad,CC BY 4.0,1614c1fd8fd455e47d6a01c331b1bf69941366c2e5de74740845edd28ea4c5d9,30184c1e1d0c1313
pypiahmad_INDIA200_INDIA200_126.jpg,200,pypiahmad,CC BY 4.0,a67e5548b6af62663c2a391656590bc878b8077f8320981616efc1a39bc1b971,12250d1f0e0c1b33
pypiahmad_INDIA200_INDIA200_127.jpg,200,pypiahmad,CC BY 4.0,511f8e2b372b6e093664ef84c8a09c534c168d20e59f54652e77692ab7b5036f,191898930b0d1f03
pypiahmad_INDIA200_INDIA200_128.jpg,200,pypiahmad,CC BY 4.0,9e664574cd5d6e8c30b3dad0c41a98f18049e0fa1164781c474a74f1e4a722e6,19902c3c361c1f17
pypiahmad_INDIA200_INDIA200_129.jpg,200,pypiahmad,CC BY 4.0,530d1657e453a0ff763dc394f01511ea9c4e97a7aaea0ba4e72220058093fe02,1692161c1c1c1f17
pypiahmad_INDIA200_INDIA200_13.jpg,200,pypiahmad,CC BY 4.0,a1e28b70dca25dc830029ad5b85fb8ff052b6b6a4fbedf853c10f16bc9a5d358,9c8e6ce4e5e5e6d4
pypiahmad_INDIA200_INDIA200_130.jpg,200,pypiahmad,CC BY 4.0,cd3188ec84af3cd178a140f8090be18ab05f15be35f7317d5bbba5bfe4ed796e,96868e0606163617
pypiahmad_INDIA200_INDIA200_131.jpg,200,pypiahmad,CC BY 4.0,bfc981df8e9f39df7641a431e1db70f0639cb820772261cb949cd5b69782e07e,b0394d1e0f070713
pypiahmad_INDIA200_INDIA200_132.jpg,200,pypiahmad,CC BY 4.0,46d74f0a9fa19c7ac6647a3442fe6cd1800d050dc7bfd9bfc5a0e05e6ba3a074,12270703064c3b33
pypiahmad_INDIA200_INDIA200_133.jpg,200,pypiahmad,CC BY 4.0,ff36e21099062060134443cb45e93e1ac8a3722517071acf1e9bc785be079365,682e31313125a200
pypiahmad_INDIA200_INDIA200_134.jpg,200,pypiahmad,CC BY 4.0,5304b35cbf76a32125cab6cd51f478f7243623eb4638338846b07953d5190fa8,69190d2531313161
pypiahmad_INDIA200_INDIA200_135.jpg,200,pypiahmad,CC BY 4.0,07f79cdda9d1883aaa38605ec3d1f7ddfa3afbd4b10706776847c5bd84405260,c0044553534311c3
pypiahmad_INDIA200_INDIA200_136.jpg,200,pypiahmad,CC BY 4.0,9a2158dc098e11e6a1a55d5f51e3db3bc31acfa819816b6a97f27cdadfcd6198,414f614b23073739
pypiahmad_INDIA200_INDIA200_137.jpg,200,pypiahmad,CC BY 4.0,dfc971a2fcc8480113308ac3f888753b3b1cbfbd175f075dfa13364086469899,c8ce0d0dcf47c705
pypiahmad_INDIA200_INDIA200_138.jpg,200,pypiahmad,CC BY 4.0,adc662cc060ed9c22161b473db471e1c3d55d77846703e4057faee3b44446737,392d0d1717314541
pypiahmad_INDIA200_INDIA200_139.jpg,200,pypiahmad,CC BY 4.0,840c214d9464798d03cf5b7ed47866298d8aba8f848358ceb1fffdb812a75cd8,c17353435251d1c1
pypiahmad_INDIA200_INDIA200_14.jpg,200,pypiahmad,CC BY 4.0,6bcda650ca02402ee4f2225688511b785a10b2eb4e3ce9e32a02ea30ef88d41b,9ebeaab8b0f8baf4
pypiahmad_INDIA200_INDIA200_140.jpg,200,pypiahmad,CC BY 4.0,47051147e640783469d6f0c7a07ea882dc42bfa8234964e63d4d2b6bd4c84593,4505313161633119
pypiahmad_INDIA200_INDIA200_141.jpg,200,pypiahmad,CC BY 4.0,cdbd65dadf4e42188e496e5f3f09c0bd8776673184eec60f92af203d33cbb439,0d9a4b4b0f971717
pypiahmad_INDIA200_INDIA200_142.jpg,200,pypiahmad,CC BY 4.0,40b05a7478d21313bf6e0b4c217c242bc63753d3bbedf65a6a9c3ad2e3ea3524,8d8e4c2d0f971737
pypiahmad_INDIA200_INDIA200_143.jpg,200,pypiahmad,CC BY 4.0,2532529ad22dcab7c77c0f5c77deee2b623457db7a9aa10a2234ceaca82e2e07,4e8d4d0d060f9317
pypiahmad_INDIA200_INDIA200_144.jpg,200,pypiahmad,CC BY 4.0,94ab5709b9c110efaddd80f0060a192b5a15958a825c97a4da7e3f308c9c00ab,c69571612f0e9707
pypiahmad_INDIA200_INDIA200_145.jpg,200,pypiahmad,CC BY 4.0,16ad6be435d7930d28317fea47896016998ec94c898720f96b627f307275cec6,a2a61e0c0f2e2e2e
pypiahmad_INDIA200_INDIA200_146.jpg,200,pypiahmad,CC BY 4.0,fac3e8ce49e968fb4f3f04a44dfc16254d7fa5f5036594dca9be75dbbdbde313,cc96c70f0f2f2e2e
pypiahmad_INDIA200_INDIA200_147.jpg,200,pypiahmad,CC BY 4.0,6c20a1645fcee65ddbea347980b2d58bf65f339ff0acc94d60d84464702c93be,fbcf67365e3ff93c
pypiahmad_INDIA200_INDIA200_148.jpg,200,pypiahmad,CC BY 4.0,55627e79da4b9a90cab7283c6c835a49bb70e975bb842d4d5fedf5d0a3e66018,66190d0c171d6c5c
pypiahmad_INDIA200_INDIA200_149.jpg,200,pypiahmad,CC BY 4.0,9d6ba9323569a2a9198975cd9f6352258b3f3ae76208ef16d56e457664a4a61e,fd67334b4b33fc9e
pypiahmad_INDIA200_INDIA200_15.jpg,200,pypiahmad,CC BY 4.0,1449af6a5abc8dc6f4953d115bfe10bbe0c85f775e4febb4f0765f6897144d56,d49c9e92d2929afc
pypiahmad_INDIA200_INDIA200_150.jpg,200,pypiahmad,CC BY 4.0,40caa3bbae60f3c0dd2bb80f93e1b076024cce617768839cc20e3530f39d0881,6c18870f17376cfe
pypiahmad_INDIA200_INDIA200_151.jpg,200,pypiahmad,CC BY 4.0,939b8106f4fd64acb8ffcdd5319226ef997b9e3207f60ae161bdba0b062e52e4,d2e2361c5daa8bcc
pypiahmad_INDIA200_INDIA200_152.jpg,200,pypiahmad,CC BY 4.0,fb4c2be880dca085f758be90f760d0ec1b7a8cdb3500b19f54f28fc624769e6f,d61e1d7c0ccec3c4
pypiahmad_INDIA200_INDIA200_153.jpg,200,pypiahmad,CC BY 4.0,81588ac848f00a8a93bb8732c872c7e59947b20ae9d21b31b88c18455940be8f,d29e86c399e0c4e3
pypiahmad_INDIA200_INDIA200_154.jpg,200,pypiahmad,CC BY 4.0,1a348b7e92fd65e8d38b6173840e162a8a697f734a09ab15375f1fa6ffc02d1d,56c6c35e4666e362
pypiahmad_INDIA200_INDIA200_155.jpg,200,pypiahmad,CC BY 4.0,50f20fcdfcc450cda3ab98571ff57764975eed0be16a8cde9f848eb17f2583b7,e4241c4cccacc0c2
pypiahmad_INDIA200_INDIA200_156.jpg,200,pypiahmad,CC BY 4.0,9fb2dd8f234a44cca178bf9477818dc175500f107c935594f1fecd7045bb3cc3,eddb93cfe8c8c0c1
pypiahmad_INDIA200_INDIA200_157.jpg,200,pypiahmad,CC BY 4.0,816d5b4963fedbb4915cdac9f051e497aba5f0ab7874117253eed8f61006dee4,ec375d1d2c7d7c3c
pypiahmad_INDIA200_INDIA200_158.jpg,200,pypiahmad,CC BY 4.0,ddea0939b2ef4927eb0fce2afc251877d9b5952b6d752a3d009961e73716f560,ccd3c3498c2c3e3e
pypiahmad_INDIA200_INDIA200_159.jpg,200,pypiahmad,CC BY 4.0,568da597a54ce5df2b003a28c46a0cb6ab1cf98c5833fd933ed6dbbd1280321a,aa1a3cb8b5b5d26c
pypiahmad_INDIA200_INDIA200_16.jpg,200,pypiahmad,CC BY 4.0,dfe57000b5fa1e74fc49b1067a90fcba2a97ed8a88c8f0c081b181e11ea9f253,96c6e8daa2a6b4b8
pypiahmad_INDIA200_INDIA200_160.jpg,200,pypiahmad,CC BY 4.0,8b01dae5164ba3a476bbbf8a2080e106ce483d57513f5aeb5f7a50637291d2e4,d69a1a4646373bc0
pypiahmad_INDIA200_INDIA200_17.jpg,200,pypiahmad,CC BY 4.0,61f6d512930ebb33998fd479fa72585442a300c0e745a2f23cc1fb16817ee109,ae868e8c8686c68e
pypiahmad_INDIA200_INDIA200_18.jpg,200,pypiahmad,CC BY 4.0,bfea83a6e4d84d923402879a3209d8cb96fe12aa7d99e50eaf35be0f63e61b8e,bcaea6b69e98dcc4
pypiahmad_INDIA200_INDIA200_19.jpg,200,pypiahmad,CC BY 4.0,2ae191c3d3bb8f609b8e1ed90d9f6e701d9a67f09d4261c17989d9841aadaaa2,68b24272529adaf2
pypiahmad_INDIA200_INDIA200_2.jpg,200,pypiahmad,CC BY 4.0,0bac4724ddeb7bddfeabbd77d84d4374646ca9d69d7144f971f0c389f4668b15,421e8c8686aae9f9
pypiahmad_INDIA200_INDIA200_20.jpg,200,pypiahmad,CC BY 4.0,9d5fc83963cb8e48bbec5596a84efb3a18dd4acd316336d601f116f54c27d9b2,e484b0b0f4b696b8
pypiahmad_INDIA200_INDIA200_21.jpg,200,pypiahmad,CC BY 4.0,bed01de602e3a360d756e1a17c8f21c95024e702a4d4f9d9da6263306f7c3f9b,70e88e8eccd4f1e9
pypiahmad_INDIA200_INDIA200_22.jpg,200,pypiahmad,CC BY 4.0,d92cabfe69a6df44be1f8b35d28d69d7da5fe5d8a2e38132c0255ffe28694522,f0f0b2a2c6cc58d4
pypiahmad_INDIA200_INDIA200_23.jpg,200,pypiahmad,CC BY 4.0,50a0fdf7008f2d4412c982f3259be1cd5e0c11ee24cdfcdcd9589ab30ec9c50e,f1c8eec2ccdcd0b1
pypiahmad_INDIA200_INDIA200_24.jpg,200,pypiahmad,CC BY 4.0,d1e9b7e3e86dad35a005b414fb3ca8784f4de9abeefcf62e54141f1f197d2d14,e8b4d6d6ceceda58
pypiahmad_INDIA200_INDIA200_25.jpg,200,pypiahmad,CC BY 4.0,7c29c5aa4436402c31e2d9f23a7c7bef413c2d1d145ef50681d27142b4ba7d72,03299e48d2a2e0c5
pypiahmad_INDIA200_INDIA200_26.jpg,200,pypiahmad,CC BY 4.0,8c6c6f9e598c1ac2e0617335b343fd917ea9fea3e1d773c5c2481ba79eb89084,81d3c3dad2e3e4e6
pypiahmad_INDIA200_INDIA200_27.jpg,200,pypiahmad,CC BY 4.0,c63128ccf18d97813c04b2b968f0b3699b41e15f85d11df9335acb32bde8f027,87e1e0be9e9b6df9
pypiahmad_INDIA200_INDIA200_28.jpg,200,pypiahmad,CC BY 4.0,e58e37a053e4fc9021bee333b2e5e2487091e18f51718d9d4ada2a446fc8b80f,b9179e8cc7b3e2e4
pypiahmad_INDIA200_INDIA200_29.jpg,200,pypiahmad,CC BY 4.0,1a476bb6959f0edd0a540e2337ba9a0bbb6276e6d1f1ffd70f3648e74de9dd72,c7e1f196ca82ad79
pypiahmad_INDIA200_INDIA200_30.jpg,200,pypiahmad,CC BY 4.0,8220c7333ee826e6f33d13cb09b9a20e98c198a5d571629ac0282d9d71127a50,3b3696ce86d2d3e4
pypiahmad_INDIA200_INDIA200_31.jpg,200,pypiahmad,CC BY 4.0,29247b7be57d396ef4a7c45bea7c149a2c711251fb030d83296be5e2706762b8,7cf4ee9e5c7ebedf
pypiahmad_INDIA200_INDIA200_32.jpg,200,pypiahmad,CC BY 4.0,de98d3aff6f8b5a4c2ccf9e4ab0beb6da2b9eabfe5fefb402d3108803a2180ae,808082961c4880c0
pypiahmad_INDIA200_INDIA200_33.jpg,200,pypiahmad,CC BY 4.0,e8dcab908f8784d9e5e41b7d3ce52a3b9dfdf68c45447598dc06b83642fbe63f,f8f4dcdcdefef6fe
pypiahmad_INDIA200_INDIA200_34.jpg,200,pypiahmad,CC BY 4.0,8e10373983a65b747f908a14a8cdcc040d4a536c9c5bd8e928eed5c470b951ee,7474fcd6c6defeff
pypiahmad_INDIA200_INDIA200_35.jpg,200,pypiahmad,CC BY 4.0,f17d5359615c80fddc4dca50199469cf96339151aeb4e446b85a82cd2c922a87,f090d89edefcfede
pypiahmad_INDIA200_INDIA200_36.jpg,200,pypiahmad,CC BY 4.0,532d3c57226e9688530005f409c6e3ac3805ec42a98fee4d151d3d97af653781,383c6cde8efed6fe
pypiahmad_INDIA200_INDIA200_37.jpg,200,pypiahmad,CC BY 4.0,92e1add2a259a83fad92fe9cbafc162b77185ad9b1f1161fbd1d9e5a6a99d895,3cf49a92cbdefede
pypiahmad_INDIA200_INDIA200_38.jpg,200,pypiahmad,CC BY 4.0,f58e6bcc6edbf8e8c1a40d25a648854533caeb6ed07b77402ece1b876a074b82,70f40e3eb6fefede
pypiahmad_INDIA200_INDIA200_39.jpg,200,pypiahmad,CC BY 4.0,354c7148d78e7462b3dbb2bc633ba76c45a81e43ea643eab70729d9afec01d91,7870f4dedecedefe
pypiahmad_INDIA200_INDIA200_40.jpg,200,pypiahmad,CC BY 4.0,f1fd0dda21db6e748ef1c34af2711a2b1f9b1137d5f590f3814a95c83166cbab,78eccceceefef6fe
pypiahmad_INDIA200_INDIA200_41.jpg,200,pypiahmad,CC BY 4.0,5e5291ddfc995ccb179b204fd858d3bcaa9a0e879b55bc3e3933c6166c47d3ce,f0e4cc9edee6f6de
pypiahmad_INDIA200_INDIA200_42.jpg,200,pypiahmad,CC BY 4.0,89a02146cb87327bc6b4e7e65683f423ec64c302c99f4465232a181f4d53350c,fcfce6e6ceceeeee
pypiahmad_INDIA200_INDIA200_43.jpg,200,pypiahmad,CC BY 4.0,9e489fd6bbcca5ad7b68db9b0bb93322e5928c3127d383df2a279b9c8c7c86c2,f1ae9e4c4f5d6c7c
pypiahmad_INDIA200_INDIA200_44.jpg,200,pypiahmad,CC BY 4.0,a0acc89f1c1ae32ecbbd8d130b91de360cc06bc1336833ce6a50aa4e030dc70d,f39b92cb5f577e7d
pypiahmad_INDIA200_INDIA200_45.jpg,200,pypiahmad,CC BY 4.0,f4855f3ae33a85152204c08d995afc348b0a3ea87e14143aa66ac97c088e9100,f1dceff1ec1eb6be
pypiahmad_INDIA200_INDIA200_46.jpg,200,pypiahmad,CC BY 4.0,d68de057f870593783efbbcfc82200ce2f05ee2c3a63318b69d540aeec3dc9b8,fcbcdc749e9eb7a7
pypiahmad_INDIA200_INDIA200_47.jpg,200,pypiahmad,CC BY 4.0,cfe5666f0d772ca3a6c28d1240d8d29fa344aeb3fcaa5685126aa3396ac18ea7,d9ef779f8f6ffc7e
pypiahmad_INDIA200_INDIA200_48.jpg,200,pypiahmad,CC BY 4.0,58cdd7216b6f903faf6ac46ce52efb279dbf015e7116e83aac7d490518678bd4,f3733e8c0f4f5d7d
pypiahmad_INDIA200_INDIA200_49.jpg,200,pypiahmad,CC BY 4.0,1f0cb533ae19ef4b44442395717a4319687a57c23555969719785aae4bd0fdcf,b9cff7b7cfc77d7d
pypiahmad_INDIA200_INDIA200_5.jpg,200,pypiahmad,CC BY 4.0,1b1c31db4a733c1fa4dcdd2853ad089dc16014e29a375268b3c014f8c2242d3a,8d5cba6cd8b3e6cb
pypiahmad_INDIA200_INDIA200_50.jpg,200,pypiahmad,CC BY 4.0,35128c8b5ab76871537dfde8d032c50bdc6e24504cda2efd38d806fd20275c5f,f9bbc687272f3e7d
pypiahmad_INDIA200_INDIA200_51.jpg,200,pypiahmad,CC BY 4.0,f8caab781a17b917202e4bf4a22b94026613af7db52a11419addbc6be6408884,fc3e7d7cfdb5f7fe
pypiahmad_INDIA200_INDIA200_52.jpg,200,pypiahmad,CC BY 4.0,397e574eac753115c760877df317e140f44a24b8a34f2294290ba4a27b2ddacb,7dab2fb93939bbfd
pypiahmad_INDIA200_INDIA200_53.jpg,200,pypiahmad,CC BY 4.0,4d74454357285fd86441a882180abe21fe9c9a03b04dbadf99c59975ebbd47ba,f39c4d53535bb9ef
pypiahmad_INDIA200_INDIA200_54.jpg,200,pypiahmad,CC BY 4.0,696414118157ccfd248f7ab82134b17a2ae90aaf16699d88548f6d42c9cfdb49,de4f6d7fbbbf3f3f
pypiahmad_INDIA200_INDIA200_55.jpg,200,pypiahmad,CC BY 4.0,4e5f7a2e0791110bdfd7ee3ca7af5f7d42097e1a334d1556ab7e3dec5f55a38e,bccedd8dcdcfffff
pypiahmad_INDIA200_INDIA200_56.jpg,200,pypiahmad,CC BY 4.0,ddff1f1e670dd72bbffabce1c88990f73adcc9815393d7f07c1f8c81ce111e1e,3d2d2d1f3d39dddd
pypiahmad_INDIA200_INDIA200_57.jpg,200,pypiahmad,CC BY 4.0,1b48eaa63a909cb006085fd1ba1316ca0154204c00d434883e3fed55207f9ca5,d3f3d3737272f2ff
pypiahmad_INDIA200_INDIA200_58.jpg,200,pypiahmad,CC BY 4.0,c777878853aac5b8a94ae9a5ae0233b5fcc30e87cc43feaf77a2d4cf34fe8116,cd9d39797d7f7f3b
pypiahmad_INDIA200_INDIA200_59.jpg,200,pypiahmad,CC BY 4.0,947c18ce939fa18443bb37e17ec7571ff8d20730b7eb05794027ff1d60749964,f18ccd9cce5e1697
pypiahmad_INDIA200_INDIA200_6.jpg,200,pypiahmad,CC BY 4.0,cf0ee45d4fdaa1175214b0a9bf0508480dedd76d717530e7f50123682e81b7c7,4bc592d8ec3edcec
pypiahmad_INDIA200_INDIA200_60.jpg,200,pypiahmad,CC BY 4.0,8258d9c440539d79bef7657f40cfff0231238edc90c7b5f84eb1ecf69a5555a8,f094f4e7878e1797
pypiahmad_INDIA200_INDIA200_61.jpg,200,pypiahmad,CC BY 4.0,a852d999a6aaa453f381d65add518683b60e98eada75a9f766ed75d301beecca,1c8eae9e5c7e3f3f
pypiahmad_INDIA200_INDIA200_62.jpg,200,pypiahmad,CC BY 4.0,5eed2427f412210f057d4acfa9ebcf26b425bb9b564217bf0b8bcceeb59a4a1f,3c9e8d8696ba7f1f
pypiahmad_INDIA200_INDIA200_63.jpg,200,pypiahmad,CC BY 4.0,8f72e1054b1cebe01bbfd0d41b74f76cdac0cb548b9ea4ee5ab9fd239721b2bf,6979697969617169
pypiahmad_INDIA200_INDIA200_64.jpg,200,pypiahmad,CC BY 4.0,14ad6ceeb80fd56a2a815132b9745d49fcd0d58ae27357a50e002e4a2f28f713,6961796969697179
pypiahmad_INDIA200_INDIA200_65.jpg,200,pypiahmad,CC BY 4.0,8b64c0f5478d2cfb8468e379b67b08038e9fdefbf8128e927404b6f5bf748ca8,cec793d8fc3e1c0d
pypiahmad_INDIA200_INDIA200_66.jpg,200,pypiahmad,CC BY 4.0,0d74cef50cf31fa5a5b505f19f2ca0cc060b06ad4c8c5564c375982c5a4cf4d9,6d5c3cfcc883c74f
pypiahmad_INDIA200_INDIA200_67.jpg,200,pypiahmad,CC BY 4.0,303367fda419c36f87fbe7b16f1d406d17d511c52fb65f6b06807fb5da80bb9c,761e9a928b9b5f1f
pypiahmad_INDIA200_INDIA200_68.jpg,200,pypiahmad,CC BY 4.0,1dd274b94772d153eec7e063844c08d342e63334e77660516fed5addee61492c,7ebe2e3eb6be7f3f
pypiahmad_INDIA200_INDIA200_69.jpg,200,pypiahmad,CC BY 4.0,01cd249019e04d5980262774eb85c550a148163aabf141c723ae25808cc0843a,6171717979697969
pypiahmad_INDIA200_INDIA200_7.jpg,200,pypiahmad,CC BY 4.0,66d35c63de230300bb60471ca904146145ffb19774b01c613d1c7f8d76669699,854bd393cbd235fa
pypiahmad_INDIA200_INDIA200_71.jpg,200,pypiahmad,CC BY 4.0,3d1cf3c60829f72f719aa10a04107c576f59bd5939c673687a922f20f50d5ec4,cee7c3d9ec361c0d
pypiahmad_INDIA200_INDIA200_72.jpg,200,pypiahmad,CC BY 4.0,c4c984d082d27401cdf91b673ca8cbe55944dc6ec4634f97108228bca8b87424,6d1c3266c4c3c7cf
pypiahmad_INDIA200_INDIA200_73.jpg,200,pypiahmad,CC BY 4.0,958525024fa1d6cee12224ebdf881ab1d08672e028a290097c00168ad253e538,bcbe3cbcf5a5b6fc
pypiahmad_INDIA200_INDIA200_74.jpg,200,pypiahmad,CC BY 4.0,a166422a528df2e5b2e44d83a301c3a1bb1695291018133ce9b73bff7aea17fa,bc8ea8b0b0b8baee
pypiahmad_INDIA200_INDIA200_75.jpg,200,pypiahmad,CC BY 4.0,b099c013d6a3e0d323228e85a778aba7275b5ce94ae7fd06c44d7e9eb9971a42,f48cce52525a98de
pypiahmad_INDIA200_INDIA200_76.jpg,200,pypiahmad,CC BY 4.0,9474476c1e041795f4c7c919099fb78f84467eec762022e85678b05918b8d05f,96ce68caa286b6ba
pypiahmad_INDIA200_INDIA200_77.jpg,200,pypiahmad,CC BY 4.0,7ca4ea5b83b7d55bdb2c3b1eda25ebbb23dc54d9667d9bcc0c39a0a947657d96,8c8e9c8d8fce8e9c
pypiahmad_INDIA200_INDIA200_78.jpg,200,pypiahmad,CC BY 4.0,b74ea396ba649360e183c62ec0fabf8a0910515a589fbe74f26c2c2e24a3e4a4,bcbeae969e98dcfc
pypiahmad_INDIA200_INDIA200_79.jpg,200,pypiahmad,CC BY 4.0,4d3cffa29364ad39a8afb9d9e12c12d87de4c19f53e6ee44ff4b60de4d007f3a,dff2d352521292f6
pypiahmad_INDIA200_INDIA200_8.jpg,200,pypiahmad,CC BY 4.0,b980e48583f7710cc9bacf1f9737fdac155a885a16201d23c0840fd8b0c6f6f5,65a88e3eb6f4f3f3
pypiahmad_INDIA200_INDIA200_80.jpg,200,pypiahmad,CC BY 4.0,e41b885662f41eb76b07da92b9d55a5fd7e2f397d016cd47530db3b61e5c6213,cc8cb8b0f4a6beba
pypiahmad_INDIA200_INDIA200_81.jpg,200,pypiahmad,CC BY 4.0,35ecb58d7c2f6e3a870b14c054bbd3f02fe0602407f8760cd8b6e06959eeacd1,f0fce6f0e6ec54d0
pypiahmad_INDIA200_INDIA200_82.jpg,200,pypiahmad,CC BY 4.0,ef5e0cc35a54b10f4a3f5126dccc4466b70032ca205a1ea9d6e4e05a90832858,e89cd4e6ccdcd1d1
pypiahmad_INDIA200_INDIA200_83.jpg,200,pypiahmad,CC BY 4.0,6072e6e0e83c6d3c5629511976c0d8bb5d98993823c36461c6186bd8e1fc1892,f0f08c8ec4e475d1
pypiahmad_INDIA200_INDIA200_84.jpg,200,pypiahmad,CC BY 4.0,31806773f2c84832add8f1ede5fd76b6de4f84812d6974af8fd1b431d6113612,f0d0b2e2ccfc55d1
pypiahmad_INDIA200_INDIA200_85.jpg,200,pypiahmad,CC BY 4.0,af59ff990c4f3d787737d48a723848447cf03a7d16079c1531ba11daaba19084,86ae9e9ccbe1e7e7
pypiahmad_INDIA200_INDIA200_86.jpg,200,pypiahmad,CC BY 4.0,91d16d219126c67d192f950ecd9a9161248a1563184f5cd37310f8723f2b680f,8e92828bc9a3e6c7
pypiahmad_INDIA200_INDIA200_87.jpg,200,pypiahmad,CC BY 4.0,bf45c7a58c1311b0cd06a8ba8f10e21cf763a4d957291c7482bea005bee150ad,8ec6c3ee8e87b37b
pypiahmad_INDIA200_INDIA200_88.jpg,200,pypiahmad,CC BY 4.0,ca7dad71d30ac10d6c5db2da80d420cbb383164fef4ba63771dfff47f8a68421,d8c39e8e8fd3e78f
pypiahmad_INDIA200_INDIA200_89.jpg,200,pypiahmad,CC BY 4.0,9a2b0996db0dc12f0b088ef58db474d922630ef74eda795314e15cead3b6b91a,82c3e6cfcf9b73ff
pypiahmad_INDIA200_INDIA200_90.jpg,200,pypiahmad,CC BY 4.0,70fd2dae7600058d9c3930630d7701146aaa143d1bf2e109772cf71788fc64e0,f086868e9797a78f
pypiahmad_INDIA200_INDIA200_91.jpg,200,pypiahmad,CC BY 4.0,8087f9e83d0456f643ba4cd2f98aa444b8982f6ddec52951fbd50082d188cf0b,ac65b2961cc0a381
pypiahmad_INDIA200_INDIA200_92.jpg,200,pypiahmad,CC BY 4.0,183fe92f138373e1cab16b1e7f77dd9832025ca9b5b5980c7264f09bb131d047,a96140c69632b2a1
pypiahmad_INDIA200_INDIA200_93.jpg,200,pypiahmad,CC BY 4.0,da2c067a4f7d214529f8162de0fa532809d6fb67ac7c252c0c2226718efe8551,79e34199d1d07171
pypiahmad_INDIA200_INDIA200_94.jpg,200,pypiahmad,CC BY 4.0,08209eae6e3fb4085c1adc75f6a0d40092dc560250c41ba88db4c6bace7ffca1,69e171a1c1c8d151
pypiahmad_INDIA200_INDIA200_95.jpg,200,pypiahmad,CC BY 4.0,92a295c4b6a3ffb1a4c57941f9e302ee3a25adbb225ab12aa5e092e14314d7f6,52c2c148dc3e1c6c
pypiahmad_INDIA200_INDIA200_96.jpg,200,pypiahmad,CC BY 4.0,1fb42cb7c46ea62da266fe386b7f847782daf1882c2acafc4fb5e600c995e9ac,ac9cec6488a1c0c0
pypiahmad_INDIA200_INDIA200_97.jpg,200,pypiahmad,CC BY 4.0,d6ecd60c6bfcf4c7ffcb033d736129cc202971accc55c1324978d43cd49d5898,5bc3909283824543
pypiahmad_INDIA200_INDIA200_98.jpg,200,pypiahmad,CC BY 4.0,5784ffe1be998366c6fdfa9246a5185f676fd48d8e87f3d462abd56256d9a61c,8949322e96828201
pypiahmad_INDIA200_INDIA200_99.jpg,200,pypiahmad,CC BY 4.0,ca7914b55620d1d49050e1d3de12ddb8a68e23d9d20ba80f0b564b0daa2818f8,62f26111d0d8d1c1
pypiahmad_INDIA20_INDIA20_1.jpg,20,pypiahmad,CC BY 4.0,c88897335cace6ba1ddf9788d85527d2187b5537456b15e73234af4004cb2e1f,0aefc9c8ca795b7d
pypiahmad_INDIA20_INDIA20_10.jpg,20,pypiahmad,CC BY 4.0,6f29ea5d6be5c98d9756632cbfd1e90f996f577f73cca8d4686679225ed52517,6961616969696979
pypiahmad_INDIA20_INDIA20_100.jpg,20,pypiahmad,CC BY 4.0,d197070ad8640f6a5742476297659328fab20fcc57774d60f3c05e2fbdc6d89d,71e3636362ea7070
pypiahmad_INDIA20_INDIA20_101.jpg,20,pypiahmad,CC BY 4.0,b5a0efbd373993f6190330f50ea2cea3ec8132037ba5cb008e6a4beaff69382c,d3c2b3b1ecf8bcac
pypiahmad_INDIA20_INDIA20_102.jpg,20,pypiahmad,CC BY 4.0,ba2bdbae2a75c91c543523e5fb15e711688402060b2f7ad918fc5155c55e35a0,149cbca4e0b0e4c0
pypiahmad_INDIA20_INDIA20_103.jpg,20,pypiahmad,CC BY 4.0,f95943d6293798809674736d73659ede5561280fb0d902f191aa68124a22ed13,72490585cdcddfc3
pypiahmad_INDIA20_INDIA20_104.jpg,20,pypiahmad,CC BY 4.0,bf3d9731843bc79c8e16c636604f501a7f4c4a89ab17af31eb42c55ce894a3a8,8890a6be96868e86
pypiahmad_INDIA20_INDIA20_105.jpg,20,pypiahmad,CC BY 4.0,7105a70224b16603f00c955f122d09a62ec2df622f54daed3a4ef2e20d2f805b,ac1912c0404040c0
pypiahmad_INDIA20_INDIA20_106.jpg,20,pypiahmad,CC BY 4.0,f9bbd9b7d7ae3e5d1cd2a4fdbd7ee172576e6767a51defb08e8e2212f299ec54,eab848e8e8f2988c
pypiahmad_INDIA20_INDIA20_107.jpg,20,pypiahmad,CC BY 4.0,e838fb70c1f62639a6a58accd6ab5c3f563abb73d7ded240ac4a081e4146949d,3209187468f87a72
pypiahmad_INDIA20_INDIA20_108.jpg,20,pypiahmad,CC BY 4.0,0b2626fa85e8e8b5e522c3a44aae2e5e7e545d8145e19a6f82c9487ffa5b3e9c,980ca8f2e8e8e898
pypiahmad_INDIA20_INDIA20_109.jpg,20,pypiahmad,CC BY 4.0,beebb72302e8713dac62b3522cd7ff69b806f79f33fd0f7b44cd1333ac6167ad,396a0c0c068680c8
pypiahmad_INDIA20_INDIA20_11.jpg,20,pypiahmad,CC BY 4.0,000ded541e5156fb248f2f227c281f4bdcad1b7d4e043f2d2a3a0e4d493b5d77,c8c6b3d96cbedcec
pypiahmad_INDIA20_INDIA20_110.jpg,20,pypiahmad,CC BY 4.0,4115a4acd61a8f9fa25e2a9289f2531ec2f73661914a09f1d869fa5b70d2acff,ea0896929e9c8c9c
pypiahmad_INDIA20_INDIA20_111.jpg,20,pypiahmad,CC BY 4.0,3bba93d1c6e9c75f7a323def59db102073390b16b7d14d51709c1ddaf69fbd1b,f1bc2c8cccc4d5d4
pypiahmad_INDIA20_INDIA20_112.jpg,20,pypiahmad,CC BY 4.0,56cafa1e2a6f8fb917068442e599e195c95a7ece11e2e86e0aaaf1bdc9e72f10,e1e4e6e2c0cca5b1
pypiahmad_INDIA20_INDIA20_113.jpg,20,pypiahmad,CC BY 4.0,c06968a756ceddbddb0c5e813d4aeec16b71f3a8aedd25789d5923a7cd1b1875,f0c1c2e2e4cc9492
pypiahmad_INDIA20_INDIA20_114.jpg,20,pypiahmad,CC BY 4.0,8e012d394e9cd904746a23c632f8433593eff29b5647b21900b86a98a5860c4f,e8c48c8c98cc41d5
pypiahmad_INDIA20_INDIA20_115.jpg,20,pypiahmad,CC BY 4.0,e775783753a20a5dda5c30ab42a035cd21250d4db2b1bc515554e147f8df7235,b5cdc8ca828acccc
pypiahmad_INDIA20_INDIA20_116.jpg,20,pypiahmad,CC BY 4.0,d85bf0a630ca8d6d9242d4d7c20c4c5c30535c0a248668c71be9652f9a97ef78,95662c8c8aa8c4c4
pypiahmad_INDIA20_INDIA20_117.jpg,20,pypiahmad,CC BY 4.0,f5be9f60f0fe505437a5c19e4a1baa85d16609562aac9be43f0fd65d58403639,1ac4c1e7c683b1f0
pypiahmad_INDIA20_INDIA20_118.jpg,20,pypiahmad,CC BY 4.0,d79380c304865b58d319253ae625eb532c47e9d97205f26d596032c7ba1e5f7d,3a55cd8e8bd2d4e4
pypiahmad_INDIA20_INDIA20_119.jpg,20,pypiahmad,CC BY 4.0,e43d08020c1758c88bbfde617bf2ea6b6951fcfcfe7314d43dfd6e0f80170f33,8ec7e7ee8f93f0e0
pypiahmad_INDIA20_INDIA20_12.jpg,20,pypiahmad,CC BY 4.0,2ca594685f0a6703b561a0905a01f3ae698ec595c8440d2b845ce0aa3d15dd73,ac5cba64c892e6cb
pypiahmad_INDIA20_INDIA20_120.jpg,20,pypiahmad,CC BY 4.0,668ffac5968f42668f1b4327fb8f003f9585a6c5e454fd4a0d97d5c83f95c30f,3a96ac8e9392a4c8
pypiahmad_INDIA20_INDIA20_121.jpg,20,pypiahmad,CC BY 4.0,0d5f64421d12c8eb5185d36315e087bb2632013f238e02024a61f6d11f0dcc6c,020d4d898b0c0d09
pypiahmad_INDIA20_INDIA20_122.jpg,20,pypiahmad,CC BY 4.0,2fe884f94cc3c1b150bd63db635ca08993dad052de8b3c71f39d66c4b124ec60,0a092c2c4c0d1819
pypiahmad_INDIA20_INDIA20_123.jpg,20,pypiahmad,CC BY 4.0,4c4f9dd717a9bc6c968b096d9ba008b2a03f8eeae7d31b5ab023ca37b5b7500c,96361616161e0f0f
pypiahmad_INDIA20_INDIA20_124.jpg,20,pypiahmad,CC BY 4.0,0e3be76270e9edaaf16ead3c2609148ea952a896d2f5b0f14681ef38538e0479,0e0c0c161e353337
pypiahmad_INDIA20_INDIA20_125.jpg,20,pypiahmad,CC BY 4.0,9f1adeec22075453e29baef3ca3f66b1fffddaf0e8219fedbda4626720b6fbf7,30184c0e1b010313
pypiahmad_INDIA20_INDIA20_126.jpg,20,pypiahmad,CC BY 4.0,ade3172e8e54fcf043906b583177d683efc200c6c4d3e95088734acf5a3ee0f0,1203031b0e4d193b
pypiahmad_INDIA20_INDIA20_127.jpg,20,pypiahmad,CC BY 4.0,7fae98c7e96e0c4f76b448ebb147fed683e45e98b38f708f43014b3017838876,1a05362c0e1d1b1b
pypiahmad_INDIA20_INDIA20_128.jpg,20,pypiahmad,CC BY 4.0,74a32ca31a64fa535e7ccc90ea01f69c76aa7e18f64c73c2063f8f48e960ef99,11111d8b99191313
pypiahmad_INDIA20_INDIA20_129.jpg,20,pypiahmad,CC BY 4.0,d340bf8a3278319665626e133d10b929045a971b1c2e90e31cd02c9bb661bcd2,9c0c1c1e1e363617
pypiahmad_INDIA20_INDIA20_13.jpg,20,pypiahmad,CC BY 4.0,3ecb08897c8752a74fecdae253e06a6b8617df26fcc24ea46542353f2b318bce,925ad290d1f0fef6
pypiahmad_INDIA20_INDIA20_130.jpg,20,pypiahmad,CC BY 4.0,072c9044e3bc65e4ede99e0173faba806f3e50d3e1a359f194ed115eda52948e,3434340e0e0e1e1e
pypiahmad_INDIA20_INDIA20_131.jpg,20,pypiahmad,CC BY 4.0,94dfb8c465f19930a2ea7183e4a66209f219331fe598f59795b7cbdb29792e32,30383c160d0c0d12
pypiahmad_INDIA20_INDIA20_132.jpg,20,pypiahmad,CC BY 4.0,67e80d5e31b9104a53cb65f7260f635dc73fca56cd8e16ca7ca2a3afa08faf07,12040c0c061c3809
pypiahmad_INDIA20_INDIA20_133.jpg,20,pypiahmad,CC BY 4.0,ac87bbff0afbe9a3c616607f703adb4a26959555fdad4205943b49d157122d2d,e3c9c1818195c160
pypiahmad_INDIA20_INDIA20_134.jpg,20,pypiahmad,CC BY 4.0,a2f06ce519b65faf9ccffd4d7106cf0afe1a9b6f921897762a6c265eb91784bf,29312f3b13270b0b
pypiahmad_INDIA20_INDIA20_135.jpg,20,pypiahmad,CC BY 4.0,cd3547ea4f1f5f5428dc271c1d8864b0082dfef18bf296e81d040d6e2b3fba5a,2859716071616138
pypiahmad_INDIA20_INDIA20_136.jpg,20,pypiahmad,CC BY 4.0,360ceaf090b94f6f7aa2d0fa7bccf1d1c50d0ba1e4673b2109033c7247ed1f4f,393969696931192d
pypiahmad_INDIA20_INDIA20_137.jpg,20,pypiahmad,CC BY 4.0,cdda6dc0eb4db9eb1c8d5bc4b93dc0881297ddcac00dd4fca4c55a8d8dcde9b8,6179316161f17160
pypiahmad_INDIA20_INDIA20_138.jpg,20,pypiahmad,CC BY 4.0,e3cacc6f1b36f11eb5f9ada861090bef3ccb05c92bb24f461fe185f13ec4f068,194d216161616921
pypiahmad_INDIA20_INDIA20_139.jpg,20,pypiahmad,CC BY 4.0,ba266071ca63be5a82761cf2404b713b0fefc3fc53713b18e1003c82efb3c9bf,33690c0c26061030
pypiahmad_INDIA20_INDIA20_14.jpg,20,pypiahmad,CC BY 4.0,5bccd2908bbfe2ef15931480e660eef0df3df58f922417083c13276e24c01039,bab8c8c8e0f298ec
pypiahmad_INDIA20_INDIA20_140.jpg,20,pypiahmad,CC BY 4.0,c305f1a8d3249de1d0765bb1eeacde43ec6563442e1184d8ce64d7ab23d17b1b,382b16131f196919
pypiahmad_INDIA20_INDIA20_141.jpg,20,pypiahmad,CC BY 4.0,656e7f6efc5e195caab67413f8d6074c446bdf469e64df352dd4c4605dde94a7,8c1d2c0c0c0d2727
pypiahmad_INDIA20_INDIA20_142.jpg,20,pypiahmad,CC BY 4.0,584cd34f40c003a6c5eb352fddfb485182d888775d0127728d898cfacaea8c4b,8665c553460d3727
pypiahmad_INDIA20_INDIA20_143.jpg,20,pypiahmad,CC BY 4.0,ab318590ad75d59452441c09c3b4ff0102168b683f69028e2f8d570bbebe4935,8343d153624e2737
pypiahmad_INDIA20_INDIA20_144.jpg,20,pypiahmad,CC BY 4.0,1ce0d5709c080d76dc29b073842d5443c11fc787849b20f73844f65eda97a15f,860c2d1d1a0b3727
pypiahmad_INDIA20_INDIA20_145.jpg,20,pypiahmad,CC BY 4.0,9ab0a668c44e15a6e3073737e9eaec7df246a3a6d82acea69a0726a2923a338d,4dc9cb8f2e2e0e0e
pypiahmad_INDIA20_INDIA20_146.jpg,20,pypiahmad,CC BY 4.0,5d77890a19eba5785ea5157dde61fe5e5641fd453717948856dd803831d5ac44,c4662c0e2f2e0e0e
pypiahmad_INDIA20_INDIA20_147.jpg,20,pypiahmad,CC BY 4.0,e95ef07d420c393976c4bbd20de1706d09416aaa7642161245f8f61b383b6847,f0f9ee374bcf7ddc
pypiahmad_INDIA20_INDIA20_148.jpg,20,pypiahmad,CC BY 4.0,e290e2da8c92b1b3949be1e2ba2142effd7c3dee04d11f12aa712a615b09537e,8678498f0f1e2c1f
pypiahmad_INDIA20_INDIA20_149.jpg,20,pypiahmad,CC BY 4.0,61cb2a0e08cc5295bc50ce67d8255a43ebdc7d8be3ce8e6c3c9cf3b4f09a71c4,78ed36362e1f2dce
pypiahmad_INDIA20_INDIA20_15.jpg,20,pypiahmad,CC BY 4.0,1df4d111982d9e55036b8fd27d791a4519f75ee021270a393c71e6aca6097b17,d2c9c18185cdc9fd
pypiahmad_INDIA20_INDIA20_150.jpg,20,pypiahmad,CC BY 4.0,850b118b6bf4249d81ed9984b7967ce7f6d6967482b538d8ba316506d7fd6a7b,c8550e0e17161e4c
pypiahmad_INDIA20_INDIA20_151.jpg,20,pypiahmad,CC BY 4.0,457ca619d178299cc1bc8b2a71f87f69ed485526436d541a68aded5c1e48a45f,d2cec9cbbb8dc0e4
pypiahmad_INDIA20_INDIA20_152.jpg,20,pypiahmad,CC BY 4.0,e223f30c1aa217a15810b5ca26056208cb2bfa2d987dc80058bff285045be6af,554dc95b4d45c5c2
pypiahmad_INDIA20_INDIA20_153.jpg,20,pypiahmad,CC BY 4.0,4284473d7b889ddae4061ae0e73a1fbc03ef832382576adcf9c67f76b96b2e37,d2d4662c4cca8ac4
pypiahmad_INDIA20_INDIA20_154.jpg,20,pypiahmad,CC BY 4.0,e36cd53a1932c21ef67f0f1aa0de7529bf945c10582bc9bec6c406be8e235577,d56e2c4d4dcdc2c5
pypiahmad_INDIA20_INDIA20_155.jpg,20,pypiahmad,CC BY 4.0,0a63b2d9d98b1eb9a1f456abbfe995fcd15e18b310a32d7b3a98f3f753dcef9b,dadd88cbcca889c1
pypiahmad_INDIA20_INDIA20_156.jpg,20,pypiahmad,CC BY 4.0,9d645375ddd8558a16ce39696743738ce039b7c85c536960f38a31201b65cfcf,6d4c362cccc88081
pypiahmad_INDIA20_INDIA20_157.jpg,20,pypiahmad,CC BY 4.0,bbfae1817a7345c54d99e24ab2b32b54df1a4602039f3816ac727ef8190b92e3,8cc949cb8c2c5c5c
pypiahmad_INDIA20_INDIA20_158.jpg,20,pypiahmad,CC BY 4.0,984228131d1c0f1dc065be6415ed6d5aa18d1bdfbf050e8864bdc3d479aa792c,cccc666e0c2c1c1c
pypiahmad_INDIA20_INDIA20_159.jpg,20,pypiahmad,CC BY 4.0,4092bfa0e9cc127626d59a6531e5f30d958911e44401a6b34b363e167e8a2b34,55372545a52ffeff
pypiahmad_INDIA20_INDIA20_16.jpg,20,pypiahmad,CC BY 4.0,e5dabafda47af79cd228e912da126fdc65c94621e7a02ef247e3b1e17460942e,9ab2aaba9286cad2
pypiahmad_INDIA20_INDIA20_160.jpg,20,pypiahmad,CC BY 4.0,c29cb2bb81d693990663490c6e4dfb8448ee3a785cfdf6db3830dda9bb218244,c03061e3c55161ec
pypiahmad_INDIA20_INDIA20_17.jpg,20,pypiahmad,CC BY 4.0,ab556487d5831534d13619253d35813a11648d361e48e21cd36af2edd53d8cc2,ada99c2464f4febf
pypiahmad_INDIA20_INDIA20_18.jpg,20,pypiahmad,CC BY 4.0,c89f8545b68ba27586128f4b5a6bc82020c46d3098c473d8df4dbacb653fa63f,989cacf2e8e0f8b8
pypiahmad_INDIA20_INDIA20_19.jpg,20,pypiahmad,CC BY 4.0,6d88678067891a1b5bde2a8a038a1e689c5aea2c61e0ea35811f2f1bc7bf4dd6,d26a0e8ea6a6f679
pypiahmad_INDIA20_INDIA20_2.jpg,20,pypiahmad,CC BY 4.0,49282e80c09047d136be30d8c694bc9e16942808633ea8e12f707d21cf2e5e85,34dcaeeecc2d66b2
pypiahmad_INDIA20_INDIA20_20.jpg,20,pypiahmad,CC BY 4.0,9cfab90678c94187c0e06cda3252d1c398d2a64204eef68eda95e112674cd2fc,beaaae869e98ecbc
pypiahmad_INDIA20_INDIA20_21.jpg,20,pypiahmad,CC BY 4.0,1510575bd3ab6a0d38e7c69d7b625d985e46dfb53738b38b86ce93f87aab2ca6,cdc988dad1c1e6f3
pypiahmad_INDIA20_INDIA20_22.jpg,20,pypiahmad,CC BY 4.0,ba1377bfe76f625577ff0c1e7cf28f5b24c93670aaa165585ef875a13b29fe7a,190e268ed3c3e6e6
pypiahmad_INDIA20_INDIA20_23.jpg,20,pypiahmad,CC BY 4.0,aa52aa294e54c837ad0a8a77ce4ed7f7742e4d1d59a8dc5681ffcac642e943ed,c2118dd89e1768b6
pypiahmad_INDIA20_INDIA20_24.jpg,20,pypiahmad,CC BY 4.0,cde4e23ebc7352626a1a664f46eb0be1dc72308cad07398f3d115cb837b6e55c,e317888ec7c973e2
pypiahmad_INDIA20_INDIA20_25.jpg,20,pypiahmad,CC BY 4.0,5f8a64bfd1498aa43d40985ab7484c32b3fca8bede94124bf65a983bda4214de,05c0e1769c8e936c
pypiahmad_INDIA20_INDIA20_26.jpg,20,pypiahmad,CC BY 4.0,a462fd6f4980d697ddbc86828c85590dee9baccc9d4ae4e24d225c909aea56f4,c7158e8cced3f3e6
pypiahmad_INDIA20_INDIA20_27.jpg,20,pypiahmad,CC BY 4.0,42fb0bcbc2dbb674682bf3fe76ec846c25d9697e5830acb4537516e7aa4d9850,f09cbe8cccf4a122
pypiahmad_INDIA20_INDIA20_28.jpg,20,pypiahmad,CC BY 4.0,1d7092b6e5408248c0ea06fbeb6e099725911eb4396a9a8df0c1a553cfe81a38,f0e4c6c2c6d4d0b1
pypiahmad_INDIA20_INDIA20_29.jpg,20,pypiahmad,CC BY 4.0,e8f4d456ae901ce864bcfabbd7440a8e91298f0ed35f4c84fe207fbb763d96a8,f8c0c2e2c6ecd2b4
pypiahmad_INDIA20_INDIA20_3.jpg,20,pypiahmad,CC BY 4.0,9531ce9230cc56ff4cfa4cb62ea33e3f77b1bbd9c68180464c232bed657f994e,7061616061796968
pypiahmad_INDIA20_INDIA20_30.jpg,20,pypiahmad,CC BY 4.0,27827d26555613215b9e7c134349c40664173dafef4bcd4341b466cc6012671f,f9c48c8c9ad8c4a5
pypiahmad_INDIA20_INDIA20_31.jpg,20,pypiahmad,CC BY 4.0,d967f1bb74a8611ad11457de078fcc2134a85071467d844558968c02e83dddf8,6e6e4cc8de7ffede
pypiahmad_INDIA20_INDIA20_32.jpg,20,pypiahmad,CC BY 4.0,89b1361c4cc9dc46c56be36b6442695a090957223ac8f195b7a84f4a41bc1ada,6e6eaeee7d7ffefe
pypiahmad_INDIA20_INDIA20_33.jpg,20,pypiahmad,CC BY 4.0,dc197ee7b200e53ade810c5522bca821f7205d69acfcb07c92ec574befc0075c,3236360e365e5e4f
pypiahmad_INDIA20_INDIA20_34.jpg,20,pypiahmad,CC BY 4.0,3fb1211aec7346576a9cdcf3ce8155b3a36cc78a84f56c8fa7b49452771e9267,0e1e261e1e3e3ef6
pypiahmad_INDIA20_INDIA20_35.jpg,20,pypiahmad,CC BY 4.0,64852eea7bf717f6f46e49b37d8af668c889dce3c3edb6a8ee0ae9097dca7271,9e9ecece7b357bff
pypiahmad_INDIA20_INDIA20_36.jpg,20,pypiahmad,CC BY 4.0,4faea58b7d0e2c5e5cfae373197888475d2ea040188bc0fad399f1af15558a0f,0e63431a6eeefef6
pypiahmad_INDIA20_INDIA20_37.jpg,20,pypiahmad,CC BY 4.0,df6a78d81833ca98ceae13e58bedc3edfa8dba5f802460fd8315e191225fd17d,3e4e6e2e3e3e7ff7
pypiahmad_INDIA20_INDIA20_38.jpg,20,pypiahmad,CC BY 4.0,05c9f48ac51676bbdbbef940e46f97b285d5cd8ea4308d8a0544a21a382324e0,3e6e8b9b9b7e7eef
pypiahmad_INDIA20_INDIA20_39.jpg,20,pypiahmad,CC BY 4.0,0d27c2c7084f2668c5078ea60ad8f5d65252ae1c348a807c956c47ed49df8dd4,3e0e1e1e1e3e7677
pypiahmad_INDIA20_INDIA20_4.jpg,20,pypiahmad,CC BY 4.0,92e03c9f04393270d5259e43af5c85dd73c88c0f3b26fa8ccad4f2e4daa2a57d,6969696969617161
pypiahmad_INDIA20_INDIA20_40.jpg,20,pypiahmad,CC BY 4.0,ef21bb3cdcfcdb23d5fc5982b845c2f23143ae0d639eede80dbc30d248e799d1,3232362e2e6e5eee
pypiahmad_INDIA20_INDIA20_41.jpg,20,pypiahmad,CC BY 4.0,17ebff3958fa5686d64e00f71785f8a1507690375a8887244945badf52ddda58,0e3e363e2f3e6ee7
pypiahmad_INDIA20_INDIA20_42.jpg,20,pypiahmad,CC BY 4.0,6daf676bdf5dbd795b7e94c7cff005cbecf3ddacdb80a9b564dd90a231ad26c4,0e6e4c9e2e1ebfff
pypiahmad_INDIA20_INDIA20_43.jpg,20,pypiahmad,CC BY 4.0,f3aeacd0bea8a6fd68d91e42cb376c9e213552c1e5da4ead184569132346d88d,9fe9c595dddddbfd
pypiahmad_INDIA20_INDIA20_44.jpg,20,pypiahmad,CC BY 4.0,1e427156884675c3b4ac035c10fb10eff3eab3fd9c9ad93f72c282dca08299d3,09b1bfbb9fd74fdf
pypiahmad_INDIA20_INDIA20_45.jpg,20,pypiahmad,CC BY 4.0,de6a69cebf0a5de9aad34a91b7a31381be996de98755e39098a7fe56d6283357,195b72dcd95bfffd
pypiahmad_INDIA20_INDIA20_46.jpg,20,pypiahmad,CC BY 4.0,cdc32ee09ef23aad3b726d91abb50c971ee51089dd6197e8d3390cd9110669d7,393949f9fdfb9fef
pypiahmad_INDIA20_INDIA20_47.jpg,20,pypiahmad,CC BY 4.0,68810eecfbece5bb02a6d7e5e6ec75c63cc4ee741226a9bc5b3ce94e2fa4ce95,bdad9dbcfdbdfffd
pypiahmad_INDIA20_INDIA20_48.jpg,20,pypiahmad,CC BY 4.0,eac6e99cba6b81d56179b2b41b3abe90b0599cf931c874b828ee9310ea88fcc6,1d0d3d73f9fdf9ff
pypiahmad_INDIA20_INDIA20_49.jpg,20,pypiahmad,CC BY 4.0,607142884df767899c063eb38143afa46e2787e77f4985768aea5926b16b63a5,9b6b0f2e363677ff
pypiahmad_INDIA20_INDIA20_5.jpg,20,pypiahmad,CC BY 4.0,936c727ff45f62d8f1f8962e126e619d951f5a35fa793cd15fae5961ab93b72a,c9c683c86cb25cec
pypiahmad_INDIA20_INDIA20_50.jpg,20,pypiahmad,CC BY 4.0,4a09fc671020663adcc52a1590bdb569ea4160e48887c61b2d86c01734b72ef9,a72b2f973f9dddfd
pypiahmad_INDIA20_INDIA20_51.jpg,20,pypiahmad,CC BY 4.0,194959d6dda2de620534a8175aa2aa6b5fa2dc7f9fee9ad647eb82a94fa210e2,241e3e2c8fef3f2f
pypiahmad_INDIA20_INDIA20_52.jpg,20,pypiahmad,CC BY 4.0,2c6344bb24d460681632564778045b290ef50a776814fd7e39b2baf0f9e29b49,7164c6c2c2dbdbb7
pypiahmad_INDIA20_INDIA20_53.jpg,20,pypiahmad,CC BY 4.0,8929a247416fdb570053e91df7145aee75b952dafbdde45565ff4845a97b6690,61c1d1d2e2ce5f37
pypiahmad_INDIA20_INDIA20_54.jpg,20,pypiahmad,CC BY 4.0,d53b86cc0709b91bb5966b22af58399fb6820dcac615ed4d6bad0ef7cf4f1713,78440c8c9dcdcd17
pypiahmad_INDIA20_INDIA20_55.jpg,20,pypiahmad,CC BY 4.0,084c11ac7174bded87fd128040e6657852d4aefba91843b30dac1b288f4bf88d,ba9ecf67c687b2ee
pypiahmad_INDIA20_INDIA20_56.jpg,20,pypiahmad,CC BY 4.0,66280ee9557941e24ebcb985e6f5ddf4e71ba884fa908aa3a637296fc7e6c523,6e6fcd8e8d6dc5c1
pypiahmad_INDIA20_INDIA20_57.jpg,20,pypiahmad,CC BY 4.0,4f1307f3aee97bc3887d360bb3c924e2e020e724b868c9f08f632e24f2f41b72,dace6726e68716dc
pypiahmad_INDIA20_INDIA20_58.jpg,20,pypiahmad,CC BY 4.0,68637e42ddccc713d634062783f5348a80f3ed60bea1db92932068078b29edab,266f2e8e0e599a16
pypiahmad_INDIA20_INDIA20_59.jpg,20,pypiahmad,CC BY 4.0,a4dbe563c7785ff565e4ecaa1411f834783f1346d1747a012ff3978fd69fc260,4e8c888a2b0f4c0c
pypiahmad_INDIA20_INDIA20_6.jpg,20,pypiahmad,CC BY 4.0,18b6dc5dca2e31dd590e0c30d1b444663c02918f102eaaa88e973790f4b3bdc5,4c98b2f4c8e3c5cb
pypiahmad_INDIA20_INDIA20_60.jpg,20,pypiahmad,CC BY 4.0,41509f5fd6bca495d2ccded0e93f9b8ed1f4cce7eb4c467bb885ca15edd008c6,4e662e0cad2f4e4c
pypiahmad_INDIA20_INDIA20_61.jpg,20,pypiahmad,CC BY 4.0,1e12bcb5aa5dac6d0bd693bf87d2b1d7275ea4fccb224ef6763183e6917ee932,71334cc8cadf3f1f
pypiahmad_INDIA20_INDIA20_62.jpg,20,pypiahmad,CC BY 4.0,82ab53a885411f14533149384f81afdde216f1d451ce1a9c3e912b4b604d5964,73112cac6c4d3f3f
pypiahmad_INDIA20_INDIA20_65.jpg,20,pypiahmad,CC BY 4.0,f649292d5e31ab80910c61c4ca27cab6811d45b5b13fde51da89374629789fb1,c9c7e3c97832182d
pypiahmad_INDIA20_INDIA20_66.jpg,20,pypiahmad,CC BY 4.0,9019cf79d824d8cc50985ff728f3af55e1a30eaede70e1af644bc2344c738303,6d183278c8c3c7cf
pypiahmad_INDIA20_INDIA20_67.jpg,20,pypiahmad,CC BY 4.0,5af845dace2917d8822e3d3154ed89c303651dbc958019b87b81f32fa6366c9d,7315362e0edf3f1f
pypiahmad_INDIA20_INDIA20_68.jpg,20,pypiahmad,CC BY 4.0,20f9093ebe2a0226dbd083c921448405f9807cf387791ed83459ffd2e7f173ad,7b339a8b995e3f1f
pypiahmad_INDIA20_INDIA20_69.jpg,20,pypiahmad,CC BY 4.0,fcab1e3a7dcba8263d25099f5b7c816de690992b7fbe794c6a022cc0cdc04913,7171716969697979
pypiahmad_INDIA20_INDIA20_7.jpg,20,pypiahmad,CC BY 4.0,24213e008af22bcf4c8e229c1f110ff2733c94e5a1cc673714bd4482923b358a,228bf62ea6e7e7b2
pypiahmad_INDIA20_INDIA20_70.jpg,20,pypiahmad,CC BY 4.0,390838ab1d8dec33ecc1b94aaf38cf73e1cb29d9e38ec7065808d89e6be80706,7969697979717171
pypiahmad_INDIA20_INDIA20_71.jpg,20,pypiahmad,CC BY 4.0,5b4b4895ba16556cca1a4273c406cf105108cf66c346e253042fe20f98bd5ae3,cbc7b3d86c3c1c0d
pypiahmad_INDIA20_INDIA20_72.jpg,20,pypiahmad,CC BY 4.0,c5c04b963a81e5da42b953f3e1c33a3b3449e8ec6a22ba01931d01f2ed61322d,6c5c3ce4c893c7cf
pypiahmad_INDIA20_INDIA20_73.jpg,20,pypiahmad,CC BY 4.0,402233eeccf82ca6b14615c498ff58c90aa73496a155b46c5d0879f02494bd04,f3e9c5858d8d9fff
pypiahmad_INDIA20_INDIA20_74.jpg,20,pypiahmad,CC BY 4.0,7b31048642cac298901c978fe498965b84501872f24230ed1b63b46764e4634b,dcd8ae9e9686ce8e
pypiahmad_INDIA20_INDIA20_75.jpg,20,pypiahmad,CC BY 4.0,1b7455b476243f70e93f3e02c74da57a8687c2bf3c3e959c269bd56fe0be440e,0018f8f0f8796c3f
pypiahmad_INDIA20_INDIA20_76.jpg,20,pypiahmad,CC BY 4.0,e0e7974ed279f65a5d202670cf7c5f0c75ae02873f35aa06ea70c957319e598a,bab8d8d8f8b29aac
pypiahmad_INDIA20_INDIA20_77.jpg,20,pypiahmad,CC BY 4.0,0dba0f43b3f865b90a9bcfb88515dfcf271c072fd7e17c7d9172518d5b6411c6,a0b9b864ecb8ba7e
pypiahmad_INDIA20_INDIA20_78.jpg,20,pypiahmad,CC BY 4.0,65f83a79c82d1a2bf1564c092aaf5954b022aac9e588f6eec1e15eedd088bc3f,9c8ca2e2e8e8e8be
pypiahmad_INDIA20_INDIA20_79.jpg,20,pypiahmad,CC BY 4.0,a893c02cffe5c876a29b0594f862c586c49cb6f03794d93275ab0dc5aad8ce57,734b0f0e26a6baff
pypiahmad_INDIA20_INDIA20_8.jpg,20,pypiahmad,CC BY 4.0,cffd2cea00e105d8385289bf33455ba6d974ed69f37d38ea1da72d10c588944a,895e8b9bb1f4f671
pypiahmad_INDIA20_INDIA20_80.jpg,20,pypiahmad,CC BY 4.0,27899ec9d9a530da6e8726058f8919fb086a78fa89cf916dbc7eb73b2b6c513e,babab6969e989cbc
pypiahmad_INDIA20_INDIA20_81.jpg,20,pypiahmad,CC BY 4.0,1b386ea88d2068da367ae240f033478be916df0fc24590ba969861620ecc513f,f99cbe868ececed2
pypiahmad_INDIA20_INDIA20_82.jpg,20,pypiahmad,CC BY 4.0,bf6697e8fbdb262ebba3f1cf4261c37c0415bb97d117d8fc2a52d697ec5368ad,f8e4f6d2c6ccd4d4
pypiahmad_INDIA20_INDIA20_83.jpg,20,pypiahmad,CC BY 4.0,7e032254bf75acc6a3e7d45017b477b8214a37d09812468036cc81d669d76e69,f0e2d2d2e6cc7464
pypiahmad_INDIA20_INDIA20_84.jpg,20,pypiahmad,CC BY 4.0,16fd670733ec0243366727f015b4acd010867f601904091302e9afad43638811,e8142c8c9898dc74
pypiahmad_INDIA20_INDIA20_85.jpg,20,pypiahmad,CC BY 4.0,3c0dff659fc170549f621bb5a0da59ab49b860deecd932befafb2c8916e61cc2,4fcdc8ca4bc1e7e5
pypiahmad_INDIA20_INDIA20_86.jpg,20,pypiahmad,CC BY 4.0,1191d70bf7d6a05435f41fcdb902255481c3eb43b8f56ce47941de7bb760cb91,85642c8ccbe3e5e6
pypiahmad_INDIA20_INDIA20_87.jpg,20,pypiahmad,CC BY 4.0,918a50ed833650a47ff1fe7b18d25205ef5634c4f9f5dd74950fb6d0637f62eb,e4e6f3d98e9f3f7f
pypiahmad_INDIA20_INDIA20_88.jpg,20,pypiahmad,CC BY 4.0,cb17f6b80bcf1c4a477c9aa0a06955bbc2b30d51bf01bb0ed3fd13ab54e76ea5,c806c988d6d3a5cd
pypiahmad_INDIA20_INDIA20_89.jpg,20,pypiahmad,CC BY 4.0,abf77167ee01a183ab5f5d52820d4eeaa4518f61874ee2a2df44beaba16b8d3d,c4e2f33e8e8e3f7f
pypiahmad_INDIA20_INDIA20_90.jpg,20,pypiahmad,CC BY 4.0,6f7b81bb52f97a3c25f1757b0fde4d6a61f7bc1563dd4a4f90f135af65ba7c29,c40fae8e497973e7
pypiahmad_INDIA20_INDIA20_91.jpg,20,pypiahmad,CC BY 4.0,540697337949236b9106511d702df81b8247f12a8979a70b803986ed78269bba,2c2558888bb2b2b0
pypiahmad_INDIA20_INDIA20_92.jpg,20,pypiahmad,CC BY 4.0,b52fb43bb53e08b8e1ae28a348e4903bf1f77b95cc0b82cd9927388741ef12c1,496964ececc032a0
pypiahmad_INDIA20_INDIA20_93.jpg,20,pypiahmad,CC BY 4.0,e398e3bd7682e6a72fc73b1cc47336530c55e15d093928ed8671b13bf9a43ee8,717371f173f06849
pypiahmad_INDIA20_INDIA20_94.jpg,20,pypiahmad,CC BY 4.0,5ace94240aa7b6d16ee7fb43e5a2da66a07c8b38dbbf26d6d1404fe847ef8bc7,59db61a362f27060
pypiahmad_INDIA20_INDIA20_95.jpg,20,pypiahmad,CC BY 4.0,0680dc72b334b10b0de58c21b89ef6fb82b0fe3e5e065bdd9ac34a6d18d8bfbb,d9c3e3c1f0f2b8ac
pypiahmad_INDIA20_INDIA20_96.jpg,20,pypiahmad,CC BY 4.0,3c373896595f893f1f8388ca459e730d2e1065119ebc8338561afdb6a2e114b8,9cdbd2b0c1e2e4c0
pypiahmad_INDIA20_INDIA20_97.jpg,20,pypiahmad,CC BY 4.0,9fd9c56821b802ef0ac4113cb389c65c6a86833f15bd930a929b9b8f618fe540,6c65722e8ef3d0d0
pypiahmad_INDIA20_INDIA20_98.jpg,20,pypiahmad,CC BY 4.0,a2a973b851510255c6f906d6a73671d4ade0be6d7955b52d5ff41f0ef819c66b,494956cb93c6b2a0
pypiahmad_INDIA20_INDIA20_99.jpg,20,pypiahmad,CC BY 4.0,e2538f24da5ecca389a07f470f2c60729e570ddc492cfe6d46c835c92217f9a9,696b4bd353e2f0f0
pypiahmad_INDIA500_INDIA500_1.jpg,500,pypiahmad,CC BY 4.0,6f81b9404762891132d2408fff54edb5bea56a0fb31094adcbb8852e66904031,3d882ea6eeee63f2
pypiahmad_INDIA500_INDIA500_10.jpg,500,pypiahmad,CC BY 4.0,e5f211dc2ed4790c2459d528400ca0845aa04f6de6022526e482921d2cf35bb9,6969696969696169
pypiahmad_INDIA500_INDIA500_100.jpg,500,pypiahmad,CC BY 4.0,973caed2fd08fc16f751a42903b165273ff7a47cc9c469e4a49a9ebb32e48c78,61e169a961e0e161
pypiahmad_INDIA500_INDIA500_101.jpg,500,pypiahmad,CC BY 4.0,f686d45376561a9c7903a4c9d0d19b95c0efd857667c7cac7f857fa156df8bd7,12c2c291cc26dc4c
pypiahmad_INDIA500_INDIA500_102.jpg,500,pypiahmad,CC BY 4.0,e36134c77dd5c867060fb10ac4d191b5416c581f3e3340fee3c75d9aaca77e97,14d8f262c0c0e0c0
pypiahmad_INDIA500_INDIA500_103.jpg,500,pypiahmad,CC BY 4.0,b7478dafa2c28d891af5ffcc6c42928c0f9b2f2dad0b6d5e724161a45b2bb8cf,f0d6d4d494d4d4e4
pypiahmad_INDIA500_INDIA500_104.jpg,500,pypiahmad,CC BY 4.0,52fb1d96696e6174120096e2464a2088d2835591b0440d30606299bd5337190c,a0a6a0a0b0b03cf0
pypiahmad_INDIA500_INDIA500_105.jpg,500,pypiahmad,CC BY 4.0,f9dbea6bab3aeb3b93173a90ac0f89059991efff75684f6132cc3d17190f5817,d28c4e42525a98c6
pypiahmad_INDIA500_INDIA500_106.jpg,500,pypiahmad,CC BY 4.0,32a6d90b948d65fedaf3b4a93eff26c07c221c048f333a1de9fcaf7057e0572f,c4ce680a82863e3a
pypiahmad_INDIA500_INDIA500_107.jpg,500,pypiahmad,CC BY 4.0,1db3d322dfae662f7f4a6e34be5636a4afe43dae99f8eecee818967f65428499,e4ca89091d274ce4
pypiahmad_INDIA500_INDIA500_108.jpg,500,pypiahmad,CC BY 4.0,8f46506768a80a2ce015ef8389dddc637c33c818b2f71e3c5d72e535e0855b84,0c8c0c0c1c98cc64
pypiahmad_INDIA500_INDIA500_109.jpg,500,pypiahmad,CC BY 4.0,95a85e0593f592abfb8b3bd9927afcf459a2f0f362a2f32020e868072c97f08b,c1e6c2c6c454c6c2
pypiahmad_INDIA500_INDIA500_11.jpg,500,pypiahmad,CC BY 4.0,54e0f5c539232c9ba9a2b318d5025b4ed6f1cf204e63c89a95631ffc57962998,cac6c2d9ec36fcec
pypiahmad_INDIA500_INDIA500_110.jpg,500,pypiahmad,CC BY 4.0,80e842ee8e81c1007b02d0378e25e8a7aabbe0481d45b8f1b0cffec27f9b3e5a,c484a0a0ac2a181c
pypiahmad_INDIA500_INDIA500_111.jpg,500,pypiahmad,CC BY 4.0,1c5abe9ac4088ef3a69fc2e0383e07bdffdc4e4300a727deac9df6f220f1da1a,71c8cac8e4e4d585
pypiahmad_INDIA500_INDIA500_112.jpg,500,pypiahmad,CC BY 4.0,0389f95b1e658b9f7a7b3bc9c07be3b6fa77cc707d7f5ccd51967b5283bf2075,f19056268c94e4d5
pypiahmad_INDIA500_INDIA500_113.jpg,500,pypiahmad,CC BY 4.0,f0f32902dfc039e473c379810db0d70c30de58bb331640782f03439e2bb5fe99,70e88ccccce4d192
pypiahmad_INDIA500_INDIA500_114.jpg,500,pypiahmad,CC BY 4.0,0ceb06ee8d6c8c02fe057408ef816641419ac21cca2f419212ec3ccb11ba5173,f0f0f2a0c888d1d5
pypiahmad_INDIA500_INDIA500_115.jpg,500,pypiahmad,CC BY 4.0,a8324b957a2cc5e3d04c47f51e6bc5fb6db661b6b69bfc3b7923c36535394b5d,f5a6968c8aa2c4c4
pypiahmad_INDIA500_INDIA500_116.jpg,500,pypiahmad,CC BY 4.0,f32b995c113360cca0b8eda8bf40cd88108f95020ef040a0836cbeb3a8de1fd1,3592868e8a8ac4c4
pypiahmad_INDIA500_INDIA500_117.jpg,500,pypiahmad,CC BY 4.0,614b91bc62e3f193e54621fb3ce09fd6a3ddb6509e23fe844186863d9e123ea2,cfe3e6f6c2a2e428
pypiahmad_INDIA500_INDIA500_118.jpg,500,pypiahmad,CC BY 4.0,b714943a0fc4641fc88b93eaa6a81cfff00821f555e595c475d8f35b56734eb8,2f868e8e9392e4cc
pypiahmad_INDIA500_INDIA500_119.jpg,500,pypiahmad,CC BY 4.0,2cd228b6a1c58774d666fd69bc10e2dfbca7b7f61caa85072037932fb817bd83,c7e3f2ce8ba0e868
pypiahmad_INDIA500_INDIA500_12.jpg,500,pypiahmad,CC BY 4.0,56825d44aaada4c430dc732ed10520f81a049e2b4fc2893c5ca96c881765818d,6c5c3264c9c3e7ca
pypiahmad_INDIA500_INDIA500_120.jpg,500,pypiahmad,CC BY 4.0,196039e8762e4dcdf579f982089443cec99f04a7efb809e324ea6ae712b7a180,3f83ce8e9292a4cc
pypiahmad_INDIA500_INDIA500_121.jpg,500,pypiahmad,CC BY 4.0,fa8eb9792e17025fbb10008e7c5d6f7424c0917b99ca64b22c46e4dd1a543410,0c082e1e0e0c1e0f
pypiahmad_INDIA500_INDIA500_122.jpg,500,pypiahmad,CC BY 4.0,b736f8145d886b038b430f543a0bc3502c07da6adcb031efb0f60b70f5240691,19988d878a0a1f1f
pypiahmad_INDIA500_INDIA500_123.jpg,500,pypiahmad,CC BY 4.0,3029c604b799cec87c5ff51bdc9c3ce060a21d80ff605d43a56e0f80477ab206,9e960c1c1e161717
pypiahmad_INDIA500_INDIA500_124.jpg,500,pypiahmad,CC BY 4.0,8c2836449bf35d8029aa1a3dae449818aa735439824c06ddf621637586be5b2d,96b4941c0c1c1606
pypiahmad_INDIA500_INDIA500_125.jpg,500,pypiahmad,CC BY 4.0,fe169ba01d9d6bcc3c9fed3bad79d784bf3e67693eb06957d2bc0e4c18a253a3,30185c160f0c1313
pypiahmad_INDIA500_INDIA500_126.jpg,500,pypiahmad,CC BY 4.0,f00b1c5790411dfb6373764f988df4c5d229169eb5dd780f34b85f63cc0ba465,12210d1f0e1d1333
pypiahmad_INDIA500_INDIA500_127.jpg,500,pypiahmad,CC BY 4.0,5c0d93da0d5c2a2cef6a70c8e46d2b5a9bf46c35f3840ccb9f28afe956f363d3,18189a868f9c1f13
pypiahmad_INDIA500_INDIA500_128.jpg,500,pypiahmad,CC BY 4.0,1144d229decc94511347609480379c73b0aff1bd77d0658182672dc3dc1938e8,18980e1e1e0e1f1f
pypiahmad_INDIA500_INDIA500_129.jpg,500,pypiahmad,CC BY 4.0,aa03d58bc2149cf09ab5f4f9c1654527dd588e711426754e1d353b7cc92af2ce,9612161e1e1e1f17
pypiahmad_INDIA500_INDIA500_13.jpg,500,pypiahmad,CC BY 4.0,aa3ae530293e60881f9b1220135f07ca2fcfd0a3d54e4ce395fc0f90e8132385,d8def4f4f4f6d288
pypiahmad_INDIA500_INDIA500_130.jpg,500,pypiahmad,CC BY 4.0,6513fee9a1b4bc86d1bc37bb536e9c98c5b571ec95399d1500843cbc8439661e,9686060616163717
pypiahmad_INDIA500_INDIA500_131.jpg,500,pypiahmad,CC BY 4.0,24e60fb1f92210bd605c12de14b29b3c3a25218612242b07b0668303d92d1f4a,3169cc1f0f07131b
pypiahmad_INDIA500_INDIA500_132.jpg,500,pypiahmad,CC BY 4.0,b0a4985f2c77526776c93024216b47b6b6a05352c45b8889341dfc6a9452b9ea,1223011306cd3333
pypiahmad_INDIA500_INDIA500_133.jpg,500,pypiahmad,CC BY 4.0,04cd0631179be457bf43fd878be33cc24a76610758f33291cc092874f2d6b87f,70d0b5f1f5d5d0c0
pypiahmad_INDIA500_INDIA500_134.jpg,500,pypiahmad,CC BY 4.0,a2e6acd29dafef188fd24698af1da592f845c49165e47d09f961930f6c8e655d,3f2d293931313171
pypiahmad_INDIA500_INDIA500_135.jpg,500,pypiahmad,CC BY 4.0,19d30cab6032cd979216035e9315f557767fa418edd940c55300861ba1e78d5c,d08c4b43435919c0
pypiahmad_INDIA500_INDIA500_136.jpg,500,pypiahmad,CC BY 4.0,a9a164fa2ba2e0b847705e7e43c2414bf4bd0a9a3397ced9c6db16d28e29bf09,752f292903073339
pypiahmad_INDIA500_INDIA500_137.jpg,500,pypiahmad,CC BY 4.0,9a8bca3bc35acc5b29e9c265f437bf003f36fd9479f851bc350f3932fe008665,68cc8929593701f0
pypiahmad_INDIA500_INDIA500_138.jpg,500,pypiahmad,CC BY 4.0,133be4a9cc29c38894bc3b8a59441a2a8a145837ef2c3bc3a8f1821881cf8b19,0d0d0d2d3d394d61
pypiahmad_INDIA500_INDIA500_139.jpg,500,pypiahmad,CC BY 4.0,e03e22df7d67cb14f20fc08e5a2210e4e5f20aed2d189d052df043054d204399,c8e242464071d1c0
pypiahmad_INDIA500_INDIA500_14.jpg,500,pypiahmad,CC BY 4.0,01607b1034cadad29313a773724d342df807e79fddf21850348a6eb388bf7bb9,9eaea8a8b0b0b8e0
pypiahmad_INDIA500_INDIA500_140.jpg,500,pypiahmad,CC BY 4.0,58292d7c114b552c734458b28b1a119e111ac1ccac6f524485a37c0efa6dfaa4,5535393131211919
pypiahmad_INDIA500_INDIA500_141.jpg,500,pypiahmad,CC BY 4.0,ba6c824837d56585ea578e5d682c946dda3b1ac5cee35b93b44ee54651735a83,4c0ac945260b1317
pypiahmad_INDIA500_INDIA500_142.jpg,500,pypiahmad,CC BY 4.0,b3ea9cc6dcbfe6b6c5dfd3f3799f8dd2e92318c962db2eb09275fdda7cb811ed,479c56260e9b9317
pypiahmad_INDIA500_INDIA500_143.jpg,500,pypiahmad,CC BY 4.0,e571db7e45322e50bbfaf9883a29788d014a91dae4206a2e411e04bafcf91e02,4e8d8d4f0e071717
pypiahmad_INDIA500_INDIA500_144.jpg,500,pypiahmad,CC BY 4.0,6fa883424b9ea16ffe0639db8d48738a3a82b592fe7f3e3ef6fc58ba19d3f1ae,8d3a6121290b1717
pypiahmad_INDIA500_INDIA500_145.jpg,500,pypiahmad,CC BY 4.0,f8d9f7b6f01e7eb9324af9b94211f1636e88ed15d732f41d5b856b996930be04,26261e0c2f4e5c1e
pypiahmad_INDIA500_INDIA500_146.jpg,500,pypiahmad,CC BY 4.0,bea675c303b9110cc1540bcd1c202884bd9d5425833537099946aa00508d24aa,8a868f8f2f2e2e2e
pypiahmad_INDIA500_INDIA500_147.jpg,500,pypiahmad,CC BY 4.0,247f456ff2fb13149855d5355ed1e7f42a7ed7d41523928cbf2ac0062a140586,faef36365e3dfc1e
pypiahmad_INDIA500_INDIA500_148.jpg,500,pypiahmad,CC BY 4.0,18dea05938b103cb167d34489e56ee1ecbd78bda1a11905eb4621977714ae1bc,c8740e0e171c6e5e
pypiahmad_INDIA500_INDIA500_149.jpg,500,pypiahmad,CC BY 4.0,ebbfda798f3831bce329d44c72b6fe77885d59460ad179ea5c93188fe87b70db,fbef3616cf3dbe1f
pypiahmad_INDIA500_INDIA500_15.jpg,500,pypiahmad,CC BY 4.0,394b15185632423e7dc1bae33fe48611379d1f54278f604b47ae3e9dc48e33e2,dc8cc6c24ac99ce8
pypiahmad_INDIA500_INDIA500_150.jpg,500,pypiahmad,CC BY 4.0,97d6d2e6fe6e2fd34e37dda47c6cbc0037068ba19cdcfc15392ce5a651471d46,e892870f1f1c3e3e
pypiahmad_INDIA500_INDIA500_151.jpg,500,pypiahmad,CC BY 4.0,fecbf0fdfe64e5cf750ffe5b62bd986b4726c8cb6e67a792dd4097a956ebb41d,b42c3e9c5c8a8ac4
pypiahmad_INDIA500_INDIA500_152.jpg,500,pypiahmad,CC BY 4.0,42b5f08a0b8e36112a15182ac154671b046609aa463ba72648502eecfecad53a,561c1c5a8ecac5c4
pypiahmad_INDIA500_INDIA500_153.jpg,500,pypiahmad,CC BY 4.0,a5edb9e2ccf8536ece5c61902b78d5e469814ffcf0fcb1a874cb191a6088f93f,b68a8e87d4c0c1e4
pypiahmad_INDIA500_INDIA500_154.jpg,500,pypiahmad,CC BY 4.0,8d32ec6505795458f59c7870bc1e1d41677c68a933c6e0fbe3efb9a2f7158e5e,54cdc75444c4c7c4
pypiahmad_INDIA500_INDIA500_155.jpg,500,pypiahmad,CC BY 4.0,d9c7828aaf9a51739aa421d6f90a4ffdee88764e84be9343793a8904442b3d88,742e9e0c4cacc4c4
pypiahmad_INDIA500_INDIA500_156.jpg,500,pypiahmad,CC BY 4.0,203c091113256e9a9346323332154e4f70f582cfe6e685acb8f3b610ae77efd8,6cda86cfccccc0c0
pypiahmad_INDIA500_INDIA500_157.jpg,500,pypiahmad,CC BY 4.0,fb561c37965d5e79ae3d118ae141edb6e5a75a3b8862584aa9dd7dc052a17306,888897cb0d2d5c34
pypiahmad_INDIA500_INDIA500_158.jpg,500,pypiahmad,CC BY 4.0,8818e248c9f10d1b8db38190d94a3bafa422bcced6c03e6e1da3a04fa5926df4,4c641e4d8c2c2e3e
pypiahmad_INDIA500_INDIA500_159.jpg,500,pypiahmad,CC BY 4.0,f1f718683104635ba7835ae1af1a4b7d97381fd97c74a7b706d4ae6437911cb2,5498d8787c72d0ec
pypiahmad_INDIA500_INDIA500_16.jpg,500,pypiahmad,CC BY 4.0,b9e3da37e143bcc13ab889d3a947dd8e3814febe1bd9541543f8d43b32baf38a,d68ee8aaa286b2ba
pypiahmad_INDIA500_INDIA500_160.jpg,500,pypiahmad,CC BY 4.0,e286aacf9b94ba5e2f630458d24377367c5d61aec2df6d426edeb78d0b73788c,d69809444513f3c2
pypiahmad_INDIA500_INDIA500_17.jpg,500,pypiahmad,CC BY 4.0,0766066dceb5fe6821b63a68d4bd5f7b318657fa37b53c73baf24190ad330b18,888e8989d5e6cce4
pypiahmad_INDIA500_INDIA500_18.jpg,500,pypiahmad,CC BY 4.0,0ad2958e8a821cdd649bb970ed141aafb43864cfbe3a412a6634ee70b47b1618,9c9c8c8cbcb8ccf0
pypiahmad_INDIA500_INDIA500_19.jpg,500,pypiahmad,CC BY 4.0,50088a109dd7f9cf3351089315143a2a42e710046000a0e83ffd7bf5a737a533,e8f2c2d2d4f4f2f2
pypiahmad_INDIA500_INDIA500_2.jpg,500,pypiahmad,CC BY 4.0,e3fd3e9f10a315da58e5642aa985c37614a28bb2a7b076ba145dd8168faaadc3,3d08a48686ef62f6
pypiahmad_INDIA500_INDIA500_20.jpg,500,pypiahmad,CC BY 4.0,caa095861cda15051503bf7c0b586169bcc52742ea2d2ffb4d49176a1a010b46,d4bcb0b0b0eab8bc
pypiahmad_INDIA500_INDIA500_21.jpg,500,pypiahmad,CC BY 4.0,e9fee25a957e5460dd6d71b7bc2f9d1111f5402cb779be52c5c00816d559b7a8,f1c88ec8c4d495a1
pypiahmad_INDIA500_INDIA500_22.jpg,500,pypiahmad,CC BY 4.0,316525cb4ee94dfdaaabcb947a09a4003acdaf6f771ea9c360a8a7ecb5a1d36b,f998c686ccd494b1
pypiahmad_INDIA500_INDIA500_23.jpg,500,pypiahmad,CC BY 4.0,5523027e1c4d0839f68a7d5e7113471ac4d33aee92c023cf3698feab8491d68e,b0fc8cc6c4e468d8
pypiahmad_INDIA500_INDIA500_24.jpg,500,pypiahmad,CC BY 4.0,9591fc691aa24570e7717ef343b0125ae742b14de3807431c00937c93b872d15,78f0b2a2c2ced0d1
pypiahmad_INDIA500_INDIA500_25.jpg,500,pypiahmad,CC BY 4.0,4c492dc25aa978c908e79573ae2fe443f346de9c121e7dd78fe5051ebcfd6eaa,9eaea68ecac1e1e5
pypiahmad_INDIA500_INDIA500_26.jpg,500,pypiahmad,CC BY 4.0,882df21410386c2a1eabd049cb9023ad94f57b5673222c75a40ccb0103ab988b,168a868edac1e4e5
pypiahmad_INDIA500_INDIA500_27.jpg,500,pypiahmad,CC BY 4.0,325606dd0a4309940d443934a859d51a291d0e77b1e1e03b942f1e32e560f753,cfe1f3369c9673f9
pypiahmad_INDIA500_INDIA500_28.jpg,500,pypiahmad,CC BY 4.0,ed1df8083ae12fadb85b3821f9a85e7ecdc9072a94a1307e9f2cc7e4b00d910d,35279e8ec6d3e7cc
pypiahmad_INDIA500_INDIA500_29.jpg,500,pypiahmad,CC BY 4.0,2f0a535dc37b3465fb9123309c34d2a8d3806ef0ae41fff260a7f21e419a2589,cce5f3b29e8b91f9
pypiahmad_INDIA500_INDIA500_3.jpg,500,pypiahmad,CC BY 4.0,3cca5e5f99ca85f032bf437fe3f6a67afbac6f6687ee304f045d94352b17fe65,6971696969617171
pypiahmad_INDIA500_INDIA500_30.jpg,500,pypiahmad,CC BY 4.0,8e072d3e0006052e8e2e631fdea74ab6d17510808b18c28273f2568b65195789,76878e86c3d3e78c
pypiahmad_INDIA500_INDIA500_31.jpg,500,pypiahmad,CC BY 4.0,05d772aea57d9a5f3e2480ff74852e2917ca67f322b646a621ab2efc3a2b549b,f8f0ae9e5efefede
pypiahmad_INDIA500_INDIA500_32.jpg,500,pypiahmad,CC BY 4.0,d59aafc8cbc187bf301d575e298927cfe53cbcf9826f5ccf2dd5c6f65a3459be,78f0ed8696bafefe
pypiahmad_INDIA500_INDIA500_33.jpg,500,pypiahmad,CC BY 4.0,b1243067c02fa9c6bc36d1ec5180efd54f8aec1a9bf74e6c463b4b861dd6c7ee,b9d4ccdcdededebe
pypiahmad_INDIA500_INDIA500_34.jpg,500,pypiahmad,CC BY 4.0,ee8a80dfee92e224c054aff0961bddebb71da21559ce5f62fd0d0d9ec20766da,f4f4fc9cdcdcb6be
pypiahmad_INDIA500_INDIA500_35.jpg,500,pypiahmad,CC BY 4.0,6d759b661d4bc9e5db0c78816b0b4a49cd4aeeccd19a67c5dda88b7f47a1035b,b0d8dcdedefcfede
pypiahmad_INDIA500_INDIA500_36.jpg,500,pypiahmad,CC BY 4.0,57527ef8b505c1bd3f8f0819ed0185953f017f2ce4a53885b3bc5348fb7988f0,fafcdcdebcdefefe
pypiahmad_INDIA500_INDIA500_37.jpg,500,pypiahmad,CC BY 4.0,0dfd2a69714d234c9c66b07dd4b75564326598e50b8478171e621548b4d6a551,f8f49a8e8f9efefe
pypiahmad_INDIA500_INDIA500_38.jpg,500,pypiahmad,CC BY 4.0,b2b76d6e4698ebf02ff9dc1173a6280fafbad01d47e6b64673c61923f81a3423,f8f0be1ebefefede
pypiahmad_INDIA500_INDIA500_39.jpg,500,pypiahmad,CC BY 4.0,ca000fadf15bc1f8780fec6cba2c09e257874841b4928d81eae47a3f5dc66735,b2f1d4dedededebe
pypiahmad_INDIA500_INDIA500_40.jpg,500,pypiahmad,CC BY 4.0,f2c6b74bde70fc05a6b541d1fdefdf8d437213a9639a9ac4697641f1f9c1bf3c,fae4ececf6fef4be
pypiahmad_INDIA500_INDIA500_41.jpg,500,pypiahmad,CC BY 4.0,b6cedb9f29987459b8576c49452af21fe606ce74349935b9ed554608841befc8,b1e8cc9ecee6fefe
pypiahmad_INDIA500_INDIA500_42.jpg,500,pypiahmad,CC BY 4.0,cfc79deacced9ac241d904742000c160d3919b67d12b9db7e4f83a8c478abd0f,f2fdd1978ecceebe
pypiahmad_INDIA500_INDIA500_43.jpg,500,pypiahmad,CC BY 4.0,8b5a025b0a2f65aba0ddd549557767a43726c745a8518e22fd2445cfecaf20d0,74fcfdfdfdf5f4fc
pypiahmad_INDIA500_INDIA500_44.jpg,500,pypiahmad,CC BY 4.0,167f4a7a6a037525d7e4d33a84023ae82017a7f8c8c275823513f690fc50b0e8,3f2d29bdbdbdbffe
pypiahmad_INDIA500_INDIA500_45.jpg,500,pypiahmad,CC BY 4.0,fcc84c98bcfa9a7bf364f137bd05984833d81a33e527b922de535db5fa6e813e,de8c43435359bcff
pypiahmad_INDIA500_INDIA500_46.jpg,500,pypiahmad,CC BY 4.0,04acb1bca7e3257976d01a4695123e47f4cce830490a7916ee92f6b6494f94fd,d54f697b13173f3b
pypiahmad_INDIA500_INDIA500_47.jpg,500,pypiahmad,CC BY 4.0,58d6038871286822ed8a8eb7e6480f3b2c36e22d2ec57c14911a862b3adf299b,fccccda9ddf7defc
pypiahmad_INDIA500_INDIA500_48.jpg,500,pypiahmad,CC BY 4.0,b821cdb5712e23b17e7c32bc4fec65649fa862ed988f50755cddf261a82a8cb7,5d1d1d5d3d395dfd
pypiahmad_INDIA500_INDIA500_49.jpg,500,pypiahmad,CC BY 4.0,2f306383b3356d3d1de92fd00b1441bc6b18ea284e64be9b919a9a83e8711933,b386c4e5cf46c627
pypiahmad_INDIA500_INDIA500_5.jpg,500,pypiahmad,CC BY 4.0,f9a7af50ad1eda53b95402d73cb425c5ff371a7e1dc0b0ad9a807f9cda509fc0,ccc593d9ec7edced
pypiahmad_INDIA500_INDIA500_50.jpg,500,pypiahmad,CC BY 4.0,b555c5772c726324b829c99c106f580394c92360eedc128af8d0bd83a559b1c4,d09856a68edb1337
pypiahmad_INDIA500_INDIA500_51.jpg,500,pypiahmad,CC BY 4.0,0df9cf47b74b31cb83f988c104fef923c0a96bcf7a4ef3550655bd4dae9b6c71,6ccd8dc6cfeb1313
pypiahmad_INDIA500_INDIA500_52.jpg,500,pypiahmad,CC BY 4.0,d540dd2fe5fce6190332d1c931430424139250a89fd3f275185a6d904ba535b2,c4f6f2a1a3aa1317
pypiahmad_INDIA500_INDIA500_53.jpg,500,pypiahmad,CC BY 4.0,eb5b3233d26f3c2bff6534d7e837b67e97cc5e31b6973a02bd2b77c205c8d818,f22e9e4c9fad7d7d
pypiahmad_INDIA500_INDIA500_54.jpg,500,pypiahmad,CC BY 4.0,478f58d82309bc6582587510b15faf0a00f6a96799d1e95a7bfe9e703590e923,928a879b8fac7c7c
pypiahmad_INDIA500_INDIA500_55.jpg,500,pypiahmad,CC BY 4.0,7204c1bb8ac88cbcc557ca6c21460af424f02337c6498d786c51b6697b1bbcf7,ebef379e9c2efdfd
pypiahmad_INDIA500_INDIA500_56.jpg,500,pypiahmad,CC BY 4.0,fc1c4fc3195fb3cedb88a1b93f7e1ad4b96e2ec1342aeceb45aa82f1d3c2b0e1,f3329c8c4f4f7dfd
pypiahmad_INDIA500_INDIA500_57.jpg,500,pypiahmad,CC BY 4.0,151a7d6a726a77d14156d907fe20d52b702eb273dd5733e71b4f08f56fa8e18a,bbdf6e9f9f67fcfe
pypiahmad_INDIA500_INDIA500_58.jpg,500,pypiahmad,CC BY 4.0,07a444b6f8c73adbd8296bfc325bc3bbcdcb33a04fbccc9367ec267972ad00b5,b9b99e8f8f466c7c
pypiahmad_INDIA500_INDIA500_59.jpg,500,pypiahmad,CC BY 4.0,d30b1f539f2749c50a188533a50657cb64c38b6128f6239b3f61fa2172f2b53b,f5e6c7c6d4f5f7ff
pypiahmad_INDIA500_INDIA500_6.jpg,500,pypiahmad,CC BY 4.0,c8ca6dc968bf87ca37c98d7fc7b0959cc30a5aa397fd43ff5032b2db73c7767c,6cdc3cece4b3c7ca
pypiahmad_INDIA500_INDIA500_60.jpg,500,pypiahmad,CC BY 4.0,042695977b98440d83f600c2e4c8dcaddf63b0570bb9a0290c7bf46054b9c5de,453db9b17d6b5d7d
pypiahmad_INDIA500_INDIA500_61.jpg,500,pypiahmad,CC BY 4.0,3ec7a126584cd1df95a668e889ebc4911d87378587bca6f54e85c18c37df446b,3e1dae9e9efe3f5f
pypiahmad_INDIA500_INDIA500_62.jpg,500,pypiahmad,CC BY 4.0,32b442eea08a93b2aabd4006d673bbc20c3b5f84972cb7628df1848a47594dd9,fc3eac8682aaffcf
pypiahmad_INDIA500_INDIA500_65.jpg,500,pypiahmad,CC BY 4.0,5a747a5d61c2b557c87aa4ada1bc800600bb52594228a5beadb6d344d9e621f7,cec793d96c3c9ccd
pypiahmad_INDIA500_INDIA500_66.jpg,500,pypiahmad,CC BY 4.0,9b39e3965617ec9d5a6ce49826af52136149944732faca0f6f5def005fc86cff,0c1c3cecd993c7cf
pypiahmad_INDIA500_INDIA500_67.jpg,500,pypiahmad,CC BY 4.0,358f1b4953bf60ec65d94a35029c4c284ba6a1ea725de75f259400101600558f,6e2e9a86879e5f0f
pypiahmad_INDIA500_INDIA500_68.jpg,500,pypiahmad,CC BY 4.0,09dd228337aee7c3ff5b13f500dde7b6197412aea62019beadd5d5636450343a,7edebe9e9ea65f1f
pypiahmad_INDIA500_INDIA500_7.jpg,500,pypiahmad,CC BY 4.0,64d8c85c5e6a0b5afd9c555128562b5eae1aaa8ee5185a4629906bf176a1db2c,286a9a8acbf279fa
pypiahmad_INDIA500_INDIA500_71.jpg,500,pypiahmad,CC BY 4.0,4c422202e153c1a8a72827c0b36651770eda763a78d080e31cb6a603df6cbbc2,cec7c3d86c361c4d
pypiahmad_INDIA500_INDIA500_72.jpg,500,pypiahmad,CC BY 4.0,d13d2689c6d8e37a2e73eefd15ddbae11ea3facf236fa09cc534c1bb94c753c8,0d183264c9c3e74f
pypiahmad_INDIA500_INDIA500_73.jpg,500,pypiahmad,CC BY 4.0,af52043671f635f07dc27b78e81d431d02f48f2098c3846e0387d5bc65558627,fc9ebcfcf4f4969c
pypiahmad_INDIA500_INDIA500_74.jpg,500,pypiahmad,CC BY 4.0,254443b05a9650367002cc5d0b4fb3a6181dfe7bfffab724d1c1b26731233bc6,94aeaebcbcb4befc
pypiahmad_INDIA500_INDIA500_75.jpg,500,pypiahmad,CC BY 4.0,ebba0bdbb0570f9de760a62cbe62c8870c1fb9f5273bb4b2ec757e656f177254,fe8c4e52525a1ade
pypiahmad_INDIA500_INDIA500_76.jpg,500,pypiahmad,CC BY 4.0,a4fa3d5b077bee71a1c2353df5465177be6fa8a64302f189a08b7c1f4fc28c2b,d4cee8ba8286beba
pypiahmad_INDIA500_INDIA500_77.jpg,500,pypiahmad,CC BY 4.0,1442de6d087ab8792de7cade788a51b4ba14e81a375253de4aa2320880f1b806,9c9e8d999d369edc
pypiahmad_INDIA500_INDIA500_78.jpg,500,pypiahmad,CC BY 4.0,e5837259d1f7e1382b25ec57fbc09a567b1ce9d9b599ed9d8838a04c592c21a8,dc9c9c8c9c98ccfc
pypiahmad_INDIA500_INDIA500_79.jpg,500,pypiahmad,CC BY 4.0,3d2695c722a9083642ccd359d25c6f619ebd56557725f32a4974db5fdf973b53,f6e6c6c6d4d4d2de
pypiahmad_INDIA500_INDIA500_8.jpg,500,pypiahmad,CC BY 4.0,a1999503957afcaae83dd18a99354c048c08680b8c42481e417266c4640f893c,8c949e9e96f661fb
pypiahmad_INDIA500_INDIA500_80.jpg,500,pypiahmad,CC BY 4.0,26f6935f437373b81ad078b79041bac33629634f1156b56dfb4f07b21da21c7f,dcbcbcbcbcaa98bc
pypiahmad_INDIA500_INDIA500_81.jpg,500,pypiahmad,CC BY 4.0,5098ced9c112d4b83faffd063d9f652cfe23211f12ece852f9d4e5df4073a1da,8eae9e4cc3c1c7c7
pypiahmad_INDIA500_INDIA500_82.jpg,500,pypiahmad,CC BY 4.0,005685c566d1f3f1c86a65a3079a8a99f81b6f46fac9b832869819ec1f292790,8e86868ec9c1e7e5
pypiahmad_INDIA500_INDIA500_83.jpg,500,pypiahmad,CC BY 4.0,2b0b6e807d6cc7373b65180ab82a403dad396d8b11143de3c77918064bedf5dd,1fcee2e2bece873b
pypiahmad_INDIA500_INDIA500_84.jpg,500,pypiahmad,CC BY 4.0,9d4326ed9170fb9b840d246fcb373fcdc3de75a24b87af53ff49c6cc4abe9be7,7a9e8e8edb93e7cf
pypiahmad_INDIA500_INDIA500_85.jpg,500,pypiahmad,CC BY 4.0,28f123c069604486690224c35794116f502206786e1244001144f952f93c1220,ccc4e29ece8b77ff
pypiahmad_INDIA500_INDIA500_86.jpg,500,pypiahmad,CC BY 4.0,c2f07e8ce8586f5c3fb97dbe8c14470457edefecbbfa3906e78001e2c58ffbc5,369e8e8ed3d3e7cc
pypiahmad_INDIA500_INDIA500_87.jpg,500,pypiahmad,CC BY 4.0,85f83825b3e84fd42972d12bc5f986d76c666efdefbf6eddd72ef90178dfd62d,79f8cacaec55d193
pypiahmad_INDIA500_INDIA500_88.jpg,500,pypiahmad,CC BY 4.0,019dc26bae915b8dd11c6b86cdc5a1f2fd436d33d0874d448c913241c6b79b36,78d8d6a6c6da7276
pypiahmad_INDIA500_INDIA500_89.jpg,500,pypiahmad,CC BY 4.0,81cd4ec45aee33e7f7068bc5606a8051ebb717f993d1d71464a360a95eb754f2,30ec8ccece6a72d0
pypiahmad_INDIA500_INDIA500_9.jpg,500,pypiahmad,CC BY 4.0,15755f0543746fce129756c5eef2f3d7671a386b51694ba7e1aec8318af4ac4a,6971617979797869
pypiahmad_INDIA500_INDIA500_90.jpg,500,pypiahmad,CC BY 4.0,01953c39c95598e49a4000e40e1d4b98afc784848eb6d925a1723fde37833aed,f0f0f0a0ccf875e5
pypiahmad_INDIA500_INDIA500_91.jpg,500,pypiahmad,CC BY 4.0,11fc926d3b9d17acd0ff2d19a42a50c8d1d5ad7fdccd47fb7478dc817b1ca4e2,894b26960cc22303
pypiahmad_INDIA500_INDIA500_92.jpg,500,pypiahmad,CC BY 4.0,0f6a460a46736db1e9d9c8b12e3eba751d65cee25aec1a25b2dd01b2f3e20c2d,8949b0868283a2a3
pypiahmad_INDIA500_INDIA500_93.jpg,500,pypiahmad,CC BY 4.0,ccf8c3e468157994ebccd40f4fbc5cb8c24a3a11266172bb66427c32901897e7,79f341d141d0d171
pypiahmad_INDIA500_INDIA500_94.jpg,500,pypiahmad,CC BY 4.0,6b95644f71a5024159258a502c8390fffefc76d0a53293ce7683bf76bf47e29f,6161718969d8f1c1
pypiahmad_INDIA500_INDIA500_95.jpg,500,pypiahmad,CC BY 4.0,40f206af213ff8d50193f922af29519cfccae7f31df64fc67be3f468e0a29436,5ad2d1d0ccfc5864
pypiahmad_INDIA500_INDIA500_96.jpg,500,pypiahmad,CC BY 4.0,2d0fc510c3cc861515c9f3d60d4bbcdefdc4e580ecc9a1a7f7cd30fc5655c073,54dc3864a090c0c0
pypiahmad_INDIA500_INDIA500_97.jpg,500,pypiahmad,CC BY 4.0,6c06278347ede4606998735af651e01930a3cf91924f84826c56921386ff9954,894b90928382c001
pypiahmad_INDIA500_INDIA500_98.jpg,500,pypiahmad,CC BY 4.0,696d979e25a872f180f267e3291b367e17441344b51a6333dc9844159eca5178,194be01e9686c001
pypiahmad_INDIA500_INDIA500_99.jpg,500,pypiahmad,CC BY 4.0,9f78e6ae8b0ab7c23264ea59314235352966d65f9becae6be3c0c2c9ff70a5ca,71f1719159d85961
pypiahmad_INDIA50NEW_INDIA50NEW_1.jpg,50,pypiahmad,CC BY 4.0,b45a50d818658d17151f89d4b09f108eabc471d1f3f697ff248576686e3f3c0e,27a82a9e99faf2b2
pypiahmad_INDIA50NEW_INDIA50NEW_10.jpg,50,pypiahmad,CC BY 4.0,12da40c980d316465b8b6b34f31277c6608d0d101070d201019dc86980ec75c3,6969696961616169
pypiahmad_INDIA50NEW_INDIA50NEW_100.jpg,50,pypiahmad,CC BY 4.0,dddc1456386e81c1d4462082c615b4b8dca02ee1adbe3a12ce68989bb80dab43,69e161e1c1717069
pypiahmad_INDIA50NEW_INDIA50NEW_101.jpg,50,pypiahmad,CC BY 4.0,160a46eb0872cc409322dd8950c48ced83aa18ab50d3136a750c39fb677036c3,d3e2e1c0e6f27c2c
pypiahmad_INDIA50NEW_INDIA50NEW_102.jpg,50,pypiahmad,CC BY 4.0,88ef66967c73e04ff409cc897831d8e7989851960f3cfac8f3f0ce6ebceecac7,bc9c6266c4c0e440
pypiahmad_INDIA50NEW_INDIA50NEW_103.jpg,50,pypiahmad,CC BY 4.0,16e323c58c31f292726403293891cc970aaf8bc8cd6717df0c4fb2fd4043e046,e08aaaaaaaaaa6f8
pypiahmad_INDIA50NEW_INDIA50NEW_104.jpg,50,pypiahmad,CC BY 4.0,4408f2862c10e709372c6855f561bb7203c70deb4d7fbace9cdcf06dba2af557,e6ae6834246c9cc0
pypiahmad_INDIA50NEW_INDIA50NEW_105.jpg,50,pypiahmad,CC BY 4.0,7b52bd7142551f1dfc5878e74558eb37577bb407263b6fba020d0327935e3a5d,f48c464256c288d8
pypiahmad_INDIA50NEW_INDIA50NEW_106.jpg,50,pypiahmad,CC BY 4.0,f47426e45bd0517828e9043751b60ad08cdab7f37f820d6140a5909bff6f270a,c4c6484b6a263e3d
pypiahmad_INDIA50NEW_INDIA50NEW_107.jpg,50,pypiahmad,CC BY 4.0,868e5cb20b09a08cbebb76247370735c4d478a6ee136ae2b3bbd49f35db35bf0,808e1d1b3357e6fc
pypiahmad_INDIA50NEW_INDIA50NEW_108.jpg,50,pypiahmad,CC BY 4.0,53e3c6cdcba81d2c09b8c5072c3c1ce0ff0352a7acdc2a1a4238de671e66c34f,30060616182c4cd4
pypiahmad_INDIA50NEW_INDIA50NEW_109.jpg,50,pypiahmad,CC BY 4.0,04b411f3c6c73858762f9a944e9ebae69c0a839edc47af59874f0250862470ee,f2e2534360528ac2
pypiahmad_INDIA50NEW_INDIA50NEW_11.jpg,50,pypiahmad,CC BY 4.0,e550ccaedc3e4bc39b03fe7ce10f6597c42d727328d1b7fe1aa5dabef7af6bec,4be5e1c8e4b65c6d
pypiahmad_INDIA50NEW_INDIA50NEW_110.jpg,50,pypiahmad,CC BY 4.0,3e07be78c0a708b753c4f67a55e0d72a2128d35a5146282c72ab2ad4b1f774cd,c08460747c74475d
pypiahmad_INDIA50NEW_INDIA50NEW_111.jpg,50,pypiahmad,CC BY 4.0,710c7ebba3b5a9c1b59e20449e3daf833f81cd6c3f98391473456284de8e0020,e0cc64e0c4c4d496
pypiahmad_INDIA50NEW_INDIA50NEW_112.jpg,50,pypiahmad,CC BY 4.0,6b988a78a0928ebb5a9710104304269c8dbbca6b2397f2a899a720fad6d7f358,e190d6a6ac8cc5a5
pypiahmad_INDIA50NEW_INDIA50NEW_113.jpg,50,pypiahmad,CC BY 4.0,e5578165fee91ac1845496feff5b4de095d7efc23c27ab6355da88659b194609,34e08dcc94c4c5a5
pypiahmad_INDIA50NEW_INDIA50NEW_114.jpg,50,pypiahmad,CC BY 4.0,5d79148335b0d25fa3a1caf466798cad611cdb9563fe7f54be484ffc3d94189d,f0f0e2e0a8a8c1a5
pypiahmad_INDIA50NEW_INDIA50NEW_115.jpg,50,pypiahmad,CC BY 4.0,f5ec2a4815c032b98319dcda5b95b340fc42fde2983be97e0b73bd15f655689f,dea69c988283c4c4
pypiahmad_INDIA50NEW_INDIA50NEW_116.jpg,50,pypiahmad,CC BY 4.0,0a13be8a7c7020ab217e8c1bfd62548f36d08e54043b265761366e58224cd0c8,dad6c78aaa89cc8c
pypiahmad_INDIA50NEW_INDIA50NEW_117.jpg,50,pypiahmad,CC BY 4.0,4d047a8cd1953afbba09cd07f36b231db264615a9482f21cde137424cf77f1a0,1f8ac2e6c689b150
pypiahmad_INDIA50NEW_INDIA50NEW_118.jpg,50,pypiahmad,CC BY 4.0,b9255d12b57690a5e3cd6819102bb186bbbacb0aeb63971cc9d8ffebd177a239,291e968ecb9191b2
pypiahmad_INDIA50NEW_INDIA50NEW_119.jpg,50,pypiahmad,CC BY 4.0,e1840226cda793d1254ad275df713d895f1f75a278a714caa72d736abe9b1724,8fcac066c3c3b1f0
pypiahmad_INDIA50NEW_INDIA50NEW_12.jpg,50,pypiahmad,CC BY 4.0,20558b57aef7fb492625481d8eb5710f63e7963b9685c66b8938065b4beaa36c,091872e4c9c3e64b
pypiahmad_INDIA50NEW_INDIA50NEW_120.jpg,50,pypiahmad,CC BY 4.0,5efc339b5af452c36b8794275b76ce61b85464c2f74f9c3e9f26443aaf862ccc,3b9ec6c7cbdb92b4
pypiahmad_INDIA50NEW_INDIA50NEW_121.jpg,50,pypiahmad,CC BY 4.0,5639665cbe01a227cbe536a03df2bc04c763e46c4dbb504196dfb5636f19ca66,07802c1d1d180c0d
pypiahmad_INDIA50NEW_INDIA50NEW_122.jpg,50,pypiahmad,CC BY 4.0,ccb923a07c43ffb0764ee19e8e0e7587d9452f2914064f5b940b053982cdf222,1798260707080c09
pypiahmad_INDIA50NEW_INDIA50NEW_123.jpg,50,pypiahmad,CC BY 4.0,d503b6e7f7a80c55368ca8ccc606b6964c5ffe7ae1bf6266bd9a3ea43650fe47,02961e1e1e16161a
pypiahmad_INDIA50NEW_INDIA50NEW_124.jpg,50,pypiahmad,CC BY 4.0,6ce9a779e3d853f39e1a9b91cf6b9c971fc9d72828faea128dc6f847ce7c3148,0616160e0607160a
pypiahmad_INDIA50NEW_INDIA50NEW_125.jpg,50,pypiahmad,CC BY 4.0,e1fd621d92e5dcafc8cc13f3b059fbd7ebfb6c1e7d27243186287462ea57301a,33191c1f19051312
pypiahmad_INDIA50NEW_INDIA50NEW_126.jpg,50,pypiahmad,CC BY 4.0,fe6be53ad1c9ca0be1da445867518e4e41e6c87e6739d5dd22d31ee453bfa074,1223091b0e0d1b33
pypiahmad_INDIA50NEW_INDIA50NEW_127.jpg,50,pypiahmad,CC BY 4.0,1c99b1c42694d2f79f059a7e673a70ffeba720d5c963d449e7045842b88c7556,07a89297091b1b0b
pypiahmad_INDIA50NEW_INDIA50NEW_128.jpg,50,pypiahmad,CC BY 4.0,572ca2092d36eef481c02c135baad0f1803236156c5fc39a6bbfddfd75b74ff4,0b922c1c160e1b09
pypiahmad_INDIA50NEW_INDIA50NEW_129.jpg,50,pypiahmad,CC BY 4.0,851f1600c6c4603f52e63c910c532c9f0c70c337e0885ef1f58cc4a161c8dff7,1613161e1e1f1b2b
pypiahmad_INDIA50NEW_INDIA50NEW_13.jpg,50,pypiahmad,CC BY 4.0,db6425a7f6ceebd49750fbed9cf6d5943c3122305aa50c76b65049eaa442c77a,9c92babab8a5a6be
pypiahmad_INDIA50NEW_INDIA50NEW_130.jpg,50,pypiahmad,CC BY 4.0,10ada87f1ffce70334257c832258e8d2174502161bce9fc1140465c6e18702f3,2e26060606372523
pypiahmad_INDIA50NEW_INDIA50NEW_131.jpg,50,pypiahmad,CC BY 4.0,e04623e83fe0fb5228b5942788f3e5b573ea3ab0634c08cfdaa7a132caa8f5cf,37694c170f071313
pypiahmad_INDIA50NEW_INDIA50NEW_132.jpg,50,pypiahmad,CC BY 4.0,e6e71638672b1efc7944dd6e6c665b03ebce337e9ea05b2e0f8206e1cb57d51c,16230303064d3333
pypiahmad_INDIA50NEW_INDIA50NEW_133.jpg,50,pypiahmad,CC BY 4.0,0473928397e18e4c2653876edf8a9e8b2ef19ac144addfc53b2824b899223323,a1a361a3a1658780
pypiahmad_INDIA50NEW_INDIA50NEW_134.jpg,50,pypiahmad,CC BY 4.0,32d83a11d77e3b75305af52cb125da890de39b79dfb709d7ac91583d8d7f0007,4d2b6575316511f0
pypiahmad_INDIA50NEW_INDIA50NEW_135.jpg,50,pypiahmad,CC BY 4.0,aaa1b3ae3e46472b8879a31d9bfcf06463623cb91e945c206d2970ada3e1f64a,5c4c4343534348d0
pypiahmad_INDIA50NEW_INDIA50NEW_136.jpg,50,pypiahmad,CC BY 4.0,d9418290e58f533084ddee8d72c695e476e340d8a8d4261f788e0c3cd7e0bd97,cc49496923273771
pypiahmad_INDIA50NEW_INDIA50NEW_137.jpg,50,pypiahmad,CC BY 4.0,5c0307be00eba823e313f9e97e1aedfefe3b71586444b8f4cef49c3a9b63e00a,c88e3d13134707c0
pypiahmad_INDIA50NEW_INDIA50NEW_138.jpg,50,pypiahmad,CC BY 4.0,50cb4ac6eb5a9da3e6d2d659315dd2bef6f08ffb7b48f8971909be95ec931e3a,1915171559094dd0
pypiahmad_INDIA50NEW_INDIA50NEW_139.jpg,50,pypiahmad,CC BY 4.0,4b3be7e02c192d52c16c52de58c06b6fbee92fac15352ea548bf699d925734be,e2627163615291e1
pypiahmad_INDIA50NEW_INDIA50NEW_14.jpg,50,pypiahmad,CC BY 4.0,ba73cde0da2006c73723093e2f83a351aca1f8fe689818f79cf255494634f887,0c3a4a7434641cbc
pypiahmad_INDIA50NEW_INDIA50NEW_140.jpg,50,pypiahmad,CC BY 4.0,6bf83d989c2883472f5019dfde7e2da6903ef3314baccc8b9e460502eb5806db,d454757161614351
pypiahmad_INDIA50NEW_INDIA50NEW_141.jpg,50,pypiahmad,CC BY 4.0,8ac92f5dfc19744a19ea9f1a738b792d027dec345f21e502e74076b24f07568a,4c8e4d010f17372f
pypiahmad_INDIA50NEW_INDIA50NEW_142.jpg,50,pypiahmad,CC BY 4.0,e34e7188db5616e29a314b666bbd2e403794bb9d7289d6ba2589cc1c92af428f,9696162e0e131727
pypiahmad_INDIA50NEW_INDIA50NEW_143.jpg,50,pypiahmad,CC BY 4.0,66d98889075f321e27e3de5914768503326dc67695edfb8f1c595a70d03d6af2,6c8b890f1e171b0b
pypiahmad_INDIA50NEW_INDIA50NEW_144.jpg,50,pypiahmad,CC BY 4.0,09c8b43de9382dccb38d81a9f1ea85c28acbd6e3e3de41f515f473597ccfe671,44947121271f131b
pypiahmad_INDIA50NEW_INDIA50NEW_145.jpg,50,pypiahmad,CC BY 4.0,2b3b76723cd6d608c40c5a83018129c7c803fb0d16a4a2efc26874d198bae2f1,e02d1d190f2f6e4e
pypiahmad_INDIA50NEW_INDIA50NEW_146.jpg,50,pypiahmad,CC BY 4.0,1348bd63b03b365df1a8cb8c2332cf22838d708697bed3d4f47c487a2a834c82,8a96878b0f372e2e
pypiahmad_INDIA50NEW_INDIA50NEW_147.jpg,50,pypiahmad,CC BY 4.0,2836a82283d8156a3f177ba85f33a099e4c83912cf2e08fa2fc830fed70e1ef0,bb9cef6e1f15fcdc
pypiahmad_INDIA50NEW_INDIA50NEW_148.jpg,50,pypiahmad,CC BY 4.0,8de1563b18d6ae0d23c47aaaaffd3666e1392cfbb0681d1cfa066177f0bd1250,e1180d0d17372cde
pypiahmad_INDIA50NEW_INDIA50NEW_149.jpg,50,pypiahmad,CC BY 4.0,4f6046894f7cf6e584ef18f35ccdf741c9d98567196b6977e5bda1e589b48cff,d9eff6334b4f74ce
pypiahmad_INDIA50NEW_INDIA50NEW_15.jpg,50,pypiahmad,CC BY 4.0,094d424744c8c41a63fcb9af150a3e553c8cbe8f5be77f872633f3c66a992bf5,dc0c4e435743cbff
pypiahmad_INDIA50NEW_INDIA50NEW_150.jpg,50,pypiahmad,CC BY 4.0,30c82d125ff8a7abccbe1abc34bfd27ad9c4c085f0364a440f32bafee3ce1f5e,74c8c70f17162cdf
pypiahmad_INDIA50NEW_INDIA50NEW_151.jpg,50,pypiahmad,CC BY 4.0,864940d4784aa426410137d357510e6705acccd4e8a2a8253c23d64861375d7d,b4ee1c1990aa8a8f
pypiahmad_INDIA50NEW_INDIA50NEW_152.jpg,50,pypiahmad,CC BY 4.0,e6daa85aa0477dd7151e9ff459556a17057715743952d95a735af2c9858b68cd,b4ad9d99ad8d8c8f
pypiahmad_INDIA50NEW_INDIA50NEW_153.jpg,50,pypiahmad,CC BY 4.0,6355cc3d7562739ee8a5aa7bf5f4fd73d88520aeda4ddae8ad163de4ea57c2d7,dadad6c7d3f2c8c6
pypiahmad_INDIA50NEW_INDIA50NEW_154.jpg,50,pypiahmad,CC BY 4.0,1791432f94c789771b6e30c3a41385fb212b457f004d706efd22d08c078aabc6,a5c6c7d38dcdc2c3
pypiahmad_INDIA50NEW_INDIA50NEW_155.jpg,50,pypiahmad,CC BY 4.0,0d7313286e8e9e80795bbf4e8a5d04133dfc8fec0205e58534bc2041c4f27456,e82c1c1cccac8080
pypiahmad_INDIA50NEW_INDIA50NEW_156.jpg,50,pypiahmad,CC BY 4.0,04ce81e8df152b17048e7483b71dc47e81df67a2c952105f3c0b4402618f2d83,c8d2c7cfcc848884
pypiahmad_INDIA50NEW_INDIA50NEW_157.jpg,50,pypiahmad,CC BY 4.0,fb57c7f919a3736a8b62e5cc404f692385f08d409c27453098710679bd4811a8,cc251d191c2c5c7e
pypiahmad_INDIA50NEW_INDIA50NEW_158.jpg,50,pypiahmad,CC BY 4.0,387f76c82443a24e89e3fa4377d34ea421e4b3420680a065dec66d1b59d3f622,ccc3c74b8e8c2c2e
pypiahmad_INDIA50NEW_INDIA50NEW_159.jpg,50,pypiahmad,CC BY 4.0,8ec085bc51dad33fb9cb07a78714df8792c12596d8e1b603469058f8ea96480b,54c8d1f1f5d5428c
pypiahmad_INDIA50NEW_INDIA50NEW_16.jpg,50,pypiahmad,CC BY 4.0,26c3b7bd970f1fe34570cf5a6833f01d54869244e206ea66fbadcc564f9eb746,cc8e482b23263e3a
pypiahmad_INDIA50NEW_INDIA50NEW_160.jpg,50,pypiahmad,CC BY 4.0,5a57a36265b3d25b96c6d634fbeed9e26004d38d94ea32fa88c08e9edd7737fc,d2994b474747d3fe
pypiahmad_INDIA50NEW_INDIA50NEW_17.jpg,50,pypiahmad,CC BY 4.0,17a8f9d98809c1bcecb6339ceed37ae9c11060d3f956c68344f52f1458e201c8,989e1d13d7c7a6bc
pypiahmad_INDIA50NEW_INDIA50NEW_18.jpg,50,pypiahmad,CC BY 4.0,362b3b13ca21eb4d138cc51a7888fd32e0a716c6ed3a28b71800c8d2fd0976bf,1c060616384cccdc
pypiahmad_INDIA50NEW_INDIA50NEW_19.jpg,50,pypiahmad,CC BY 4.0,906b8f66bb4c2251c18606e6515eeb463c166680d19de9a5eb479f7a34fe4810,eee2d3c342d2b2f2
pypiahmad_INDIA50NEW_INDIA50NEW_2.jpg,50,pypiahmad,CC BY 4.0,3942018f75ebb3e19c72666376d33e52f3f6a57b3c8adc0542858c8cbd6fd7be,2ea06687c2ebf5b6
pypiahmad_INDIA50NEW_INDIA50NEW_20.jpg,50,pypiahmad,CC BY 4.0,6aba692cf28e039eea0c03719e224564991d8071dce3e8e2db63dab4d5a24a22,dc9cb8b4e4f6f6b8
pypiahmad_INDIA50NEW_INDIA50NEW_21.jpg,50,pypiahmad,CC BY 4.0,c5525e7f36486b5400be68d9cb5070f23fb9663fda5edbc38156b2c0bf2fae0f,e99896a69c94a4b1
pypiahmad_INDIA50NEW_INDIA50NEW_22.jpg,50,pypiahmad,CC BY 4.0,398387f9e5ab1baf20453c13a7d1ed1c11f2fc2cb2cc1b6f5d68f82b58fa56d3,78ec84e6c6cad091
pypiahmad_INDIA50NEW_INDIA50NEW_23.jpg,50,pypiahmad,CC BY 4.0,89486181238bc80c0e539fa65d8c485c9a6d0c42ab966ee20183ece117163232,30f8e2a2ecd0b0b3
pypiahmad_INDIA50NEW_INDIA50NEW_24.jpg,50,pypiahmad,CC BY 4.0,424a27092b41c88c92248c9346fd3b7823271f1988ce0b2c4dd7a6ba8f865f97,f0c48e8ed4d491b1
pypiahmad_INDIA50NEW_INDIA50NEW_25.jpg,50,pypiahmad,CC BY 4.0,7a613f8e1c40517e44d9f58d2f2d7e114e80efd83503371d112a84db0d6c0e37,c4e0e1769c8f9b6c
pypiahmad_INDIA50NEW_INDIA50NEW_26.jpg,50,pypiahmad,CC BY 4.0,d37f75d3c01f2aca522023951892e564488a368fa16317b8588deb02f470fb02,960e8c86c3d3e2e6
pypiahmad_INDIA50NEW_INDIA50NEW_27.jpg,50,pypiahmad,CC BY 4.0,e72d322fa98e193abf930f4068c25aead1590fdee3277893bc4db81643b968f7,c6e1f1b28f8b2ad6
pypiahmad_INDIA50NEW_INDIA50NEW_28.jpg,50,pypiahmad,CC BY 4.0,39e8655f87af9adf3647c76baed4a43d2b936e3302a0b492a1779c7731d3352a,739e86ce87d1f3e6
pypiahmad_INDIA50NEW_INDIA50NEW_29.jpg,50,pypiahmad,CC BY 4.0,259c949ede4641b3a654a80ca869e99075b04f7a325ace712a518df3794a4c08,ae1c9d8dc0c1c5c1
pypiahmad_INDIA50NEW_INDIA50NEW_3.jpg,50,pypiahmad,CC BY 4.0,bb7fdddd6d0bee08276a1e87ced3bb54d6a2fdc0a50ea5672f795e26ec9109af,6969696969697979
pypiahmad_INDIA50NEW_INDIA50NEW_30.jpg,50,pypiahmad,CC BY 4.0,8b297e3e4cab0293625cc99b2fb83147a6175482c02dd0d2b9f40d6573f9149c,8e86c58faa8185c1
pypiahmad_INDIA50NEW_INDIA50NEW_31.jpg,50,pypiahmad,CC BY 4.0,e666a6552a273817ff3345e14b96b396feacc3b0a0830f2bb70569af8e259024,4f2a2f1e1f7e7fef
pypiahmad_INDIA50NEW_INDIA50NEW_32.jpg,50,pypiahmad,CC BY 4.0,e88f14be2b2001b63b55168e389da9878ace4be457cf11716f40639d1596f20a,5f4e6747477b7fdf
pypiahmad_INDIA50NEW_INDIA50NEW_33.jpg,50,pypiahmad,CC BY 4.0,58811eab9b856da888ec001d8fa374d7306d5c97f298e15560c4848b15aa2dd8,6b561f1e5e5e56df
pypiahmad_INDIA50NEW_INDIA50NEW_34.jpg,50,pypiahmad,CC BY 4.0,a06df2610be7476f6a6707c1e941861d346477490063a214e58e164af8f8a345,6e664e4e4e5e7e7e
pypiahmad_INDIA50NEW_INDIA50NEW_35.jpg,50,pypiahmad,CC BY 4.0,4a29bcc7ddfaa2a74ecddbd6d30d1f6775c0ea4b6e531032bb9a64a2bf2c0173,5e9e9e1e5f6ef7e7
pypiahmad_INDIA50NEW_INDIA50NEW_36.jpg,50,pypiahmad,CC BY 4.0,7ac53dbbb860bbaa85dd59c2783508976234f5db65b26da91f4d8b270432bd83,1e6e6d5b1e5edeee
pypiahmad_INDIA50NEW_INDIA50NEW_37.jpg,50,pypiahmad,CC BY 4.0,895b83e465a1564111535649e112165026ae299be2cd7adcbfa80a99c2e7fbf2,1f4e8e87cb9e7e7f
pypiahmad_INDIA50NEW_INDIA50NEW_38.jpg,50,pypiahmad,CC BY 4.0,083817ab1a167e2ebf6e92b4469f68373c3a30a7a7676b180964ece0eff586c1,5f4e6c5e967e7f7f
pypiahmad_INDIA50NEW_INDIA50NEW_39.jpg,50,pypiahmad,CC BY 4.0,7aa61255eb14287ffaa62852abd2cd56609b128332fd50604f025b5fbd382cc5,7a527616de1e5e6f
pypiahmad_INDIA50NEW_INDIA50NEW_40.jpg,50,pypiahmad,CC BY 4.0,8117e6d54a92944a6be9022bc35383ce691e649dfec7f174c97d77f01f3b55ad,6a6e4e467676776f
pypiahmad_INDIA50NEW_INDIA50NEW_41.jpg,50,pypiahmad,CC BY 4.0,e2ede842ad02c18e837e4786b01a325d9e783c490f693ac89db3b311a0068131,1e66cec6c666f7cf
pypiahmad_INDIA50NEW_INDIA50NEW_42.jpg,50,pypiahmad,CC BY 4.0,27af1eed0c3de79009e55f1ca5f60f29a57d66469834de33a96d5ef1360fa72c,5e6e4b07c6ceefef
pypiahmad_INDIA50NEW_INDIA50NEW_43.jpg,50,pypiahmad,CC BY 4.0,731f7e3746c79f22aad80b15039f08efb1cd39148e3272ffcd028edd7f7f0a55,d89e3d1b57dfdfdd
pypiahmad_INDIA50NEW_INDIA50NEW_44.jpg,50,pypiahmad,CC BY 4.0,8db4f5b6d3fc01a3ebf0bcb558c7561cda5f72712c56366264280834876cba6f,1d07071f190ddedc
pypiahmad_INDIA50NEW_INDIA50NEW_45.jpg,50,pypiahmad,CC BY 4.0,82d6a581f2dc1d7f0a9b00d0e52d27cb137493ddc35af201a336051b03bcb513,eee2436372da9bff
pypiahmad_INDIA50NEW_INDIA50NEW_46.jpg,50,pypiahmad,CC BY 4.0,0903d094bf0bbc6dfc6df41000c12f49e8457e088f5c49cc161e5ff3abdc7276,ccdc797d7d7f7f7d
pypiahmad_INDIA50NEW_INDIA50NEW_47.jpg,50,pypiahmad,CC BY 4.0,bea2d15f3a9c123afcf08c6412a9c163308514e38e6d9bd1eea06b717fd2bb45,9c9abfbfbdadb69e
pypiahmad_INDIA50NEW_INDIA50NEW_48.jpg,50,pypiahmad,CC BY 4.0,fc7035a9998a0d212bea837d0b4c5cfc8a74880cf9c1e16bc9e361b78c37d49b,4d2f4d3d357d9fbc
pypiahmad_INDIA50NEW_INDIA50NEW_49.jpg,50,pypiahmad,CC BY 4.0,040dec23082e6c9b8d2b9673dcc4deb65f75582511308dd1ec69d4eb0d4e95de,dd8c4f435343cbdf
pypiahmad_INDIA50NEW_INDIA50NEW_5.jpg,50,pypiahmad,CC BY 4.0,a23cdd4e7970dc77db60938341801f59f52a40a430b230f1b98a1073f1eee6ff,4ec693d8fc765ced
pypiahmad_INDIA50NEW_INDIA50NEW_50.jpg,50,pypiahmad,CC BY 4.0,f04f41f53f296cdf74857dedf15b67c54759471366540c2866b5c668ec9939ec,dcce49792b373f3f
pypiahmad_INDIA50NEW_INDIA50NEW_51.jpg,50,pypiahmad,CC BY 4.0,48ebd7f59e707249522baf22b3532e768fa431479f5ec7555900ca5805e47d7e,619a16362c1e1f96
pypiahmad_INDIA50NEW_INDIA50NEW_52.jpg,50,pypiahmad,CC BY 4.0,2af32c0c4c9cefb2089c7d3e2da8e3270b2a2af60dec6b9676d48334af60c620,e9ccc6c5cede3fb7
pypiahmad_INDIA50NEW_INDIA50NEW_53.jpg,50,pypiahmad,CC BY 4.0,983e46e77606f05de8ad965c30a6ddcbe35b8ea6a9e08ffeffeb2760bd00e5cb,71966271535e36a6
pypiahmad_INDIA50NEW_INDIA50NEW_54.jpg,50,pypiahmad,CC BY 4.0,580fda68208cc7bce4d19131c385d31a97f9b524c4d95de28ab244c5763d3283,f19cce0e161636b6
pypiahmad_INDIA50NEW_INDIA50NEW_55.jpg,50,pypiahmad,CC BY 4.0,40616f78d6602bbfa2adf8e12e5fec44d018ad853f4007497c1fed38a7cddb61,aa2f1e995f571e3c
pypiahmad_INDIA50NEW_INDIA50NEW_56.jpg,50,pypiahmad,CC BY 4.0,79e56e01c9dec833cd7859eaba9399eeecf5829cb00590ff98e2560876275f71,8e86878b4e563e3e
pypiahmad_INDIA50NEW_INDIA50NEW_57.jpg,50,pypiahmad,CC BY 4.0,b7e22fd64c0a37ac8a2e2126529af8461382770c7b1388625c2ab1eab7f20a17,3a9ecc671c1f6f7d
pypiahmad_INDIA50NEW_INDIA50NEW_58.jpg,50,pypiahmad,CC BY 4.0,e4cdf6ce2add5715883eb70ffe6b66b2e1a84f91b20b16a42b9d78ad0ca7f5f1,8da41d8c87575e7e
pypiahmad_INDIA50NEW_INDIA50NEW_59.jpg,50,pypiahmad,CC BY 4.0,da5a4bf1333e8a21d0fc2dee14fbb39382f98ab112852a280656637e5735aaf3,9acd66379f9f6ff2
pypiahmad_INDIA50NEW_INDIA50NEW_6.jpg,50,pypiahmad,CC BY 4.0,867826533bc6774b6c6c2db221e1272d7179ad6f2d2b2ab7a5ae5153af60f5a1,891cf2f8c891e26f
pypiahmad_INDIA50NEW_INDIA50NEW_60.jpg,50,pypiahmad,CC BY 4.0,e923a8c6b6f5cce8d8fe13b8cbc5b74f454c7ee8edb5881e246a46c45d96d521,cdb48f8f77566e6e
pypiahmad_INDIA50NEW_INDIA50NEW_61.jpg,50,pypiahmad,CC BY 4.0,215f56d2b7ea88aea122e9bc8a6c9646516b6578c89e92905c5f652d25047a64,278fac9c989a7f1f
pypiahmad_INDIA50NEW_INDIA50NEW_62.jpg,50,pypiahmad,CC BY 4.0,c09d74e018fd7addc6609047258d95568011c57a324f542de45fa0c28b33def4,639866c6c2887f3f
pypiahmad_INDIA50NEW_INDIA50NEW_63.jpg,50,pypiahmad,CC BY 4.0,70907d15d896d260a169067482b05c2c6872a3b3188ca97e64b0324339dffe90,6971695969797979
pypiahmad_INDIA50NEW_INDIA50NEW_65.jpg,50,pypiahmad,CC BY 4.0,7c5493affb026e278093b07b61b0ef140a91c67804a3e8e347ed0fe447a784ef,cfc791d8fc361c2d
pypiahmad_INDIA50NEW_INDIA50NEW_66.jpg,50,pypiahmad,CC BY 4.0,65617417a724eb74a42a89590d4a2e4e19a66d69a18b30f618df506ecac0cf4a,491838e8d893c76f
pypiahmad_INDIA50NEW_INDIA50NEW_67.jpg,50,pypiahmad,CC BY 4.0,cf4dd77d9427f88ad036efbea137d96adc0d52870ad15427a161ac93bbaa7f8e,0f339a96859b9e3f
pypiahmad_INDIA50NEW_INDIA50NEW_68.jpg,50,pypiahmad,CC BY 4.0,0b07ad42389905a9743d039040e7af2a37ad9049d9aa6b88147d0af9e2860399,0f933e3c14beffbf
pypiahmad_INDIA50NEW_INDIA50NEW_69.jpg,50,pypiahmad,CC BY 4.0,ee0037e7b1e7f34b99fe1dd0c38d8df3b7fee7cca3cab9f13cba17922c08966e,6979797959495969
pypiahmad_INDIA50NEW_INDIA50NEW_7.jpg,50,pypiahmad,CC BY 4.0,64a1059e6e6d03b9b494593c69083f230ad93ebfb0f11086e28190019a281fff,57ae8686c38ab8f7
pypiahmad_INDIA50NEW_INDIA50NEW_70.jpg,50,pypiahmad,CC BY 4.0,589f7b68995f8db39572250bf432d02857da11bfffd24d6bddecff12c28a8dff,69e9c9c9e9f1e1f9
pypiahmad_INDIA50NEW_INDIA50NEW_71.jpg,50,pypiahmad,CC BY 4.0,9be34d678395e7648b658422f6d5014ba2c53ce32edb5298847796ff7a5bf5a3,4fe7e1d8e4761c3d
pypiahmad_INDIA50NEW_INDIA50NEW_72.jpg,50,pypiahmad,CC BY 4.0,fe6ab2c5f44eed08d9c4563ab4590d87cffa5036d5da51e6f71d9692bd950925,09383264ccc1c76f
pypiahmad_INDIA50NEW_INDIA50NEW_73.jpg,50,pypiahmad,CC BY 4.0,346afe3dfb3715bfad98327121f1b77a0ebda2bc2c25248f09f5e31ff09a51e1,888e1c12168686bc
pypiahmad_INDIA50NEW_INDIA50NEW_74.jpg,50,pypiahmad,CC BY 4.0,ef3064c1476a12ee87ef89c2c5234ff38ee8796684719b41f482be4c8ba0dbdd,1d161616192cccd4
pypiahmad_INDIA50NEW_INDIA50NEW_75.jpg,50,pypiahmad,CC BY 4.0,befcd7dc1682ad28c40bca84e31591de772ac5e07d3141fcb12ff49fb408655a,e2f24373525a9afa
pypiahmad_INDIA50NEW_INDIA50NEW_76.jpg,50,pypiahmad,CC BY 4.0,2a9e81ac65d9d549c7ea71b5371afc287835038fe8c74771b27b4d58812afc25,dc963d347c75575d
pypiahmad_INDIA50NEW_INDIA50NEW_77.jpg,50,pypiahmad,CC BY 4.0,0fce4c21b81641e34989e7c0199704ad244d0337cef9dc003d8c99d3545362a9,fceeb2b4b4f5b4fc
pypiahmad_INDIA50NEW_INDIA50NEW_78.jpg,50,pypiahmad,CC BY 4.0,61a4f66e54fc91761fce50a19965e6c712277a73bcc9d1d69c3247676776e97a,e0daeafabafabaf2
pypiahmad_INDIA50NEW_INDIA50NEW_79.jpg,50,pypiahmad,CC BY 4.0,81a4045a295b1d140a5317738719625777188b4139b8eae4fb619136785793de,dcca595963263636
pypiahmad_INDIA50NEW_INDIA50NEW_8.jpg,50,pypiahmad,CC BY 4.0,0df3e30eac27099ff804cc4c826e9af842a5f2dfc4839d0c6053531bef344970,5786a67c94e65a77
pypiahmad_INDIA50NEW_INDIA50NEW_80.jpg,50,pypiahmad,CC BY 4.0,d595510c570063c73f07f78b74dc6ec099e2dde1a87b55ca329cc88ede3a7289,f4eefdb5bd9dced4
pypiahmad_INDIA50NEW_INDIA50NEW_81.jpg,50,pypiahmad,CC BY 4.0,b4a52d9abc5b385a700720dc812b09c52945661f047ccaf9297336d856c2dbfb,f0c8a6e0cc7251d1
pypiahmad_INDIA50NEW_INDIA50NEW_82.jpg,50,pypiahmad,CC BY 4.0,27fbf62a141927a24c0e5ce87ff7880b1605f11483ca6d3a37b90018cd469e99,70f496a6ced0d1d1
pypiahmad_INDIA50NEW_INDIA50NEW_83.jpg,50,pypiahmad,CC BY 4.0,41a6322f310900714b8d53868cab27fcd8dea0dfbd0445d2ecc3aafabc3499dc,70e88cccdcf475d1
pypiahmad_INDIA50NEW_INDIA50NEW_84.jpg,50,pypiahmad,CC BY 4.0,150ed9021bdbf50b0c54f3fcfb4bd72ab55b7ef68205e8cd2d3c4b2bb5ffc86d,f1f0b2a0ccfc74d4
pypiahmad_INDIA50NEW_INDIA50NEW_85.jpg,50,pypiahmad,CC BY 4.0,10bcb42a1c29fa0b2f0b29fd55e60df75606574ebd06942af812164cf5dd4cb7,96ee9c989aa3a7e5
pypiahmad_INDIA50NEW_INDIA50NEW_86.jpg,50,pypiahmad,CC BY 4.0,4e9035117740b4830b35a6392873687d1ca23c51abfca67453dac6c0c9cbc5ca,8a96c78bcaa3a7c4
pypiahmad_INDIA50NEW_INDIA50NEW_87.jpg,50,pypiahmad,CC BY 4.0,f5ac20a728f05ff2b466c3b1b521d1cba20dc93926a35b76398eb294618a8ecc,e7e2f19f8e8f1b77
pypiahmad_INDIA50NEW_INDIA50NEW_88.jpg,50,pypiahmad,CC BY 4.0,f152c958b03e174329920401cb60aaccd34e2bbc8f32f8d3c8a26475510457a4,970e8c8c46d3b3a7
pypiahmad_INDIA50NEW_INDIA50NEW_89.jpg,50,pypiahmad,CC BY 4.0,ed1e2c21993f4990e2d4c5d1ddbedfc5df0fe99fa859826a551b1f10bca281b5,e3f138cfce9e77bf
pypiahmad_INDIA50NEW_INDIA50NEW_90.jpg,50,pypiahmad,CC BY 4.0,8e5885112f6d5ae699f6b0766f61d153b320add6ad1b0dbb898398a99754e654,c0aece86cbd3a7a7
pypiahmad_INDIA50NEW_INDIA50NEW_91.jpg,50,pypiahmad,CC BY 4.0,d4ff4b04a215934b69f05925305caf456529b0de9d7f52ae41fd1ad3537e7d9a,c9c1309419839292
pypiahmad_INDIA50NEW_INDIA50NEW_92.jpg,50,pypiahmad,CC BY 4.0,4d826a6b739b102a2c706d22c1397636d9db9e5803a848b89d46772d88676376,6d6166c6c2b3d2c0
pypiahmad_INDIA50NEW_INDIA50NEW_93.jpg,50,pypiahmad,CC BY 4.0,ca9d6d22b354d1bc7f039f91ed3f2a62574e6c888a9c3f7698e049d6012edc46,f1f1d9d9c1e0b0f1
pypiahmad_INDIA50NEW_INDIA50NEW_94.jpg,50,pypiahmad,CC BY 4.0,615e3256fe1d1f7b2328fd90f5bce6d39cb68132f78b3fbcc3eb6a7c19c56652,6be161e1c1c0e1a1
pypiahmad_INDIA50NEW_INDIA50NEW_95.jpg,50,pypiahmad,CC BY 4.0,44fc2f411cd0b15cff0ffb0dc13ed23cfccb96ec2fe0c377652639757163a71c,d5c3d398d0f2b0a8
pypiahmad_INDIA50NEW_INDIA50NEW_96.jpg,50,pypiahmad,CC BY 4.0,ce95ac8915bf08670eb91209e259a937e50ea685f14839728054d7c9d704003b,3c983878ccc0e060
pypiahmad_INDIA50NEW_INDIA50NEW_97.jpg,50,pypiahmad,CC BY 4.0,55c91b216e87da4ef8e1812e8b23ca92b57cfcd5634ea6e284872c3a7f8b6a8a,59cbc2d2c3c3a2a0
pypiahmad_INDIA50NEW_INDIA50NEW_98.jpg,50,pypiahmad,CC BY 4.0,332664c2d3050eda2f55cac8a75465a7d0e92ea9ba637708d6b859cc1fd7598f,cbc1345c96a6a2a0
pypiahmad_INDIA50NEW_INDIA50NEW_99.jpg,50,pypiahmad,CC BY 4.0,52957f784290a5cb43e6e8e04668bbb4a0fcdf990f7aeb3e2538d20b081068eb,61f171d1d9d99879
pypiahmad_INDIA50OLD_INDIA50OLD_1.jpg,50,pypiahmad,CC BY 4.0,fc4e18249920df59771696b6181de12ffc5f6eac8a0d3e18229e82a316d39046,24d6ccc8caf4d9fe
pypiahmad_INDIA50OLD_INDIA50OLD_10.jpg,50,pypiahmad,CC BY 4.0,d936dfce63caeece66dda5a07139cfa2545644bfd99e6e04a7e65cfef4ffa0df,e9f1e1e969696979
pypiahmad_INDIA50OLD_INDIA50OLD_100.jpg,50,pypiahmad,CC BY 4.0,8617e38f02d4113be36cffb6669fb231c215d0d41c3c7620523e65417d50c79a,e8f27161e9e16078
pypiahmad_INDIA50OLD_INDIA50OLD_101.jpg,50,pypiahmad,CC BY 4.0,79e442ea241e4b3931320f22c098b3640bb21def2c230b5f69e4ef7e5487dc1a,eae6b3f0e8e85849
pypiahmad_INDIA50OLD_INDIA50OLD_102.jpg,50,pypiahmad,CC BY 4.0,7e2bd03135bbe94f18ab854f6a94555efba67259e9b20d12f7d44be49d0f5557,acbcbc64c0d1c040
pypiahmad_INDIA50OLD_INDIA50OLD_103.jpg,50,pypiahmad,CC BY 4.0,9e663e53c4d1efa97f37752b199ef3aecf4091284f32869ca67d03eede25919e,a0e9c5d5454c8882
pypiahmad_INDIA50OLD_INDIA50OLD_104.jpg,50,pypiahmad,CC BY 4.0,12ec86ace37e424c70854b6b022b50324e1dce2f8fb2866e5042fc23d3ea0eb5,2db99c3a1ac64e86
pypiahmad_INDIA50OLD_INDIA50OLD_105.jpg,50,pypiahmad,CC BY 4.0,c05d19c67a76be4a79670e79cb008362bbf9f9e393c0eed06b3aafe28844dae1,a87864c0d8404486
pypiahmad_INDIA50OLD_INDIA50OLD_106.jpg,50,pypiahmad,CC BY 4.0,2258fa5aafde75b456215bfbb4eb4f7d53990cba0a53a5cb40599989a1943ebe,8061c1c4c2808185
pypiahmad_INDIA50OLD_INDIA50OLD_107.jpg,50,pypiahmad,CC BY 4.0,7178cb9c5fb9747d69b77b827911de1a3301bb53e2ce11bc4aa3d6c1119b8dfd,828b84e0e0b28386
pypiahmad_INDIA50OLD_INDIA50OLD_108.jpg,50,pypiahmad,CC BY 4.0,39dfcde73f7576a93ae366e719fa6388fcb7c0fcaa1f41968c7bb31e9ac0a601,8c8c206040606886
pypiahmad_INDIA50OLD_INDIA50OLD_109.jpg,50,pypiahmad,CC BY 4.0,f9e6880e935142555ba152a1b45c4083d3672419a1b9ac418c40170bb42aaa32,a2208e0006020606
pypiahmad_INDIA50OLD_INDIA50OLD_11.jpg,50,pypiahmad,CC BY 4.0,74b3e2adaf5bec75574bc476d634b3c05279553536f0052914cedce9b7390811,4dc3b1d8ec3c3c6d
pypiahmad_INDIA50OLD_INDIA50OLD_110.jpg,50,pypiahmad,CC BY 4.0,36576aae14de494bb03568db2b59efbcd95d28275de2f935e7fcfd4e65534850,864104160a08888c
pypiahmad_INDIA50OLD_INDIA50OLD_111.jpg,50,pypiahmad,CC BY 4.0,a9e23f412045331c122b43426edc23ef3caf46c4192f93268241659120f2e784,e894ae8ce4649194
pypiahmad_INDIA50OLD_INDIA50OLD_112.jpg,50,pypiahmad,CC BY 4.0,3c8479d376f2f71a962449409a76c44913bcec89f837198ac9e46b23524c5ecc,f1e4c2e0c0cca1a5
pypiahmad_INDIA50OLD_INDIA50OLD_113.jpg,50,pypiahmad,CC BY 4.0,8b49160b84dcfb09358b54b468621840de5d23b2ef66404063b943e09c021b4d,e0e4f6f2e4e4b5a5
pypiahmad_INDIA50OLD_INDIA50OLD_114.jpg,50,pypiahmad,CC BY 4.0,258be3a929678b00a20000cc81c2050c04e221d18bdc36f1920bb0f9327614da,e9d0b8b0b09864a3
pypiahmad_INDIA50OLD_INDIA50OLD_115.jpg,50,pypiahmad,CC BY 4.0,ca2e5bd15b26c7c01f20afdfa46188f7c97bd2d88a033f660b0ef70644eb9185,b7dec8ca88abcccc
pypiahmad_INDIA50OLD_INDIA50OLD_116.jpg,50,pypiahmad,CC BY 4.0,5fcb6960ec9f13aa61bf401f8c30c19f9cb155a3c7fdc62dd1d49aecea76f7c2,f5d6ee2c8b8acccc
pypiahmad_INDIA50OLD_INDIA50OLD_117.jpg,50,pypiahmad,CC BY 4.0,90fd09b680de35849a5225145d1965c9c518bae99b88b0796bbd904fdffbdfbb,14c1c3e6c6c3e0d0
pypiahmad_INDIA50OLD_INDIA50OLD_118.jpg,50,pypiahmad,CC BY 4.0,0df90ebf62951a30935f89ea56b9f84151be166261083eb3f90b52d3a2c6309a,f5bbcecc8bc2c4cc
pypiahmad_INDIA50OLD_INDIA50OLD_119.jpg,50,pypiahmad,CC BY 4.0,ba5fec7f13ea8e048ed779a961f80212d6cc37adff4c91a4e9f94c5d3f06484c,8983c3e68ea3e0c9
pypiahmad_INDIA50OLD_INDIA50OLD_12.jpg,50,pypiahmad,CC BY 4.0,ec1666011206fcf62a51dbc0df79b40660302bb728a611bfd27496a4c11edce4,091c3ce4c891c74a
pypiahmad_INDIA50OLD_INDIA50OLD_120.jpg,50,pypiahmad,CC BY 4.0,8093ef66e6d5719df6693608bd9ab3691d1a8acd42e6307f450cd693c1128555,e53b868e9f92b48c
pypiahmad_INDIA50OLD_INDIA50OLD_121.jpg,50,pypiahmad,CC BY 4.0,e5426a2682af7be7646607f8bfe6ae8381725c8076e69600b4c09f1aa7ee1004,0e04cd898b1c1f1b
pypiahmad_INDIA50OLD_INDIA50OLD_122.jpg,50,pypiahmad,CC BY 4.0,fbd337e8ae396c5228d8d4de50dd7fbe23da4ddd0046ec713a48667bd3399935,0f5b2c2c4c1c1b1b
pypiahmad_INDIA50OLD_INDIA50OLD_123.jpg,50,pypiahmad,CC BY 4.0,60e7abac7da66e5ee9e8213a0abdf3f46bc04130baf543e704e2c810c43a049d,36363616161e0e0f
pypiahmad_INDIA50OLD_INDIA50OLD_124.jpg,50,pypiahmad,CC BY 4.0,da301d6dd60ae350b3b49ad6288601fb7920d173da0783dd1d4a45cdc395bc8c,0e0e061e1e323317
pypiahmad_INDIA50OLD_INDIA50OLD_125.jpg,50,pypiahmad,CC BY 4.0,91b7757bb0b4055b7ed3ba4bf657de59cb9350ac37c9cbace8621ca2df4b6cb7,961844060b070313
pypiahmad_INDIA50OLD_INDIA50OLD_126.jpg,50,pypiahmad,CC BY 4.0,dce269cd8777c2315b49a7afa95c100fd3906baadc69bbed3b6bc50889059ab9,12234b1b4f4e1f33
pypiahmad_INDIA50OLD_INDIA50OLD_127.jpg,50,pypiahmad,CC BY 4.0,28aee928e896044d91a992cf8c6e419d4ac74c4a37fe4a3ac1d2899c606b4bbb,1e175d4e1c131f1b
pypiahmad_INDIA50OLD_INDIA50OLD_128.jpg,50,pypiahmad,CC BY 4.0,a7e21234bfd34dd1b5e446f94a31c439398b39dc63c108b55a941e19c279da4f,1c1e118d0d1d1b0b
pypiahmad_INDIA50OLD_INDIA50OLD_129.jpg,50,pypiahmad,CC BY 4.0,e904e8b8b58d5ba7be1b7a322058f9b3b68e46aac014f4511fbc4c126b0d59fe,16161e1e1e373737
pypiahmad_INDIA50OLD_INDIA50OLD_13.jpg,50,pypiahmad,CC BY 4.0,61aabb58ebb7b87df91e887c93d5aee715e4b829a8d76d36912cf87c063f48cb,7870e4b4f0f0e4f6
pypiahmad_INDIA50OLD_INDIA50OLD_130.jpg,50,pypiahmad,CC BY 4.0,47e3cbf0f93d88f9b387474f0608286d38e17878883d11b54f9861d7289eb23a,169292060606171b
pypiahmad_INDIA50OLD_INDIA50OLD_131.jpg,50,pypiahmad,CC BY 4.0,8cc67c74a168d5665338b12c566ec3e0dcf6873417a72762d6940564bc95a748,9618263b0d0d0713
pypiahmad_INDIA50OLD_INDIA50OLD_132.jpg,50,pypiahmad,CC BY 4.0,0dc3889242fd2788d6fd6b83f9d4c3d50e64af760ee8edd5201f0ac79b451756,16070d1d0f1f1b13
pypiahmad_INDIA50OLD_INDIA50OLD_133.jpg,50,pypiahmad,CC BY 4.0,cd668e539d377a3e478dea7e5b4285ca0ce87564e5234148d0421e55533a5940,2969c5c5454d4941
pypiahmad_INDIA50OLD_INDIA50OLD_134.jpg,50,pypiahmad,CC BY 4.0,5ce74e5d18ee8c95da9db193da3ac36620b3ef102ca2a8cbcb955df7d86931f0,0d099d3b13474f41
pypiahmad_INDIA50OLD_INDIA50OLD_135.jpg,50,pypiahmad,CC BY 4.0,16a6ae490a7191a1f9af5a21bbbcc6d969f640e3708c00cd4c58fca35c1782a5,597974f8f0716161
pypiahmad_INDIA50OLD_INDIA50OLD_136.jpg,50,pypiahmad,CC BY 4.0,6a9e6e236cb416bf7704c61c2f6cdeba2009eaee4e70631eb613df540be7302f,7179e96170f1110d
pypiahmad_INDIA50OLD_INDIA50OLD_137.jpg,50,pypiahmad,CC BY 4.0,51b2a9930cf35bd2331d9ef9d4de9bd566a42385a20aa9525568d811ce357c8d,2a6b3c7070301904
pypiahmad_INDIA50OLD_INDIA50OLD_138.jpg,50,pypiahmad,CC BY 4.0,67724d83fce9e4b45bcc2d9016c908290e74344049b44f484f917ebdf265800d,1919396141616950
pypiahmad_INDIA50OLD_INDIA50OLD_139.jpg,50,pypiahmad,CC BY 4.0,e723905db3af741c015ba9c8fca5c2d0581524ae706f113a5a3e42c2b3c9b3bc,3139391831192938
pypiahmad_INDIA50OLD_INDIA50OLD_14.jpg,50,pypiahmad,CC BY 4.0,e8820000c8cb116e718cfc3d17a3177078c8ebb8a8cde40a5fb379bb4ccbbe44,f879c8e0e2f1998d
pypiahmad_INDIA50OLD_INDIA50OLD_140.jpg,50,pypiahmad,CC BY 4.0,837864113a1ec6b6e6a4c79ce900c70f2b981ece400bfeec9d3322fe86944f42,80697d355959191d
pypiahmad_INDIA50OLD_INDIA50OLD_141.jpg,50,pypiahmad,CC BY 4.0,8192722e5bae1196326ad27692da1b98e4e5f88b7fcc5e74b8b96460014f0e0f,c6153d0d290f9717
pypiahmad_INDIA50OLD_INDIA50OLD_142.jpg,50,pypiahmad,CC BY 4.0,80c788367dc24decc4fec9b1ba6fcffae601adc5ff11b7c8624b6671a22cad59,86675162230f9317
pypiahmad_INDIA50OLD_INDIA50OLD_143.jpg,50,pypiahmad,CC BY 4.0,dc8f39f259fd97119b5843d9bb76f09fa3163f577d7b7d2387226d423b98e6c8,8ec745676f0f1717
pypiahmad_INDIA50OLD_INDIA50OLD_144.jpg,50,pypiahmad,CC BY 4.0,1f96da052220f554c01efb4e98136cc11682570f023b2da89917c566e407d35b,0e0d5d3b1b0b1717
pypiahmad_INDIA50OLD_INDIA50OLD_145.jpg,50,pypiahmad,CC BY 4.0,626dfb146b8dbd08906020f812229bc66012e6dbf319acafd442c907a62c2bdf,46cdc9ca0f2f2e2e
pypiahmad_INDIA50OLD_INDIA50OLD_146.jpg,50,pypiahmad,CC BY 4.0,74588ff01da8258a7dd24e146c6552907e81d943d8f5a9c6f0085fd6b85be54b,454e0c0f0f2f2e3e
pypiahmad_INDIA50OLD_INDIA50OLD_147.jpg,50,pypiahmad,CC BY 4.0,5ce34159ff90fcf3c1d308f76890cc707e2dc211ea01c561ea4c266bbb42a6b6,daef6637c71d79bc
pypiahmad_INDIA50OLD_INDIA50OLD_148.jpg,50,pypiahmad,CC BY 4.0,1783a3bb04e209faf65a6e62275a326639599ce749de880f39405031fb0b72cc,80a458c90f1f1c3c
pypiahmad_INDIA50OLD_INDIA50OLD_149.jpg,50,pypiahmad,CC BY 4.0,0083a228e5cfa7db37ec6cde76f7c8c67650d5f9fe0f4ce540701db74c5883ba,dd6e370e0e39fcbe
pypiahmad_INDIA50OLD_INDIA50OLD_15.jpg,50,pypiahmad,CC BY 4.0,ef3afdc920fe64e18821ab93e716fee81c6e26098868ebd44803cc8d28a378b7,bba9c5d5d5cdd9d9
pypiahmad_INDIA50OLD_INDIA50OLD_150.jpg,50,pypiahmad,CC BY 4.0,e9224a34061b9b31c0f3b34dc3196168f84b66e9aabb1b41bd68af556c1a2d26,f8510e0f171c2c5e
pypiahmad_INDIA50OLD_INDIA50OLD_151.jpg,50,pypiahmad,CC BY 4.0,3c71ff37f7ad6709628614f28d9c71d02e5a1c0f08672cf04d4daed634e633a4,d2decdc9d9a28ace
pypiahmad_INDIA50OLD_INDIA50OLD_152.jpg,50,pypiahmad,CC BY 4.0,d8ffde0e2d12e3962d87cb0c375a5484b802df700fe730d06b36ba4c3a7a2eb9,d549cb514ccccac5
pypiahmad_INDIA50OLD_INDIA50OLD_153.jpg,50,pypiahmad,CC BY 4.0,843264ac8ee5b5b9ef53a525c6b751f5ae5c750a7e8bfcf240f812ce3b1851bf,92d5460e37c1c8c7
pypiahmad_INDIA50OLD_INDIA50OLD_154.jpg,50,pypiahmad,CC BY 4.0,465c07341e16162e49f3c2646d04e411e2ce8e61bb2c280e89f5c905287af6e4,d56e2c154d4dc2c5
pypiahmad_INDIA50OLD_INDIA50OLD_155.jpg,50,pypiahmad,CC BY 4.0,eb1b71bbb71489fb87c4e722e379eb47667fa9f0159d747a2aea5a66e53234cb,c4c9c8cac88880c1
pypiahmad_INDIA50OLD_INDIA50OLD_156.jpg,50,pypiahmad,CC BY 4.0,33f467a21b0be8e199b0d44a36d8abdd9849769fae3781861db6469408cab88a,d94d6c2c8ca4c0c1
pypiahmad_INDIA50OLD_INDIA50OLD_157.jpg,50,pypiahmad,CC BY 4.0,04a54947d89eb1a481866e53d1615df36cbdfe73fd175f8d75a3cf4dbb576aad,cccc49c9192c5c76
pypiahmad_INDIA50OLD_INDIA50OLD_158.jpg,50,pypiahmad,CC BY 4.0,6978b73548a10062ecc779f0e3d996ad02a932eb02c6e579b736ee84b8dacce9,cccd4c6c0e962e2e
pypiahmad_INDIA50OLD_INDIA50OLD_159.jpg,50,pypiahmad,CC BY 4.0,bb6e25991d2d05317a04f69ffb1af730f4850467b29356af0fd2ed7389770a53,56bce561e58429af
pypiahmad_INDIA50OLD_INDIA50OLD_16.jpg,50,pypiahmad,CC BY 4.0,223a19a67efd5ba1f9809fba3aca090090fcc242b2a3464f4bb4afa94bd8e558,8d9995be96c6c6f6
pypiahmad_INDIA50OLD_INDIA50OLD_160.jpg,50,pypiahmad,CC BY 4.0,0c38e0886a64bd2518ef111256eaabefa9694f59df4dc630784b719228458fe7,847662c1f3c34fef
pypiahmad_INDIA50OLD_INDIA50OLD_17.jpg,50,pypiahmad,CC BY 4.0,47474cb9b629d629f450de8d48881a5ff3f8e9f219a4ba6ec73def26a69d99ac,aaab9eb2f2b292b6
pypiahmad_INDIA50OLD_INDIA50OLD_18.jpg,50,pypiahmad,CC BY 4.0,b4b2fe732a864d732ba92fad0691e9fa001f8870340c1e48336df73222c57c47,9c98b8f0c0f0a8be
pypiahmad_INDIA50OLD_INDIA50OLD_19.jpg,50,pypiahmad,CC BY 4.0,c41e39dfa0256a795424ca451a504dc56d387e6b7923986fea47fa1302ba3d9d,aa201a9aa69e2eae
pypiahmad_INDIA50OLD_INDIA50OLD_2.jpg,50,pypiahmad,CC BY 4.0,95e0135892e8373c414ef3f4f024420d64d0276e860758d30e5ec1e96be1f4cf,28ceaeececc4f1f8
pypiahmad_INDIA50OLD_INDIA50OLD_20.jpg,50,pypiahmad,CC BY 4.0,c0479d262fb80e8e00c08a3b513ca7c1075a0e40a241f33feda1bf199bd0ca86,82691cb6fad8b8bc
pypiahmad_INDIA50OLD_INDIA50OLD_21.jpg,50,pypiahmad,CC BY 4.0,4927c099ae5ff36d450966c18415b4605ac6a8c2dad2b313423fc22c91d93677,f9948e8ecceca0a2
pypiahmad_INDIA50OLD_INDIA50OLD_22.jpg,50,pypiahmad,CC BY 4.0,33db7b41b06dd92c1fad00ddf0cefb6061180f6b31c86b8d9885a17e5112cdc0,e1e4c6c0c4942c42
pypiahmad_INDIA50OLD_INDIA50OLD_23.jpg,50,pypiahmad,CC BY 4.0,e69d4dc65c245e3c1a0197b15256cc88fa51948fcf5997273ff779895e0d0860,e9c4d6f684dcb4b3
pypiahmad_INDIA50OLD_INDIA50OLD_24.jpg,50,pypiahmad,CC BY 4.0,af6e22a3ac6e97efb83406875e521bbb030c149ee0b411cfc3fb77db6beb3c65,e9c4acb49cdcd0d3
pypiahmad_INDIA50OLD_INDIA50OLD_25.jpg,50,pypiahmad,CC BY 4.0,c9f87aca385ab32712867bdd53ea5c7b1dacfdf5f316db8c61135f00170c634f,19cec98acac3e6e7
pypiahmad_INDIA50OLD_INDIA50OLD_26.jpg,50,pypiahmad,CC BY 4.0,32c3a9688634b771685a8487ac7c60499d0e6b46a338589cd05f66449f57ed41,3ac44e2c4ac3e6e6
pypiahmad_INDIA50OLD_INDIA50OLD_27.jpg,50,pypiahmad,CC BY 4.0,88107cc4deca521fe6600e99aea0f939232e34949da7e3f49443c9cc033f2e2f,04c2e1f09cce9b74
pypiahmad_INDIA50OLD_INDIA50OLD_28.jpg,50,pypiahmad,CC BY 4.0,e3c3c214188eacefbfddfb1f94bcbb3e915482f2695bb4b2591adb8df5003d82,2357c88ec3d3f3e6
pypiahmad_INDIA50OLD_INDIA50OLD_29.jpg,50,pypiahmad,CC BY 4.0,a94a935979bfe35906bcb8b24aced9b4358487def8daee3a7acbd8114ef30944,e4e2f1389c8723d4
pypiahmad_INDIA50OLD_INDIA50OLD_3.jpg,50,pypiahmad,CC BY 4.0,09a8033f5b64046765664377ab0182479180434599847e6d55182a5d23126dc8,716161e969f96969
pypiahmad_INDIA50OLD_INDIA50OLD_30.jpg,50,pypiahmad,CC BY 4.0,e2941f831c771a0d8d824c8f736c6a60a381ea8cd88db68fe643404e166c0dd0,b136cc8cc6d3d2e7
pypiahmad_INDIA50OLD_INDIA50OLD_31.jpg,50,pypiahmad,CC BY 4.0,fb378d567bafff916814f7780605d094619cae457aa6814715350f2b8658d313,3ececdc9cbfeffcf
pypiahmad_INDIA50OLD_INDIA50OLD_32.jpg,50,pypiahmad,CC BY 4.0,1f21fc0c9e559950c0c11f8c870536e787f0013fbdc744be28e5c67d4b94fc66,3e3eee6c6c5c7eef
pypiahmad_INDIA50OLD_INDIA50OLD_33.jpg,50,pypiahmad,CC BY 4.0,2336ffec1a2ad650ee07592fd5921f1ef79be9faa15110a6dd53d8b5dd8974de,323232167e5eeeee
pypiahmad_INDIA50OLD_INDIA50OLD_34.jpg,50,pypiahmad,CC BY 4.0,b09cb6f44b86a3e30c162b85c0eb04772d92cb26165d0cc91f63140bedda0395,0e4e263e3e763636
pypiahmad_INDIA50OLD_INDIA50OLD_35.jpg,50,pypiahmad,CC BY 4.0,f2bf284504225fd784528ce7415d86344648c4f856f25b500353ee5bad694656,bedec6ce3effffff
pypiahmad_INDIA50OLD_INDIA50OLD_36.jpg,50,pypiahmad,CC BY 4.0,6837e7de7a65b9316a1a5592f81ada5160ac11e9d4044903374445187a8e7271,1e6b531acecefe9f
pypiahmad_INDIA50OLD_INDIA50OLD_37.jpg,50,pypiahmad,CC BY 4.0,a28f36d804ea0e3a39f2f4c498493a345f0aa7776c551dcb085224a698fe5045,3e0e4d6e7e7ffeff
pypiahmad_INDIA50OLD_INDIA50OLD_38.jpg,50,pypiahmad,CC BY 4.0,ac4131a5b62ad6786b45b42739a708c455fbb14909dd19c05dbde47dcd27ede3,3e2e5bcfdd5efedf
pypiahmad_INDIA50OLD_INDIA50OLD_39.jpg,50,pypiahmad,CC BY 4.0,8cc90795bad3a6569ca90312ae1154d0d6d5efc2e331c11ff449a9ae40d6af13,361e1a5e1e36767e
pypiahmad_INDIA50OLD_INDIA50OLD_4.jpg,50,pypiahmad,CC BY 4.0,205ad8d904fb6fb24ea271bffc73b9a8faa8042408d64b1c45f6a6ec97b93104,6868616969797971
pypiahmad_INDIA50OLD_INDIA50OLD_40.jpg,50,pypiahmad,CC BY 4.0,9023b28fe53b5d5406738ad9e1ec8c96579eda552cf179645e8d0a7ebd2df984,7032362e2e2e3e7e
pypiahmad_INDIA50OLD_INDIA50OLD_41.jpg,50,pypiahmad,CC BY 4.0,836587ed9dfbbfe0310efb7a4bc6aa974d881cdc30ae5b794e8100bd482ccdd2,1eb626363c2c6eef
pypiahmad_INDIA50OLD_INDIA50OLD_42.jpg,50,pypiahmad,CC BY 4.0,b7d8bfda82a91136c48676efeb283ada3cab14785a0d806e0617166fee7103d0,bcbc5c3d6e5e9ecf
pypiahmad_INDIA50OLD_INDIA50OLD_44.jpg,50,pypiahmad,CC BY 4.0,4d0a0da89045db92b535cc98826f182b111d5c321e02cf3306279486e820d59e,0d999d3b9fd74fdf
pypiahmad_INDIA50OLD_INDIA50OLD_45.jpg,50,pypiahmad,CC BY 4.0,5b44b0958dbf213672abad34b141a207da46b9cbe07a4de2cff97ab995641dfc,597964f0f8717dff
pypiahmad_INDIA50OLD_INDIA50OLD_46.jpg,50,pypiahmad,CC BY 4.0,49b1187c923ca42ca34f51c4943f4f081b9e3b253298674db669f5b53fcd5df6,7979c9fcfaf9bdcd
pypiahmad_INDIA50OLD_INDIA50OLD_47.jpg,50,pypiahmad,CC BY 4.0,27737e13f4b652b6bd56641a632399e85683bc95a743cfd6671c8da09bbbfce8,ebebdcf9fcbb9bbf
pypiahmad_INDIA50OLD_INDIA50OLD_48.jpg,50,pypiahmad,CC BY 4.0,def1f89d7416a01584201954a6eb91fcff210fe4143c95fde14091a6e0cbe39a,1d193961717d7dfe
pypiahmad_INDIA50OLD_INDIA50OLD_49.jpg,50,pypiahmad,CC BY 4.0,c120c7530815754afc3fbe0c30ea852c6b38a1ab0ac1ce12b4bc89481a559d8b,bb393f18379f3f3f
pypiahmad_INDIA50OLD_INDIA50OLD_5.jpg,50,pypiahmad,CC BY 4.0,4cc7506b58a282a36db76b8fd98588949507560359699beca65567ae563ba361,4cc6e1c86c32d86d
pypiahmad_INDIA50OLD_INDIA50OLD_50.jpg,50,pypiahmad,CC BY 4.0,95a479519a0a228f0115a55ea2230b09f71eed526c9ef8494f7e868d41d5fcfd,de695d377b5d3dbd
pypiahmad_INDIA50OLD_INDIA50OLD_51.jpg,50,pypiahmad,CC BY 4.0,12b935b94a54b041770805fa67c09f05f7eee5e55a352c531774a8f540817a4e,6c16bfaccd4d1f16
pypiahmad_INDIA50OLD_INDIA50OLD_52.jpg,50,pypiahmad,CC BY 4.0,828dca0f3be22c512982723ddf418b03dfd814980bee0afe6926f451d15567dc,e476d1f8e7cf0b1b
pypiahmad_INDIA50OLD_INDIA50OLD_53.jpg,50,pypiahmad,CC BY 4.0,82e6fc4a9c566e0fe41d56811fedd25aea2961a3a10f97eb40f852c7bb297919,68c446d2c7cf1717
pypiahmad_INDIA50OLD_INDIA50OLD_54.jpg,50,pypiahmad,CC BY 4.0,93fadbc3ab91fd2cba0b8811f78fb2fb92ee30bca37ee8ec1d86336c16b1ee4b,94423d3c1b8f1f17
pypiahmad_INDIA50OLD_INDIA50OLD_55.jpg,50,pypiahmad,CC BY 4.0,f855c0385aa4df5dfffec83add6f4828aca657ff14942a29ac469033ad3ac49d,ceccc9cb4f5f3d3d
pypiahmad_INDIA50OLD_INDIA50OLD_56.jpg,50,pypiahmad,CC BY 4.0,3339228965cf39928f2980b448718467c1c4bb83b5cfa173c12eb43b7b762c47,8d4d6e2c4f571c3c
pypiahmad_INDIA50OLD_INDIA50OLD_57.jpg,50,pypiahmad,CC BY 4.0,cee2d4a1da3689a4745c79923948bcdd09d4b88835aceb8b6d3bdba8d8987893,d8ce26398f177365
pypiahmad_INDIA50OLD_INDIA50OLD_58.jpg,50,pypiahmad,CC BY 4.0,007c219488a5a16b0ec4998d1e16285758b5d81cde752802cd0e94e41ba5d547,9aacc98d67575e7e
pypiahmad_INDIA50OLD_INDIA50OLD_59.jpg,50,pypiahmad,CC BY 4.0,49fd425c07cadaf65d5252f79153ac08f0e232aca1842e27f3ee42500f73aecd,9ace673c8e2777f4
pypiahmad_INDIA50OLD_INDIA50OLD_6.jpg,50,pypiahmad,CC BY 4.0,556cf0e97fb53b9620e4b6017c9d560b2988523358c4cc73b3b8065927f18a0d,2d9872ecc8e1e64f
pypiahmad_INDIA50OLD_INDIA50OLD_60.jpg,50,pypiahmad,CC BY 4.0,883a3d9b146ac8aeeec04c7e98b11a0d2b8df85725dc8aebe7a6813307bfc408,9888598c0e575d7c
pypiahmad_INDIA50OLD_INDIA50OLD_61.jpg,50,pypiahmad,CC BY 4.0,53cae919d0b0a585b48027409c980acf2158814870173a7b425c0534fa85e15e,e731cec98aba3f3f
pypiahmad_INDIA50OLD_INDIA50OLD_62.jpg,50,pypiahmad,CC BY 4.0,331b6370bca8890c9d3e643d6dd9b7cee41fc4867758c0dfd6f0c90d552d29f5,0607acacec8c0f0f
pypiahmad_INDIA50OLD_INDIA50OLD_63.jpg,50,pypiahmad,CC BY 4.0,7f350e86df828a870e60f605ae595c421fc0f25570104db4d9fe46a2362e27f8,7171796969796969
pypiahmad_INDIA50OLD_INDIA50OLD_65.jpg,50,pypiahmad,CC BY 4.0,fc3d9d44ca4e374c7656752f032e5ef12ce493670842e844518e9b82c6ffed32,4fc7e1c8ec32980d
pypiahmad_INDIA50OLD_INDIA50OLD_66.jpg,50,pypiahmad,CC BY 4.0,b44b4dc7011f1acbff819e7615e3ff1bc32ed4619aa3d6a08c934ede69e9e9ea,491872fcc9c3c76f
pypiahmad_INDIA50OLD_INDIA50OLD_67.jpg,50,pypiahmad,CC BY 4.0,495d2cdc57b1fac7338d414690ef8c12046cfb37a2c45b8d60c936359ae8ea2a,4e07444e26338f0f
pypiahmad_INDIA50OLD_INDIA50OLD_68.jpg,50,pypiahmad,CC BY 4.0,1ee92e53d261363991e81c280a078d032d4d3410e9ecc338e41af11ad1839537,4e0691cb8cdc9f0f
pypiahmad_INDIA50OLD_INDIA50OLD_69.jpg,50,pypiahmad,CC BY 4.0,6ba117f8c75b5f93b146e965ec9f2674767b8bc7936e9e96de0e92e958b506dc,6078686868787169
pypiahmad_INDIA50OLD_INDIA50OLD_7.jpg,50,pypiahmad,CC BY 4.0,2e21fb1bef00036bdc0197b361a43057a1e9495b78bd416bcafb40e694b5a1c9,0517cc4e66736aff
pypiahmad_INDIA50OLD_INDIA50OLD_70.jpg,50,pypiahmad,CC BY 4.0,b1ff9fb5f4a9d2cd266edbb139aad7a6ea68f5a555e4309de5220913fe49f17d,6971716169616169
pypiahmad_INDIA50OLD_INDIA50OLD_71.jpg,50,pypiahmad,CC BY 4.0,149a20f59154ba04c615081aa1eab466647369a4e18085a1c28278db6802eb38,4fc6b1d8ec7c5c6d
pypiahmad_INDIA50OLD_INDIA50OLD_72.jpg,50,pypiahmad,CC BY 4.0,1002c45fbdae0c1a8bb0d83987d52f4db91e08f451d485caa636294c4e87959a,593838e4c993c74f
pypiahmad_INDIA50OLD_INDIA50OLD_73.jpg,50,pypiahmad,CC BY 4.0,880392ab5178732508f28cc0f661526f79a0042118ae5c41acea4301b4a9e149,bae8c5d5c5cdc99b
pypiahmad_INDIA50OLD_INDIA50OLD_74.jpg,50,pypiahmad,CC BY 4.0,5f41276447ee9bc6e006dc4e6a699978b9aa9279b90258994d3b3276059bee98,0d9d9d3a9ec64e96
pypiahmad_INDIA50OLD_INDIA50OLD_75.jpg,50,pypiahmad,CC BY 4.0,1d3958d0938c19b02cd7180a5d4d30bbdd5404a597bed77f96c4a31d830ef739,b838f0f8f8706cfe
pypiahmad_INDIA50OLD_INDIA50OLD_76.jpg,50,pypiahmad,CC BY 4.0,d83284b13fa716f88926e458ad45940c9c1c9bf16c0d72b40e67fece5fd35833,7a79c9dcf2b9990d
pypiahmad_INDIA50OLD_INDIA50OLD_78.jpg,50,pypiahmad,CC BY 4.0,b8b2842aa312ab353c1689c667422897fc684fe4fc286e4bdf82b0fd7ee601ef,9c983870c8f8299e
pypiahmad_INDIA50OLD_INDIA50OLD_79.jpg,50,pypiahmad,CC BY 4.0,29ef8378e28835072aa07371a72214883fa01a5987454dbd9da1089242719b62,3a391e38969e3ebe
pypiahmad_INDIA50OLD_INDIA50OLD_8.jpg,50,pypiahmad,CC BY 4.0,04829ee2cceda30f3a6972b2c60999c75585953edd56a6a2b7e948a882e87351,d7b3998dd5796b77
pypiahmad_INDIA50OLD_INDIA50OLD_80.jpg,50,pypiahmad,CC BY 4.0,29d54eed2f789228a9f66128e75f47fede10d5ba88338de45dd19be23e52554d,96681c369a9898bc
pypiahmad_INDIA50OLD_INDIA50OLD_81.jpg,50,pypiahmad,CC BY 4.0,a8d883c75c2ee8fb8dc0286cbc034f5b66c69f0e8bb9b67a5631c8c776b2b836,f1b4bc8cec64d1d1
pypiahmad_INDIA50OLD_INDIA50OLD_82.jpg,50,pypiahmad,CC BY 4.0,e09abc008933fecb05beaede94158a68e908dfc32657a2a19bec50e64bb58af8,e0e4f6f2c2d4d5a1
pypiahmad_INDIA50OLD_INDIA50OLD_83.jpg,50,pypiahmad,CC BY 4.0,d165a82ef1fe81f113f2ec0d127c8f24eec4688d277bc9e9c421f901b270e810,e0f0d6f2e4ec7351
pypiahmad_INDIA50OLD_INDIA50OLD_84.jpg,50,pypiahmad,CC BY 4.0,fd7b0021d8e7570e69dbaa6ab470bf747a7682f4629ad3297d867babd054e352,f1c49cb4dc7451c5
pypiahmad_INDIA50OLD_INDIA50OLD_85.jpg,50,pypiahmad,CC BY 4.0,6540d557d0b978e82bb363d79c87106aad6e9c0113c1768444cfc76b1547c5e3,dfccc9cacba3e7c7
pypiahmad_INDIA50OLD_INDIA50OLD_86.jpg,50,pypiahmad,CC BY 4.0,34a63e92e6bd9ae2648554d737c970e5b3a172919528bda91aff81a9245029fa,cd4e2c0ed3a7c5c7
pypiahmad_INDIA50OLD_INDIA50OLD_87.jpg,50,pypiahmad,CC BY 4.0,573a7830f0ca612d4774d13e7856eb51e5af6b147988e078540d9d0c50e70370,e7e1f1dfce9f3733
pypiahmad_INDIA50OLD_INDIA50OLD_88.jpg,50,pypiahmad,CC BY 4.0,bb35b05c1ee52a40a9c23b910702c97b61bc6861be7cf57ccbe4286ba7caceb8,e01fcd8e26d9d3e7
pypiahmad_INDIA50OLD_INDIA50OLD_89.jpg,50,pypiahmad,CC BY 4.0,fc4a10531549ae311fedb8ce139bfa1fa5ee11144fe9a17384b7f60907322b45,c4e3711c8ebb63b3
pypiahmad_INDIA50OLD_INDIA50OLD_90.jpg,50,pypiahmad,CC BY 4.0,b84c6d5b90cab6935f64f93069a7163bebf089a33a39a7b500fd45475dfc5a78,639fcc8ec3b3a34f
pypiahmad_INDIA50OLD_INDIA50OLD_91.jpg,50,pypiahmad,CC BY 4.0,0a50150323f0b78455b27ef6f372f28e8eff8a14877f091b30836720534e7396,d94bc4c9cba28381
pypiahmad_INDIA50OLD_INDIA50OLD_92.jpg,50,pypiahmad,CC BY 4.0,64fd09d82216b0b01b4484c1b32f2fd9527443ffcf40e79368ae38fe461bee9a,1949602c6e649290
pypiahmad_INDIA50OLD_INDIA50OLD_93.jpg,50,pypiahmad,CC BY 4.0,f835f0b047a23a9bdcb9055145dddfff50b79360f7a3b422b21d9c4820c33390,72f1716161786929
pypiahmad_INDIA50OLD_INDIA50OLD_94.jpg,50,pypiahmad,CC BY 4.0,d4a53a1baae149827f485fd0034174728722e9d91d77f878187a829c30720ec4,6ac8616971707831
pypiahmad_INDIA50OLD_INDIA50OLD_95.jpg,50,pypiahmad,CC BY 4.0,e22e8353821dc68e250645f35c07cc54e987d0788408c5ea14f7bb62f2b3123e,eac2e3c0e0f0580c
pypiahmad_INDIA50OLD_INDIA50OLD_96.jpg,50,pypiahmad,CC BY 4.0,e617fa8366df05553cabb4b1b1bc577823fe38218aa7065c67b2aabff50f1097,2cb8b272c8e1e040
pypiahmad_INDIA50OLD_INDIA50OLD_97.jpg,50,pypiahmad,CC BY 4.0,1e79501cd10503b42387c50bdcd85984be5207a871df44e9c698da4918c52399,d2d2416626634040
pypiahmad_INDIA50OLD_INDIA50OLD_98.jpg,50,pypiahmad,CC BY 4.0,c60f473088525166c9039b84c2cf8eb56722acdc169aa2cfc17e4ae759594507,aab2d1c1c0c04040
pypiahmad_INDIA50OLD_INDIA50OLD_99.jpg,50,pypiahmad,CC BY 4.0,275c632b54890f8a23741cf0999cd741d6935f071853e50daaf1b544adeccfb8,6ad8795959f07179
pypiahmad_INDIA100NEW_INDIA100NEW_161.jpg,100,pypiahmad,CC BY 4.0,852b93eeb080765843249ec73e220250e153c4cd76790993449c7a5eb8fa3fe0,e063be9ccc94d6d1
pypiahmad_INDIA100NEW_INDIA100NEW_162.jpg,100,pypiahmad,CC BY 4.0,271a735cc862dd0cd7a45748cc13b2e02058f03f4307f84957b5ea3d3e940ae3,e2f1acc6cad9daca
pypiahmad_INDIA100NEW_INDIA100NEW_163.jpg,100,pypiahmad,CC BY 4.0,8b383fe6e6972da8d101723cff0df6b47bb0496c82dee7ae651904155e738106,69c4d4d4d0d098fc
pypiahmad_INDIA100NEW_INDIA100NEW_164.jpg,100,pypiahmad,CC BY 4.0,531ec188d71e7fe9600cc0dd341708a2bdf94a992b865e9690973041f2fce503,6074ecd4dcf0e8dc
pypiahmad_INDIA100NEW_INDIA100NEW_165.jpg,100,pypiahmad,CC BY 4.0,40815c7e0d318193472410bf824ad832c3ec0bac55424d836d8d61d9e4a9723a,68c591d8ecb4d9cb
pypiahmad_INDIA100NEW_INDIA100NEW_166.jpg,100,pypiahmad,CC BY 4.0,707824586b6346717634c6ac2b0572496322012520855ac8054460a281728c97,eddc7ae489d3e56a
pypiahmad_INDIA100NEW_INDIA100NEW_167.jpg,100,pypiahmad,CC BY 4.0,bce1251316dee9d8ba7f472a96cfbad0106305fb10bdbfdfef1b8fcf6a5acaf5,f071cace8ef9d2c6
pypiahmad_INDIA100NEW_INDIA100NEW_168.jpg,100,pypiahmad,CC BY 4.0,648a82b36e0c3cf0ff9bfed3d003351ed9ec753e4123b72d270856f6c8e76795,e0e1ac8cecd3d6c6
pypiahmad_INDIA100NEW_INDIA100NEW_169.jpg,100,pypiahmad,CC BY 4.0,c3792007401e88da3ad172ee07080ec49f8a1ee4a621651b6bd00c020170a3a5,f9f8d4cccca48ccc
pypiahmad_INDIA100NEW_INDIA100NEW_170.jpg,100,pypiahmad,CC BY 4.0,237d5bcde6ebd7f0ea1929ad21a6650088c6555a28462a3257931b083e10442f,69e0e4d4d4f0c4c8
pypiahmad_INDIA100NEW_INDIA100NEW_171.jpg,100,pypiahmad,CC BY 4.0,845fbf44003b236be03d82d49a91ce0ed0f6a1b59bac85b7be3c86ddcd0d88fc,e8e681d86eb899ca
pypiahmad_INDIA100NEW_INDIA100NEW_172.jpg,100,pypiahmad,CC BY 4.0,55ca34df00017d1afbd1a95694c6a2f9146c3e84889016728ebc9da9d599c0b2,eddc32e4c1e3e46a
pypiahmad_INDIA100NEW_INDIA100NEW_173.jpg,100,pypiahmad,CC BY 4.0,669e923a06572332e41b327f5143ceaad072a9fc19c89b916879c5d320208df4,4cd8b8b8a6b09053
pypiahmad_INDIA100NEW_INDIA100NEW_174.jpg,100,pypiahmad,CC BY 4.0,50f86534aaab9e0642d2f14738beee105e1994cbf20e236f427484daddfb6ac1,9088a0b0b09cc40f
pypiahmad_INDIA100NEW_INDIA100NEW_175.jpg,100,pypiahmad,CC BY 4.0,847696a33f0c215df91acf33345040c6d8a3e2c47abf97d69b3050da2fe2a246,32ecc4c6ca98ce93
pypiahmad_INDIA100NEW_INDIA100NEW_176.jpg,100,pypiahmad,CC BY 4.0,77e24b8610761384f64eee4592bf3e2870580e4484a2adcb93adf6b6c068ced4,d0cca282963b15ca
pypiahmad_INDIA100NEW_INDIA100NEW_177.jpg,100,pypiahmad,CC BY 4.0,2a16f6fb0a776fa616440acd13950cb56c645920767908f1caae9d38d9bc66c0,53ccc6b8be8e802b
pypiahmad_INDIA100NEW_INDIA100NEW_178.jpg,100,pypiahmad,CC BY 4.0,ecc73a5b0b193868cf58ceebfd20a5324f4f4579f48a711c4470cc6112566232,438caca4a6cc44ab
pypiahmad_INDIA100NEW_INDIA100NEW_179.jpg,100,pypiahmad,CC BY 4.0,0c3b062192ff07550c2869afe3c189d8ddb2fc4ea3205b7af1c02bd74f6a82be,70f0e0e2f2c24ea6
pypiahmad_INDIA100NEW_INDIA100NEW_180.jpg,100,pypiahmad,CC BY 4.0,19ed66949e82401e6534b409ba509182fb6978c376aefbbf3919ec889b65abbb,81e4d0b0a4272dac
pypiahmad_INDIA100NEW_INDIA100NEW_181.jpg,100,pypiahmad,CC BY 4.0,b36e6161653cbbcc6b2c16a188718157e24d6b5e7533d938ec06303852a7162b,f0cae8c4c4d291a1
pypiahmad_INDIA100NEW_INDIA100NEW_182.jpg,100,pypiahmad,CC BY 4.0,433c6eb37507626b8ea588f4f6995152fac583426a55a49b04ad91035805c15f,f0e4c48e94d490b0
pypiahmad_INDIA100NEW_INDIA100NEW_183.jpg,100,pypiahmad,CC BY 4.0,740a9d6c8ca703b3830e58588cc756480dde5e79db6992968b3272d78bd1f7de,f0f8a8aa8cc4d2d8
pypiahmad_INDIA100NEW_INDIA100NEW_184.jpg,100,pypiahmad,CC BY 4.0,6c8fbe93579f23fe8d97747807f222869c8fbb023bbd25ec25b1233705ab14d2,f0f0b0e0ccd4d0d1
pypiahmad_INDIA100NEW_INDIA100NEW_185.jpg,100,pypiahmad,CC BY 4.0,bf2c67bd6248eb438b0f93e3bbf520e6a931739a7d244eef4346aca75b4e61f9,aeb49cccc2838382
pypiahmad_INDIA100NEW_INDIA100NEW_186.jpg,100,pypiahmad,CC BY 4.0,6e3ed6c6c94f54acf079c7431fc8840c62c707b356c1549e8ca88294bafa408b,88c9cc8a88830504
pypiahmad_INDIA100NEW_INDIA100NEW_187.jpg,100,pypiahmad,CC BY 4.0,34d6e0a3e8411a2f842ad34b37995d9f15ee69eb8fa12e0024b9992da13325c2,86c4a4d883c7df2c
pypiahmad_INDIA100NEW_INDIA100NEW_188.jpg,100,pypiahmad,CC BY 4.0,20b3b7cb143c7e82130db5ca6f32f02bdbe2611e892e4b1ff12bbcd1d351ee0b,f4ec8c0813c7cfdd
pypiahmad_INDIA100NEW_INDIA100NEW_189.jpg,100,pypiahmad,CC BY 4.0,506b8c59b8598f651556c3511443deda2bb31c49ad8ced8d68833c1751039656,f40c8610c9c7cf5d
pypiahmad_INDIA100NEW_INDIA100NEW_190.jpg,100,pypiahmad,CC BY 4.0,1d64b79c43fb64d8e26ef9f4f3bd7a7b74f2b2ed397801d10174ce6f2e8612d9,f4ee8c20c3e7ef79
pypiahmad_INDIA100NEW_INDIA100NEW_191.jpg,100,pypiahmad,CC BY 4.0,ca9ab0ecb9c58fc738796b023455024a63f39e386aba40ff9be1d9b45586afea,e8e868bcd8d8e8e8
pypiahmad_INDIA100NEW_INDIA100NEW_192.jpg,100,pypiahmad,CC BY 4.0,9815761f71b335940fc0da9d33eca00fc2588ff6cd493f9aeb20ed6768e81e8f,f0f0bc9cdcf1f8f8
pypiahmad_INDIA100NEW_INDIA100NEW_193.jpg,100,pypiahmad,CC BY 4.0,fcbb3439499007f0ce647258057a4465af22013e688bde38213f24775d08f5bc,e8e0c8c8c0c8e8e8
pypiahmad_INDIA100NEW_INDIA100NEW_194.jpg,100,pypiahmad,CC BY 4.0,8ce1cb5619a35de260fb212757144de1951035b7b99b6a9df1c5a13d5ef85787,f0f0ccc889f1f8fc
pypiahmad_INDIA100NEW_INDIA100NEW_195.jpg,100,pypiahmad,CC BY 4.0,14f30d3ca04f7a301c126f31c2d801673afc031782ff7c16047c5de3958b2cdc,e0e8cad49ce8e8e0
pypiahmad_INDIA100NEW_INDIA100NEW_196.jpg,100,pypiahmad,CC BY 4.0,411a012838b24277242992bf4d2be9d7772172595b451a9e44de08c7e13ad6e7,e0e0c2c4c4e0f0e8
pypiahmad_INDIA100NEW_INDIA100NEW_197.jpg,100,pypiahmad,CC BY 4.0,0d46be6c5ea01836fc1e2633d897731a9bbdda06e5c00a57e9a99c0e10de5da1,c02c9c9cc8c2e8e8
pypiahmad_INDIA100NEW_INDIA100NEW_198.jpg,100,pypiahmad,CC BY 4.0,89a94ba378e72b2a1b7564df63fdf92b5a764bd3abda00ac7b3066df8ced490a,e0c8c8c8c8a8e8e8
pypiahmad_INDIA100NEW_INDIA100NEW_199.jpg,100,pypiahmad,CC BY 4.0,23423f4eedfdfb4008e3c4f4d95b7afaa376a51360a107c4fe95b3384849a057,f0c8a8c0ccd0d1e6
pypiahmad_INDIA100NEW_INDIA100NEW_200.jpg,100,pypiahmad,CC BY 4.0,9e2501f0beea2d78bfcb901a0e3befcadd18af3760f07455a648a4cb911e5322,f0f0e48cced0d1e2
pypiahmad_INDIA100OLD_INDIA100OLD_161.jpg,100,pypiahmad,CC BY 4.0,ecdf3b030fccffdf9da501aa6e37b5daf585bd7a73a761b5e5a8dab32c705a6d,f0c1e28a82a8c6c6
pypiahmad_INDIA100OLD_INDIA100OLD_162.jpg,100,pypiahmad,CC BY 4.0,a55ffc37914fc2f3d35646a7c6cc92cadf4965225772d92bcb99b0d9f095f435,e0c3b4ae8c8fe6d6
pypiahmad_INDIA100OLD_INDIA100OLD_163.jpg,100,pypiahmad,CC BY 4.0,535f64ec43bb595f13bdcd2cf5cf6e8f73682e71fb73018a1b8d8ea84c80a699,707068e8d8dcccdc
pypiahmad_INDIA100OLD_INDIA100OLD_164.jpg,100,pypiahmad,CC BY 4.0,f4181cb4f4e9a6b071927fc19b0a5a116c5863f5fcfc415caf875b15742a3e60,6969e1ece4f0e0f0
pypiahmad_INDIA100OLD_INDIA100OLD_165.jpg,100,pypiahmad,CC BY 4.0,03b64840e9cb9ef4d6d7ab6a4c08c756fa6d59d60e14e98cab7343b260c84ba4,68c483d0e462b8db
pypiahmad_INDIA100OLD_INDIA100OLD_166.jpg,100,pypiahmad,CC BY 4.0,3bc412f1f1318ea5052e641a5f2bb6e386ea72994aa6088a49a1877e9f79c082,cc9872ecc1c2e56c
pypiahmad_INDIA100OLD_INDIA100OLD_167.jpg,100,pypiahmad,CC BY 4.0,ce2219d0ee7b8e2b860ce716dfaa2de6b40e15dad722af87603ab98546922e98,e0e1cc8eb4a5c348
pypiahmad_INDIA100OLD_INDIA100OLD_168.jpg,100,pypiahmad,CC BY 4.0,07f4b1968d43a362478cd605e116c6cf4887dd9cc8b7dce1f37f52720c42bc7d,e5dc7ce48992c568
pypiahmad_INDIA100OLD_INDIA100OLD_169.jpg,100,pypiahmad,CC BY 4.0,e72649439e39cc60053cb713114f0ffbdaa446af88ee802d2d168657233b1abc,c8e6a1d878bcd9cb
pypiahmad_INDIA100OLD_INDIA100OLD_170.jpg,100,pypiahmad,CC BY 4.0,4710486bd6ddf99dd877e458a7b607fb84a3b47369fa8ef458052f561730fbaa,01cccac2cc896295
pypiahmad_INDIA100OLD_INDIA100OLD_171.jpg,100,pypiahmad,CC BY 4.0,c78819a3b5cdaafffcff64409bc937accc75356bb62c116800def0cdc2dd7b41,2cd8989c86de1029
pypiahmad_INDIA100OLD_INDIA100OLD_172.jpg,100,pypiahmad,CC BY 4.0,e39145250a57a9b1d1dde203d5c3e62d853b7f3b33a5934512fc8b05901cbb5c,15d8d0c0e24e0fc4
pypiahmad_INDIA100OLD_INDIA100OLD_173.jpg,100,pypiahmad,CC BY 4.0,bb0b881eb5196043fdb80340edf5208e418201c63d061c60c08e73b8fab67a7e,21f0e8f0988d0db4
pypiahmad_INDIA100OLD_INDIA100OLD_174.jpg,100,pypiahmad,CC BY 4.0,751fe08e3a96b289dc6ffd0de0a719372737ddc61350a1d1c9d2afc3945d638b,21d2d2bcb89bf28d
pypiahmad_INDIA100OLD_INDIA100OLD_175.jpg,100,pypiahmad,CC BY 4.0,3955f5a4857bf2117b80477f6e15dbf6b6186c5f3c7af57d1aa708406499356f,21d4dcb2e8b0bc9c
pypiahmad_INDIA100OLD_INDIA100OLD_176.jpg,100,pypiahmad,CC BY 4.0,d2acd5079557a025ffceb077a04aa59e5d8d3f035bfb196bbdae901aeda3db65,25f0d09296a6068c
pypiahmad_INDIA100OLD_INDIA100OLD_177.jpg,100,pypiahmad,CC BY 4.0,80221935cd08b41b1d4fa3d8b869e88a651d7b03b2b46e6859a0d40a80da6dde,14d49eb6beacaed4
pypiahmad_INDIA100OLD_INDIA100OLD_178.jpg,100,pypiahmad,CC BY 4.0,5916c4b6314e7a06b8b29a601d22eddf5e7d76ea13bbf241f903c78a20a11cbc,f0bcbc8cc8d494a0
pypiahmad_INDIA100OLD_INDIA100OLD_179.jpg,100,pypiahmad,CC BY 4.0,0d07766d035b47fdfe8e7b8ad167f3078744c01b68f71bb859cb9e3c57081b95,e0c4c4d29884b630
pypiahmad_INDIA100OLD_INDIA100OLD_180.jpg,100,pypiahmad,CC BY 4.0,b615fb67180235b6ede5b6ca5d4e6342d5b17445c8357b771ebf70ed145396dc,f0cae2e0ccc4d0b1
pypiahmad_INDIA100OLD_INDIA100OLD_181.jpg,100,pypiahmad,CC BY 4.0,18f6d16443bcc21d60541ab1c481bebc7689865bb9c058d36d0cd3cd071bbf33,f0ccbcb0c8d1d1e1
pypiahmad_INDIA100OLD_INDIA100OLD_182.jpg,100,pypiahmad,CC BY 4.0,d573e77c750b2b923d40b38e5a1f4bd095bb302a240d4afa628bcce681a943fd,de998a8ae3c3c3c2
pypiahmad_INDIA100OLD_INDIA100OLD_183.jpg,100,pypiahmad,CC BY 4.0,8b43e929286810d6a4701ff5e5b34e586bd3d0b89ed04e0e005adec81f001542,dc4e0c8cc9838585
pypiahmad_INDIA100OLD_INDIA100OLD_184.jpg,100,pypiahmad,CC BY 4.0,1e10ab3a20d7b23c6d9feb5c4965c57f054f0fa82fea219a9634cc3a04d4b2af,86cce3c2879f7de7
pypiahmad_INDIA100OLD_INDIA100OLD_185.jpg,100,pypiahmad,CC BY 4.0,b71454fc1255df68c599f0677e723d84bd6ea4d5891f7ec4faa5ff5e3cd19fa4,f2c68948c6cf9bfb
pypiahmad_INDIA100OLD_INDIA100OLD_186.jpg,100,pypiahmad,CC BY 4.0,a7eee2ceaad2a0e1f1e442593a095e811cc25455c7cd5e4b03ed0271189afc56,068e4ecbc68fdddf
pypiahmad_INDIA100OLD_INDIA100OLD_187.jpg,100,pypiahmad,CC BY 4.0,acbbbe00e1bc9becd5b6fb881c1efa001ebc72ac5c0b4eb13bcd88920c465bc8,fccc0850478fcfdf
pypiahmad_INDIA100OLD_INDIA100OLD_188.jpg,100,pypiahmad,CC BY 4.0,6192d411be1346720f34c8a216250913b4e5dff31f5a2f78bc6309cc6d748ead,f0619282ccd9c5c9
pypiahmad_INDIA100OLD_INDIA100OLD_189.jpg,100,pypiahmad,CC BY 4.0,ac548e618ed10c68ea41f09562f08ebd47eee561f859dda4c6292b36e40e91c4,e9d8d8dcd4e0b8b0
pypiahmad_INDIA100OLD_INDIA100OLD_190.jpg,100,pypiahmad,CC BY 4.0,4a8f9eb025cb0fbe968b09c98d1e2151be21bac2d8d10810fe033ad2dd5e273a,71f0e4c4c4c4c4b0
pypiahmad_INDIA100OLD_INDIA100OLD_192.jpg,100,pypiahmad,CC BY 4.0,58a9eebe5d3d87ba00dcb4d01f2f5c8cae74e877d4b61b480f225950cf7dc151,f0f0ccd8f1f1f8fc
pypiahmad_INDIA100OLD_INDIA100OLD_193.jpg,100,pypiahmad,CC BY 4.0,520a91226da87569d3b60035a94ccaf25eed9be796ba2284cf1b3e93a9e3c24a,e0e8c04c74f0e8e8
pypiahmad_INDIA100OLD_INDIA100OLD_194.jpg,100,pypiahmad,CC BY 4.0,38a898aea02686b94d3863e7b579b3c18018cf283d145b63096cf6e579112297,f0f0ec7cfcf4f8fc
pypiahmad_INDIA100OLD_INDIA100OLD_195.jpg,100,pypiahmad,CC BY 4.0,d454e2347b6eda8d542580109b70e96df3684012db2a412909da7729f5fbc01e,f2e2d3c4e060e0e0
pypiahmad_INDIA100OLD_INDIA100OLD_196.jpg,100,pypiahmad,CC BY 4.0,3cd3b538ef209b2d619cb255e2d8235ef8d529de205f841c79d22857574a90ce,e8f8d0e4c8e8d8e0
pypiahmad_INDIA100OLD_INDIA100OLD_197.jpg,100,pypiahmad,CC BY 4.0,d49d221193e7db239d11ef0866d5d503c513b414d6c3cb0a807c658223c6e71f,c0c8c88acac2e4e4
pypiahmad_INDIA100OLD_INDIA100OLD_198.jpg,100,pypiahmad,CC BY 4.0,6677a8978b909dac091b97474c957da6eb2b64a43c7379d11d8ee6ef2ec10144,c4cc4eccc8e4e4e4
pypiahmad_INDIA100OLD_INDIA100OLD_199.jpg,100,pypiahmad,CC BY 4.0,f5cfb65717752268bd510f00332a616d20a892b3f0438d4273002634be4dbb4b,f0fcbc8ccce471d2
pypiahmad_INDIA100OLD_INDIA100OLD_200.jpg,100,pypiahmad,CC BY 4.0,604ccbb664b643159d34837c3cda8489c71ea81b9655ccd6e1192b0608d4f33a,f0e4e0e2c8c8d1d4
pypiahmad_INDIA10NEW_INDIA10NEW_161.jpg,10,pypiahmad,CC BY 4.0,e5c59e86ba6897a221bb5f280a2cd5afe89870e969abeb369b1d872ad87595f9,c2c6c2c2e2e2e2e0
pypiahmad_INDIA10NEW_INDIA10NEW_162.jpg,10,pypiahmad,CC BY 4.0,0c57e36ff6fb24e46bb8f74ed0c4bd2d395e05076511d3efe5fe0746008a5674,5f4b06136367cec4
pypiahmad_INDIA10NEW_INDIA10NEW_163.jpg,10,pypiahmad,CC BY 4.0,015379a1f8c68931c5fc8c9d991e44cc5f33e8c56cb8f7ed6cb65cb92bdbce41,eaeae86aeacaf8fa
pypiahmad_INDIA10NEW_INDIA10NEW_164.jpg,10,pypiahmad,CC BY 4.0,1b5d417a1cb6af7870201ea70d6bb83e93e6339fcb7596fb6fda3a0f1b4b4d8c,d4cc3534f474617b
pypiahmad_INDIA10NEW_INDIA10NEW_165.jpg,10,pypiahmad,CC BY 4.0,637ace5adc875072cd963db4b62d4f49400f730faab6031fbcec13ea276aef96,f0e345cbd3c9aa8e
pypiahmad_INDIA10NEW_INDIA10NEW_166.jpg,10,pypiahmad,CC BY 4.0,1d8d4e89188e6801d186765d9d5bbe786e75a902923e4abea16bbc2aa83538ee,fca2eaeae2c8a8b0
pypiahmad_INDIA10NEW_INDIA10NEW_167.jpg,10,pypiahmad,CC BY 4.0,edac7419467eeb21c4f700c2a711c3dd3d08efc03a7d8999745095e3f27accc6,92928e23694d8cc4
pypiahmad_INDIA10NEW_INDIA10NEW_168.jpg,10,pypiahmad,CC BY 4.0,7fb515f5fa08d946bb4bd88aee80a748f6cd1dec8dd3909752557565c152cedf,e8c291d86ab0d9cb
pypiahmad_INDIA10NEW_INDIA10NEW_169.jpg,10,pypiahmad,CC BY 4.0,baa3f66c5677be77dd90345270c935bc85b396d4544e2541f9f6ffd44ff2e6d2,0990cdc5058d0303
pypiahmad_INDIA10NEW_INDIA10NEW_170.jpg,10,pypiahmad,CC BY 4.0,7e9aa8ccea2790ec8c6579ce42b724a6453e093436b9a09c1fd0196cb0524392,a88ca2a2a2e2cee0
pypiahmad_INDIA10NEW_INDIA10NEW_171.jpg,10,pypiahmad,CC BY 4.0,c89f72e6d25e724bd7f94dd189d8be51389343f7fe56742c56904c06684bd55f,8e8c9c0892f35afb
pypiahmad_INDIA10NEW_INDIA10NEW_172.jpg,10,pypiahmad,CC BY 4.0,5daaf1d63e507a7e727f7b32006a87fdb12fbe17937cee6ed47999ecf352f1fc,9acdc5c5cce23b6d
pypiahmad_INDIA10NEW_INDIA10NEW_173.jpg,10,pypiahmad,CC BY 4.0,a9e6c7daf02a463489d6ccea09328ecbafdf9d4c106bdab16442a53b5c2e31c0,0383d3ecfc3c165b
pypiahmad_INDIA10NEW_INDIA10NEW_174.jpg,10,pypiahmad,CC BY 4.0,9e38e7b2dde4286e4309886b4e88c89428b598618fda2b0842f5c3e434330193,69860e8c8ec7f0e3
pypiahmad_INDIA10NEW_INDIA10NEW_175.jpg,10,pypiahmad,CC BY 4.0,8927eaf272c383ba64022d9160b1f657efae1ea46414fb71fa73a717e1b1b855,83e1f0b29e8c957d
pypiahmad_INDIA10NEW_INDIA10NEW_176.jpg,10,pypiahmad,CC BY 4.0,2829a2200f79c35e18c8e994269f0c1a236f1ed0e7f6fa3ac1b30897da648d09,0898c98d06d2e7c7
pypiahmad_INDIA10NEW_INDIA10NEW_177.jpg,10,pypiahmad,CC BY 4.0,1cfd15bbe907d194e2f85e5c6f757797fa30014904dcc1162f77bc5821d1885d,c9ccc4c0dc642421
pypiahmad_INDIA10NEW_INDIA10NEW_178.jpg,10,pypiahmad,CC BY 4.0,c4c554a3df549989079739df6710a661dc590d5f47a22ee614e971833be76fab,60f292d6ae963664
pypiahmad_INDIA10NEW_INDIA10NEW_179.jpg,10,pypiahmad,CC BY 4.0,9f067a79ffcfb4a4150180ab9a14d8f0a237424bcfd0ae2a5a99d579e7dd35b4,b1e88cae94d4d0d0
pypiahmad_INDIA10NEW_INDIA10NEW_180.jpg,10,pypiahmad,CC BY 4.0,782c82c6ed6848de762639b26dc4ddfab015c89138355ece2638c1d96ae876b6,19cc4c1c1c1c1119
pypiahmad_INDIA10NEW_INDIA10NEW_181.jpg,10,pypiahmad,CC BY 4.0,44f4b7c12ec16b1bd2399019521359ef6c0f565e2d78a7081a8cb9ae6d0fdf06,e39878ec8881e6ed
pypiahmad_INDIA10NEW_INDIA10NEW_182.jpg,10,pypiahmad,CC BY 4.0,bb57f07bba31d7ecaf92bc9f7fc3a43a3ff5a063d937889e6d196b68f3f34af0,f3f0b2b0c2d29490
pypiahmad_INDIA10NEW_INDIA10NEW_183.jpg,10,pypiahmad,CC BY 4.0,fec847f515917510d7e3dbe80502e233d960002918bfb276f3d6cd3390579c2e,5bda4c9c1cfe7fff
pypiahmad_INDIA10NEW_INDIA10NEW_184.jpg,10,pypiahmad,CC BY 4.0,a8fab4f5cce2b11ae4dc3f9386c22f8794d0f939ba0ce9bf31ec4b5e11650853,4b5ae7e7c7cffe7f
pypiahmad_INDIA10NEW_INDIA10NEW_185.jpg,10,pypiahmad,CC BY 4.0,37c930de1609b2c4db3456f0a5f3f0aeece4474abd6eadcdc84e0c8410e2e431,2b568f9fdfffddfb
pypiahmad_INDIA10NEW_INDIA10NEW_186.jpg,10,pypiahmad,CC BY 4.0,36507315a1b9013cf84fde18b4f2d847839f9682b421c5931a6ac02c0c8d4373,6765e58f8edfbdff
pypiahmad_INDIA10NEW_INDIA10NEW_187.jpg,10,pypiahmad,CC BY 4.0,7e4bdf84e052b543fed38229af22bb9b44f41b1e96239820bb543b9fc7613a01,1f5b9f1f1c7c7ff7
pypiahmad_INDIA10NEW_INDIA10NEW_188.jpg,10,pypiahmad,CC BY 4.0,9de645fb2bfb589d8662ccc4f739b32f7c4bce34113f526d5fbbbcedd2144011,4e79599b5f5f57f7
pypiahmad_INDIA10NEW_INDIA10NEW_189.jpg,10,pypiahmad,CC BY 4.0,afb51c797e5a7ffbb7427ae3f79e88d7ce8c34a612f4497904f0bf2db2cbbd9a,4fcecdc54fcf7f77
pypiahmad_INDIA10NEW_INDIA10NEW_190.jpg,10,pypiahmad,CC BY 4.0,831315321d71e4ec51eb2a7f850a3053eceb858fa3bf0b0e033b0abe8f47fb51,4bce5e5c5c5e7fff
pypiahmad_INDIA10NEW_INDIA10NEW_191.jpg,10,pypiahmad,CC BY 4.0,1ae9243aa5cf475ea4891c2cbc51a4b051a39eb001ca3df60bb328463b8c00c6,e8c8f89c98d8e8e8
pypiahmad_INDIA10NEW_INDIA10NEW_192.jpg,10,pypiahmad,CC BY 4.0,cd339ab0c55b24dd4083ca813f17da05900cb1d5623d3526bdaee2fd834d8107,e8e8c9c1c1c8e8e8
pypiahmad_INDIA10NEW_INDIA10NEW_193.jpg,10,pypiahmad,CC BY 4.0,1df9a33b6b0aa9cf2bd1df91110192d89c2f03b26eda6acfc4de5662a67fdad3,f0f0b89c9cd1f8f0
pypiahmad_INDIA10NEW_INDIA10NEW_194.jpg,10,pypiahmad,CC BY 4.0,f5ff01296a834ccea9d98b5489702d9701a71a93f517cbb9f1033023b549537b,f8f0e4c5c9c3f8f8
pypiahmad_INDIA10NEW_INDIA10NEW_195.jpg,10,pypiahmad,CC BY 4.0,34af1900122631da1eeeb329610450c49dcf47463f74b6ef61b5d6a96967ab4f,c0e89c9cccc4a2ea
pypiahmad_INDIA10NEW_INDIA10NEW_196.jpg,10,pypiahmad,CC BY 4.0,5a3b109a38948795a232ec885283004acc7ea0f90a86890a68153c640f101e09,f0c1c1c1c8a9c9c8
pypiahmad_INDIA10NEW_INDIA10NEW_197.jpg,10,pypiahmad,CC BY 4.0,9d0c4b0b55c7a25bd4b1b5230df01dd26a46b3d28547a21592f8b62994262eb8,e8e8cec4e0e0e8e8
pypiahmad_INDIA10NEW_INDIA10NEW_198.jpg,10,pypiahmad,CC BY 4.0,518c7a5a8223294e52792858eca9c5e609d16db71b3875503b90e9e2022d2c36,e8e8d89c8c3898e8
pypiahmad_INDIA10NEW_INDIA10NEW_199.jpg,10,pypiahmad,CC BY 4.0,06a806feb3fa02e4dad8a15e4f7184a14ce9c80e9cab8e840ff3952638e20b25,e0c8e0c0dc8cad65
pypiahmad_INDIA10NEW_INDIA10NEW_200.jpg,10,pypiahmad,CC BY 4.0,d91f4671d57c95f0c5d0fdb86259df0b6f6673a56c55a000ad215872582ea575,f0d0848c9cd4e3a2
pypiahmad_INDIA10OLD_INDIA10OLD_161.jpg,10,pypiahmad,CC BY 4.0,a3eb725cbe28f2a78048ed98a604b8cf60aa61d23158df85538af5ede84ff012,e069d68282288fcb
pypiahmad_INDIA10OLD_INDIA10OLD_162.jpg,10,pypiahmad,CC BY 4.0,32f046259f079e349cbcde11857c0a80dc9b188094130658620c037ccccb07b2,e061acacc84baccb
pypiahmad_INDIA10OLD_INDIA10OLD_163.jpg,10,pypiahmad,CC BY 4.0,2e905a4e1f63ea7ef05e804db21837116e7c197a04c144e6f77edf246ca2e841,70e0d0d0d4dc9cfc
pypiahmad_INDIA10OLD_INDIA10OLD_164.jpg,10,pypiahmad,CC BY 4.0,932fcd01b3e130abc64d2875fdf3fa0ad40bba039094689eb6415196f5e58530,c9ccc4d4f0f8b0b2
pypiahmad_INDIA10OLD_INDIA10OLD_165.jpg,10,pypiahmad,CC BY 4.0,4b1f97cc7d55188f4d60efa889b140fcfd0aed318f9ada669d44c122c5601295,e8c6c1d86eb8d927
pypiahmad_INDIA10OLD_INDIA10OLD_166.jpg,10,pypiahmad,CC BY 4.0,44d84a0909a2c92621be3f261a9c7a33bee0d55b7d501c0d80d8c218f5685d9f,e9d83af4e1d3e625
pypiahmad_INDIA10OLD_INDIA10OLD_167.jpg,10,pypiahmad,CC BY 4.0,96ae5c5ffac8958b603c501daa776d45ddc5e7c54bf6053cbf9913283615dbec,e0c1d89c77d1d3a4
pypiahmad_INDIA10OLD_INDIA10OLD_168.jpg,10,pypiahmad,CC BY 4.0,b8d1d19867d69237fd029dbb40eb5b0a88de4e9d6a587990a8402ac32f819df4,c0e0ca8a193527a5
pypiahmad_INDIA10OLD_INDIA10OLD_169.jpg,10,pypiahmad,CC BY 4.0,3e00cf146036d1b166f93b2b6529f210d3de49a798e9744ba3e5e3ea3cd03c74,70ecc4c4f0e0e0b0
pypiahmad_INDIA10OLD_INDIA10OLD_170.jpg,10,pypiahmad,CC BY 4.0,590083a5a9fcce537c1de6102cbc2eaa4e53fb6aaa54ec37a5397d480038aa01,f0e0c8d4c4e4e08e
pypiahmad_INDIA10OLD_INDIA10OLD_171.jpg,10,pypiahmad,CC BY 4.0,9f2c32cd796e45a8c10bfb1b4fb5f5ddf9478dd2dea2d4536f8b767b887eb0ac,c8c481d8783c985b
pypiahmad_INDIA10OLD_INDIA10OLD_172.jpg,10,pypiahmad,CC BY 4.0,ff208b54d52abbb0cab8d53ca484ece2b2fd2b85e329425fd341b659f8fe6035,c2cc3cf4d8c1c56b
pypiahmad_INDIA10OLD_INDIA10OLD_173.jpg,10,pypiahmad,CC BY 4.0,807dffa6fba76601c8f3d605ebcf640f97cb7e3d9b33d69aa9e2b0b2344c0195,c6dcd4c696e165b3
pypiahmad_INDIA10OLD_INDIA10OLD_174.jpg,10,pypiahmad,CC BY 4.0,285a2f7c66ed4d670bf8fb9333b45ff80931575fccfc4989db4ead397996819f,639890ba9e922047
pypiahmad_INDIA10OLD_INDIA10OLD_175.jpg,10,pypiahmad,CC BY 4.0,0711950d14f720c4d926726443ae2926e02c2326ecb0f3df9b725923f2ef4b5f,e661d0e0e0921747
pypiahmad_INDIA10OLD_INDIA10OLD_176.jpg,10,pypiahmad,CC BY 4.0,47e87cbfee787ce46063192040e5ee2e8e1ac6ec2526ae3eecf9dbc3228a6590,43b0f0e8e0908557
pypiahmad_INDIA10OLD_INDIA10OLD_177.jpg,10,pypiahmad,CC BY 4.0,171c3a982ca8317d4014a28a261a730075c383e82e2ec4f1e6b61464fab7cb1d,23c6f4b0b2a86927
pypiahmad_INDIA10OLD_INDIA10OLD_178.jpg,10,pypiahmad,CC BY 4.0,4b04ab4404e51e0f14d2c3c844508de8342fed05787b62f5c5015ea2e41a74a6,a1d4f0e0e0b0f045
pypiahmad_INDIA10OLD_INDIA10OLD_179.jpg,10,pypiahmad,CC BY 4.0,08c1fd3a0cf68845b2a863003cef4969d3a32fe22bb0f13fd058d2fdf8a58550,73f0a48682068e62
pypiahmad_INDIA10OLD_INDIA10OLD_180.jpg,10,pypiahmad,CC BY 4.0,61a124714932bae74ee8d442baa24a8753431c276aa57785ae237df8fa4af049,86f0d09686a6018b
pypiahmad_INDIA10OLD_INDIA10OLD_181.jpg,10,pypiahmad,CC BY 4.0,147152f3a59cb4dbcba050ec538d12f123037e5ce99ff3fca0a2237a6d61bac7,f0cc8c8cc452d290
pypiahmad_INDIA10OLD_INDIA10OLD_182.jpg,10,pypiahmad,CC BY 4.0,9b930d4a8fcd231454b0b0300c257eedf86bcf71ebd0fac79efb966419b19c32,f0ec84c2c8a42143
pypiahmad_INDIA10OLD_INDIA10OLD_183.jpg,10,pypiahmad,CC BY 4.0,df3beab8a11110e3fa998547fafde2a5bfc26c2ef5ed037ee531fc65a0bc1e74,f0e4d2c2ccc492a0
pypiahmad_INDIA10OLD_INDIA10OLD_184.jpg,10,pypiahmad,CC BY 4.0,ba629913a293f9abfb3f037d377adf393a112935f81342530f9534d71f0b3c7d,f0acb49cccf5b081
pypiahmad_INDIA10OLD_INDIA10OLD_185.jpg,10,pypiahmad,CC BY 4.0,8d4f1f1250e77d49909469c19739df54e8fca9e91f4c50503b91af4e7f9b10c4,1616838aa8838783
pypiahmad_INDIA10OLD_INDIA10OLD_186.jpg,10,pypiahmad,CC BY 4.0,99b06a9641da616ee1aee98b2c937984c7877012ebebfa72b6bb566096fc0050,979e1c8dc5e183c3
pypiahmad_INDIA10OLD_INDIA10OLD_187.jpg,10,pypiahmad,CC BY 4.0,cd4ce306a515dda737f4c3aff17dc87c6c3c4fbc8444859c593f0a14116fa194,04848ec2c19f8f5b
pypiahmad_INDIA10OLD_INDIA10OLD_188.jpg,10,pypiahmad,CC BY 4.0,1d9da3c7ce1ac45a58e9f45810aaf4ab1453c4e973534e104727807a649d3353,c6040a3841c7cf5f
pypiahmad_INDIA10OLD_INDIA10OLD_189.jpg,10,pypiahmad,CC BY 4.0,b1a6b748ecf1f82ec820c3cddb0111df8d1fd02f71010fe42b50457a3e12db1f,f40c8c3848c48f97
pypiahmad_INDIA10OLD_INDIA10OLD_190.jpg,10,pypiahmad,CC BY 4.0,35f0966905df0cc4743b697430730ea30d04a55aeda83fc6dd93a2ddc2f2796e,c6061c6c448dcfd7
pypiahmad_INDIA10OLD_INDIA10OLD_191.jpg,10,pypiahmad,CC BY 4.0,3d4858d7092aaf105259ce259cbd1bbf91410625d907566a4731dad4da2bd423,e8e8c0c0c0e0e8e8
pypiahmad_INDIA10OLD_INDIA10OLD_192.jpg,10,pypiahmad,CC BY 4.0,044f90115e79ce0bb23282075e8732c38939b53d9bfb9b6fc7282fdcf47889c8,e8e8d08cace1e8e8
pypiahmad_INDIA10OLD_INDIA10OLD_193.jpg,10,pypiahmad,CC BY 4.0,3859bce59695cf14f9d9537147b236491041c995021e566c2092930a00ac6385,f0f0e0c8c0f0f0f8
pypiahmad_INDIA10OLD_INDIA10OLD_194.jpg,10,pypiahmad,CC BY 4.0,73d627a995493252c7b795a1b5fb11fbde5fcae29a1551fdbbb5f393b6e09cde,f0f0c0ecdcfcf2f8
pypiahmad_INDIA10OLD_INDIA10OLD_195.jpg,10,pypiahmad,CC BY 4.0,48312d7380f773456603970d441f04d7d87acd4679c412346ed13e00070370d1,80dac8c8caa2c2c8
pypiahmad_INDIA10OLD_INDIA10OLD_196.jpg,10,pypiahmad,CC BY 4.0,d6859016da42c4841c8336a8d7c7e6c4fac11032ad71e79e05dcf0115cd56885,eadd8cacc889a0cc
pypiahmad_INDIA10OLD_INDIA10OLD_197.jpg,10,pypiahmad,CC BY 4.0,a172be680d4652611a57a133459792d6e362752899f77b12b72659fe6215901e,c0f8f8c0b0b8d0e0
pypiahmad_INDIA10OLD_INDIA10OLD_198.jpg,10,pypiahmad,CC BY 4.0,02bae84c2e9ffa02658021be09de31fa81ef7de4819952975772169b719d4a7d,e0e4f0c0e0e0e0e0
pypiahmad_INDIA10OLD_INDIA10OLD_199.jpg,10,pypiahmad,CC BY 4.0,db5ba644b58b8e96dcf1b91ed6807c48bdd207f260a398c3c36fbba3b3892d02,f0cc8c8ccce8d0a4
pypiahmad_INDIA10OLD_INDIA10OLD_200.jpg,10,pypiahmad,CC BY 4.0,266fbbef57626867364d5dd916acf3dda5938d9b2ad6dda0b3c71a8cdbbf63f8,f0e4e4f0c8c8c4b0
pypiahmad_INDIA2000_INDIA2000_161.jpg,2000,pypiahmad,CC BY 4.0,f2bb1d4170381b021a251220505b6eef8e7e32f17d84c11da9affd9f1570c482,e0e0c09c8c6cd3c3
pypiahmad_INDIA2000_INDIA2000_162.jpg,2000,pypiahmad,CC BY 4.0,70926ba7d5a8492f46304d6484c4f61e525d3902905b157d451a5861e5e69e77,e0e0e0ce8a89e7ca
pypiahmad_INDIA2000_INDIA2000_163.jpg,2000,pypiahmad,CC BY 4.0,0a74022d4de333c1067090c5f82f5dc99d8b83f317c70688cf1c4213b18b9a23,6961c9c4c0d0d8fc
pypiahmad_INDIA2000_INDIA2000_164.jpg,2000,pypiahmad,CC BY 4.0,139d94725a5f70439834866ba470d949e47d5171692e5569d31d526e67bbd2da,6161e9c9dce0c8dc
pypiahmad_INDIA2000_INDIA2000_165.jpg,2000,pypiahmad,CC BY 4.0,9750d5d374ea1f77820237fd3387d914c7d969ba8189a92b9dcb28a88f157027,c8c693d86cb4d8cb
pypiahmad_INDIA2000_INDIA2000_166.jpg,2000,pypiahmad,CC BY 4.0,6fc864337326843005831885dfe9462307b716d9f9e354dbcdc08abf7b777cf0,ecdc3ee4c9a2e56b
pypiahmad_INDIA2000_INDIA2000_167.jpg,2000,pypiahmad,CC BY 4.0,5e85b493606f68b330fdbb65f7adb783e317eecca6272968d7c68e81d5fcb45a,e061d296a665d3c2
pypiahmad_INDIA2000_INDIA2000_168.jpg,2000,pypiahmad,CC BY 4.0,41178e14df029e9bafeba82e84d1a91c64d518cb8d72e6248772c524740bf865,e0e1c49eae49d3c2
pypiahmad_INDIA2000_INDIA2000_169.jpg,2000,pypiahmad,CC BY 4.0,4296562426fd603a5edbf3633a1ea72ab9d43ccb118de0ba0572ef7c6b81ab20,696978c8cce4ccc4
pypiahmad_INDIA2000_INDIA2000_170.jpg,2000,pypiahmad,CC BY 4.0,86f241c8f3342cc95a69cdd0a24750b5a74340ae86ae57ed65a3af8666e3c550,616969e0c0e0c4f8
pypiahmad_INDIA2000_INDIA2000_171.jpg,2000,pypiahmad,CC BY 4.0,42ccccb1a0a4266d26a7f53efc13c8acc83053953f1b6869dde05d6f5ecfa33c,c8c5a3c864b8988b
pypiahmad_INDIA2000_INDIA2000_172.jpg,2000,pypiahmad,CC BY 4.0,003658f7e8b5b935eac5ea6ae8a95524ac13a28d9bcf17cca789786aa8071f5f,ecdc32e0c1c3e52b
pypiahmad_INDIA2000_INDIA2000_173.jpg,2000,pypiahmad,CC BY 4.0,26054c89d32664e851e7e5c7570a9825935a8d0a8596ebe19b4fe60beda035d9,a2e8c8f8c0d8b03b
pypiahmad_INDIA2000_INDIA2000_174.jpg,2000,pypiahmad,CC BY 4.0,3697c21e25282de8d642b5add583e986a05f60c598e45a82c1f36d80c81fe75c,61d4c8b0b4bce4d4
pypiahmad_INDIA2000_INDIA2000_175.jpg,2000,pypiahmad,CC BY 4.0,f0769390a37e849b3149b8b52b3a0417409c45f4dd782f66164ca510258cda3c,93e0e8c2888e47dc
pypiahmad_INDIA2000_INDIA2000_176.jpg,2000,pypiahmad,CC BY 4.0,316559b016d5b9e0b1f6e500778e7952c45bed953b231d36880f610c4ce22be1,61c4a8a286b62923
pypiahmad_INDIA2000_INDIA2000_177.jpg,2000,pypiahmad,CC BY 4.0,027a705deecd2397854f2c457e63f4467e8e2a4b7f5ecc42474de037b7b5fabc,0042cc9a9888713b
pypiahmad_INDIA2000_INDIA2000_178.jpg,2000,pypiahmad,CC BY 4.0,01b05d51b9ab056d0b1538ecff11e0884d460b4b49387435446f6de8c90edd0e,61cc8ca6e4ccf43c
pypiahmad_INDIA2000_INDIA2000_179.jpg,2000,pypiahmad,CC BY 4.0,feb9fd814f38bddd1cee48e0d76770bd454d56b1e1bbc5f36c5a7e2a74d6363c,81d0f0e680ce2f21
pypiahmad_INDIA2000_INDIA2000_180.jpg,2000,pypiahmad,CC BY 4.0,2a83277b930fee3ee69d88fc14d3229d486e9fc1930807948d56b2fd537a0620,25d4f0b4a6b86d6d
pypiahmad_INDIA2000_INDIA2000_181.jpg,2000,pypiahmad,CC BY 4.0,58373b59fe1883ba6f1d63afbac8277be7171ac0ff841a91773f61da2d671811,f8d8c8e8d0c472d0
pypiahmad_INDIA2000_INDIA2000_182.jpg,2000,pypiahmad,CC BY 4.0,4f7a2068fa6443f06d291832b8b18fa8f5e794c8b9075e0c68ff071cb004f217,f0b4c68c8c84e4c4
pypiahmad_INDIA2000_INDIA2000_183.jpg,2000,pypiahmad,CC BY 4.0,d451a3848fed929058c625efaf4fca5fde63aad328f9ac5f283386d7c1ef6865,f0a8a898ccc4d2a1
pypiahmad_INDIA2000_INDIA2000_184.jpg,2000,pypiahmad,CC BY 4.0,a63c280d02ab510d37e2c3cd962e8c84ed0d5ece1e60442011407c4b75c8d059,e0e0e098d8c4b4a1
pypiahmad_INDIA2000_INDIA2000_185.jpg,2000,pypiahmad,CC BY 4.0,205893c6bc9a3a8b9a14f0fb59ea6e8e099f5d005ecdf8fdd2d8d55c49ea25c6,aa9e8cc8c1c3c3c2
pypiahmad_INDIA2000_INDIA2000_186.jpg,2000,pypiahmad,CC BY 4.0,8a40feb3636cd72015ed1cf296db2338e0adfa4b96d31fdf326ee12f2e6934ce,e69a968ecac3c7c2
pypiahmad_INDIA2000_INDIA2000_187.jpg,2000,pypiahmad,CC BY 4.0,d90325d5befe12609de52486826a20c9f919b58e0f39ae3e33ceedd395b6c56f,e48c8c68c5c79fbf
pypiahmad_INDIA2000_INDIA2000_188.jpg,2000,pypiahmad,CC BY 4.0,008e424adf1b9a9e457170ce671326c291f163f123b1cb3063489412bf73f321,e6cc0c2026c7cb5f
pypiahmad_INDIA2000_INDIA2000_189.jpg,2000,pypiahmad,CC BY 4.0,e3072e1a937312f737e36cf46a58d126ac460560b4723237085547e438e3a28d,e4ce8488c4c7cfdf
pypiahmad_INDIA2000_INDIA2000_190.jpg,2000,pypiahmad,CC BY 4.0,0630d0f91433497c3ad839d17338006fbc6245f7e2849771d6377fcc27cb7144,e6cc8e2065cf9f9f
pypiahmad_INDIA2000_INDIA2000_191.jpg,2000,pypiahmad,CC BY 4.0,b9a38cbbb643545da037780bc8d14c962333c18fb319ac9a860209270e53f46f,e8e0e898c8e8e8e0
pypiahmad_INDIA2000_INDIA2000_192.jpg,2000,pypiahmad,CC BY 4.0,8819529dc524a2c2eccef2dc2a7165206ca1f766c8ee7309b7a936f426bc95e0,f0f0f8dcccf8fcf8
pypiahmad_INDIA2000_INDIA2000_193.jpg,2000,pypiahmad,CC BY 4.0,27930c9474d8b68f8a2f04d6656efef02db21b763a40ed76c51435b04c6f6862,e8e0c88286c8e0e8
pypiahmad_INDIA2000_INDIA2000_194.jpg,2000,pypiahmad,CC BY 4.0,65a285082e67a9e4a174ba7aaaeb9ac1a11fd1c17fc83442d6e183315c9b6851,f0e0c8d2d4f0f0f8
pypiahmad_INDIA2000_INDIA2000_195.jpg,2000,pypiahmad,CC BY 4.0,9c0c944f13001f63baf2ab4322d05640acd179a22888ba5b02bc4083f60cc74d,d0f8e8c4a8e8e0f0
pypiahmad_INDIA2000_INDIA2000_196.jpg,2000,pypiahmad,CC BY 4.0,ecc943db520bad45594f071db4bd80a1f8e112890e1a41440797a0aacbd0de7c,d0e4e4e0c4c0e0f0
pypiahmad_INDIA2000_INDIA2000_197.jpg,2000,pypiahmad,CC BY 4.0,2d89f3215185c3ab81d892749c4e3d8d54239e9a01fff7dd49405e44bb1d8857,d0a89c8ccae0ece8
pypiahmad_INDIA2000_INDIA2000_198.jpg,2000,pypiahmad,CC BY 4.0,5833efe681468586e86e43d11bc1045347899f3799e13bcef1f117535a478430,c08a86cecac4c8c8
pypiahmad_INDIA2000_INDIA2000_199.jpg,2000,pypiahmad,CC BY 4.0,34dde621b64659ef7ddd987883767e53b4823366418f12cbc35b9625ffb3ab28,f0d0e8d0c4ccc4d4
pypiahmad_INDIA2000_INDIA2000_200.jpg,2000,pypiahmad,CC BY 4.0,b25b30ea3ff15b76cfa252834a01ba81618496d4dacdb4637c38d998643fca86,f0f8ccacccc4d1d2
pypiahmad_INDIA200_INDIA200_161.jpg,200,pypiahmad,CC BY 4.0,1e3cfffd9da4a68e1798852cd21c581d4ad1751ba73ae9aa356aefd3ec60a18d,e061b29ecce5cbcb
pypiahmad_INDIA200_INDIA200_162.jpg,200,pypiahmad,CC BY 4.0,426747ab5cf30ba4d8595a9f6236971c760e87d9d19fdb9d9bfba64b28984178,e0e3e0868a9bd6d8
pypiahmad_INDIA200_INDIA200_163.jpg,200,pypiahmad,CC BY 4.0,2b5d1b1394ff14d131ac6a615279b12c279f4a5a0dcf2ce080a2a8d0c46e8d27,6170e4c4d4f8c8fc
pypiahmad_INDIA200_INDIA200_164.jpg,200,pypiahmad,CC BY 4.0,ec2ded55b06deb79d84e689c73fcb7557947cd915ad3139cd38e90db7be52c18,69e0dcccc0f0f8d8
pypiahmad_INDIA200_INDIA200_165.jpg,200,pypiahmad,CC BY 4.0,636482c5857f2c64a7d9b39a8fd27108c56e0f1fa7762c8ba76788fcb96d9f61,e1c291d8686cb093
pypiahmad_INDIA200_INDIA200_166.jpg,200,pypiahmad,CC BY 4.0,834b5a237177c3f32d0eaaa4677a7032310d67b8f0a1086e3bdad4f7aed10796,cc9c76e489c2e62c
pypiahmad_INDIA200_INDIA200_167.jpg,200,pypiahmad,CC BY 4.0,bbc1bacc58cba98af2d5724fb48a3e6f2dd6da454c46186b795494aaa088a166,e061d2828aa5a8ec
pypiahmad_INDIA200_INDIA200_168.jpg,200,pypiahmad,CC BY 4.0,ba7b81b8af7105f87361c4cff2fa9f8ffe191e5511dd230c93d47edfc4e583f7,e0638cbcc4d196d4
pypiahmad_INDIA200_INDIA200_169.jpg,200,pypiahmad,CC BY 4.0,c9a71cac0b19dff7a578b943186e93bf37e60f0566919731864d3593b32be80b,6870d8dcccdcd8cc
pypiahmad_INDIA200_INDIA200_170.jpg,200,pypiahmad,CC BY 4.0,c0da35b8b67a64f7a15d5e10ae747098692a51eec642c1cf3c09a1b208ca027a,e9e9c4e4d4f0e4dc
pypiahmad_INDIA200_INDIA200_171.jpg,200,pypiahmad,CC BY 4.0,a907221b11a8dbc204d8254017a5aecea6e7a36218e18d9a227fe2d04275c018,c8c691d86ebc98db
pypiahmad_INDIA200_INDIA200_172.jpg,200,pypiahmad,CC BY 4.0,a355ebe699d1cb51ed713bed6544e70a05f728a1745d3d550a0712e3a4134047,eddc32e4c1d3e664
pypiahmad_INDIA200_INDIA200_173.jpg,200,pypiahmad,CC BY 4.0,437499e64ad7812baf8a5055cf5aaa86355f40ee8d0a298ddcad74f8b38c37a8,43ecd4b0a6b4e833
pypiahmad_INDIA200_INDIA200_174.jpg,200,pypiahmad,CC BY 4.0,ae3fd47cba95bc0959ab0905fca3d01b671ec41ee382d3f3fac3d4e2679f0099,05c8cab0b09ac459
pypiahmad_INDIA200_INDIA200_175.jpg,200,pypiahmad,CC BY 4.0,9d3ae6726b6b7fef249ed4e1ea3c4e04eeaa6a225290775ee3f02b6a4afa287b,82f4c4d29a98ccba
pypiahmad_INDIA200_INDIA200_176.jpg,200,pypiahmad,CC BY 4.0,1de3c945f2ec75432bbdef8b05b90ea8f37c4d9d22591cec6000fe0607112935,83c0eaa2a63a358d
pypiahmad_INDIA200_INDIA200_177.jpg,200,pypiahmad,CC BY 4.0,bfa66fdb7b77387783491c8522270f50ecc6ba7f82c36fab0d8b9ab107704182,13cc8c8a8eae20cb
pypiahmad_INDIA200_INDIA200_178.jpg,200,pypiahmad,CC BY 4.0,8c42e8fbfb67cc864e41255cb86939895620de2261dd68bf78af58409fef7db1,52988c9e98dcc023
pypiahmad_INDIA200_INDIA200_179.jpg,200,pypiahmad,CC BY 4.0,3bda98ba995c6ac9c03f197b5038a8e2cf3c74bfd62583b1605a755f1827ffec,89e4f2e2b0d27e29
pypiahmad_INDIA200_INDIA200_180.jpg,200,pypiahmad,CC BY 4.0,757358efd56f8a8ae1a81960969adee0894b38812951c167723fb46ff43104a8,01e4f0b0a2b81983
pypiahmad_INDIA200_INDIA200_181.jpg,200,pypiahmad,CC BY 4.0,4d88963d8098a51a4d02f9ac4754ecaa6b1eef9c9e899c2285afa5b65a11261d,f0eaa9e4c6d0d2b0
pypiahmad_INDIA200_INDIA200_182.jpg,200,pypiahmad,CC BY 4.0,961f05d9503401037e427ff546dd65d401248c2c38fd8c5b09a02776c9cade48,f08cccac9ce4f2b0
pypiahmad_INDIA200_INDIA200_183.jpg,200,pypiahmad,CC BY 4.0,c240b3276beb8ddd20c714be2601cd7405d6035bb5ca132cd0f6a2b1d0fd48c2,f0c8c898dcc4e0e0
pypiahmad_INDIA200_INDIA200_184.jpg,200,pypiahmad,CC BY 4.0,a3436fdd685437182cdef6225a4a987b121405e4f9d8974db17051098e0bba60,f0a0c2c290a9a9e1
pypiahmad_INDIA200_INDIA200_185.jpg,200,pypiahmad,CC BY 4.0,e5c43c26a84396887ae2d136364756cdbc3a61dd8b75e91498db1399a02fca0d,de949cc8e0828382
pypiahmad_INDIA200_INDIA200_186.jpg,200,pypiahmad,CC BY 4.0,6a590aa65a69541cac77ed19ece42f9c8583f4070a399ea2f7d0f05c082574a3,f092c2cbc8830705
pypiahmad_INDIA200_INDIA200_187.jpg,200,pypiahmad,CC BY 4.0,73e12a6571c6bea30f89afc2acd73207fb1e838ef7d3eabcad3a8c955f72b982,86ccc4c98a874dfc
pypiahmad_INDIA200_INDIA200_188.jpg,200,pypiahmad,CC BY 4.0,7e8f5793684629c4b3bae5010d08b0f3d70b2de8ca80deae88fdf8ea40ebbf0e,ccc2c2c353d1c861
pypiahmad_INDIA200_INDIA200_189.jpg,200,pypiahmad,CC BY 4.0,4108368b20f7211ef0abecaa137886fb12fbae4be84f639df5ab4589ea73b74f,868e56c8cd97bf7c
pypiahmad_INDIA200_INDIA200_190.jpg,200,pypiahmad,CC BY 4.0,8dce6fc67cbf5aaa8f7f70ed7c592507b8a7a6bf77260e63da92a41f75a9df7d,e6c68ec0c7cfdffc
pypiahmad_INDIA200_INDIA200_191.jpg,200,pypiahmad,CC BY 4.0,6f7bb83993f86533c6dea8a2f034400fbdbc40f1930c533705cff84fde927028,e8e8e0f0d8e8e8e8
pypiahmad_INDIA200_INDIA200_192.jpg,200,pypiahmad,CC BY 4.0,6492c1f0feb1ced38b506fef4e9b2bec90b8a31c265c2faed1e75e0d2b7eaf6a,f0f4f0dcdcf8fcf8
pypiahmad_INDIA200_INDIA200_193.jpg,200,pypiahmad,CC BY 4.0,c723b51c1d4de57ba0408fe4ae42e8cdfee5ea50b3f00bc7e9b18ab91674a32f,e8e8d092c3c8e8e8
pypiahmad_INDIA200_INDIA200_194.jpg,200,pypiahmad,CC BY 4.0,4875c2acc2c82277cc10e893e9e9cf8a60fd70ad9c3a561827db38f6d60499ae,f0e4d8d6c2f0f0f8
pypiahmad_INDIA200_INDIA200_195.jpg,200,pypiahmad,CC BY 4.0,4a26c0876900cb3feaece3d5038a810614a0657c23926a656aee591c2f31fb43,d0e8e8c4a4e0e0e0
pypiahmad_INDIA200_INDIA200_196.jpg,200,pypiahmad,CC BY 4.0,4b2fb8d0a2952f060740710432489eb8bd705cbe57a75acfba1e3bba739e8209,d8f0e2e4c4e0e0e0
pypiahmad_INDIA200_INDIA200_197.jpg,200,pypiahmad,CC BY 4.0,f2fbd4f9dc1d8848bdd40dcc01c00864a9cd06855d57a309ccf7166d30946526,c0a8988c8aa2c8c8
pypiahmad_INDIA200_INDIA200_198.jpg,200,pypiahmad,CC BY 4.0,aece0c9d5ceb5d915ea52a87e1bb1712e4e444a7c56a16341d4bb4954fa19f65,8092c2c9cae4e8e8
pypiahmad_INDIA200_INDIA200_199.jpg,200,pypiahmad,CC BY 4.0,248709a43ca5a69a26ba7ce1a5d2f44c9b16ac04827aadfc26e73eb449c0d7d2,f0f8eae0cce4e2e2
pypiahmad_INDIA200_INDIA200_200.jpg,200,pypiahmad,CC BY 4.0,2cd827eb289cd305d80eb5f3bffbad37780b4569995c81efcbf51437abc815f0,f0e0c4c4ccccd5d4
pypiahmad_INDIA20_INDIA20_161.jpg,20,pypiahmad,CC BY 4.0,061f7e757b68ea0a61d3810600e736df4f5ad31b059fcf333ba24dd8687ce16d,7e7f9c888aee6424
pypiahmad_INDIA20_INDIA20_162.jpg,20,pypiahmad,CC BY 4.0,d8dcb17b9b60e66db89feb9358b06e8bf1eef45c96567185277b54be79e82513,f071a4accc1fb7a5
pypiahmad_INDIA20_INDIA20_163.jpg,20,pypiahmad,CC BY 4.0,66fcf7b78226fb4bb2fdd64538ea96877cb2818d282dd9d113bbc23cee9f3d0f,696961e9e1e1e0e0
pypiahmad_INDIA20_INDIA20_164.jpg,20,pypiahmad,CC BY 4.0,6e51c54559edce8c765465efdac169799d06cbe23d4858d9caadc0d8f1019425,7161e1f1d8dccccc
pypiahmad_INDIA20_INDIA20_165.jpg,20,pypiahmad,CC BY 4.0,a0ac5f258b3fec58c3faa358caae147ac3f996bd3a8dfabe4d06bdd8b462469a,01e0e0c0ceda63e5
pypiahmad_INDIA20_INDIA20_166.jpg,20,pypiahmad,CC BY 4.0,27193c83a33ebdb7f2b7ae05eca08e7a15357b184b513ccfdc79650c9dbd38c7,c4d8de9e868e9f6f
pypiahmad_INDIA20_INDIA20_167.jpg,20,pypiahmad,CC BY 4.0,a7f4387c161532369246a6c83b55e16e0adf68dfece2ec4289fb291562e804f4,e5c0f0e0e0fe7725
pypiahmad_INDIA20_INDIA20_168.jpg,20,pypiahmad,CC BY 4.0,0cee3544af73b1ff33cf26fdb7ccc59c815d69f31c4c1c3348bb3c91230d2750,d0d8e8e0b088e479
pypiahmad_INDIA20_INDIA20_169.jpg,20,pypiahmad,CC BY 4.0,859387560c340aec67cc34d63bbbc8dd532e2041ec6336bf32c30e1bacd6a82b,e5e2d8f0f0b0e023
pypiahmad_INDIA20_INDIA20_170.jpg,20,pypiahmad,CC BY 4.0,c6e7f3b77d4c227741d0f2a78ee01ee642b7a2975a57ebd29e6e1100353668da,c8ccf8e8f8f8fe77
pypiahmad_INDIA20_INDIA20_171.jpg,20,pypiahmad,CC BY 4.0,d3e6be68142e47c09274ed767206d5c4c362d817f4a6bc76e852ec3757b3b8b2,73c0888e86901b35
pypiahmad_INDIA20_INDIA20_172.jpg,20,pypiahmad,CC BY 4.0,510b69efe45963933af8605d32c6fa218e07b782880f9aa5866b6746b98909b3,78f8c68e9c8c3c3e
pypiahmad_INDIA20_INDIA20_173.jpg,20,pypiahmad,CC BY 4.0,bbc61b0a69bff5edf118fd438238bb0745650ef406f621d7097336aad58aaee8,f0bcbc98ccd293a0
pypiahmad_INDIA20_INDIA20_174.jpg,20,pypiahmad,CC BY 4.0,a58994f0cc884c57377ee924f272b463161547ec2577f8e9f89a5f2caf25bf89,f0e4e2e2cccc2440
pypiahmad_INDIA20_INDIA20_175.jpg,20,pypiahmad,CC BY 4.0,80e9b2dfc4916ef4dd1ef784d5402142f5e1a461d07d0c82c5c1112184cbaac5,fc8888cac9838382
pypiahmad_INDIA20_INDIA20_176.jpg,20,pypiahmad,CC BY 4.0,4c3ae494d4fe517ad17ebc04b14afd22df9af4d800fdd414772dc0dab832626b,94b62c0ec9838705
pypiahmad_INDIA20_INDIA20_177.jpg,20,pypiahmad,CC BY 4.0,2d624c4289a20a40a0fc89bd5aa831c42feb3418b46f3f999010b7335d6096a0,e0c2e2c0c4d1b0a1
pypiahmad_INDIA20_INDIA20_178.jpg,20,pypiahmad,CC BY 4.0,2f913bf4b7fa36197a9d0254725ab1ebe452b452179f3e7395d66dbb850d8441,f0cc9c94ccd1b0a1
pypiahmad_INDIA20_INDIA20_179.jpg,20,pypiahmad,CC BY 4.0,1e6f0c7a6605735fd479ab9faf5dc733b54df5cbc7d91dc79dfd6bd84269cdd9,f0c9b6ac0ed3c6cc
pypiahmad_INDIA20_INDIA20_180.jpg,20,pypiahmad,CC BY 4.0,448936a3b9c3e5bfaec604ee31af3ac6f0c34b8276f81d46c1a77108ff839cb5,e061cc8a98d6c361
pypiahmad_INDIA20_INDIA20_181.jpg,20,pypiahmad,CC BY 4.0,cf8b2ffcdc530824cf7b377c4d6f185830ce8e187bac5772eaab19e79ced5278,69696969f0f0f0d0
pypiahmad_INDIA20_INDIA20_182.jpg,20,pypiahmad,CC BY 4.0,8a01a6c6391b0dbefbd6dc83817dd9b06de678ee113a219a04109e1468333c3a,61716064e4d4d4f4
pypiahmad_INDIA20_INDIA20_183.jpg,20,pypiahmad,CC BY 4.0,10875c76874673a4df7bb9ac099b08c99902390a3456b4fb671f45e6804eb1cd,cca3b1d878b898db
pypiahmad_INDIA20_INDIA20_184.jpg,20,pypiahmad,CC BY 4.0,9bf649c1d2f0df0731f22c59b121361ecd2be972202d4f75ffd41dc61a169201,e3ccbc74c093c6e9
pypiahmad_INDIA20_INDIA20_185.jpg,20,pypiahmad,CC BY 4.0,d738c1e03498523608136410bfd1feeb5fd21f0512912ed613bf982210c17635,48c6c1d864b098c9
pypiahmad_INDIA20_INDIA20_186.jpg,20,pypiahmad,CC BY 4.0,42e5a844a99b650420c574fc4723d9d78ff69ee53e3aa657d22dbd8a863fd5fd,e4dcbae4c1c2e4eb
pypiahmad_INDIA20_INDIA20_187.jpg,20,pypiahmad,CC BY 4.0,7caa442802b11958c61ed296cc85f8c8a13685dde83818f5168adb83a2f1f089,f23ee8cac9c9c9c1
pypiahmad_INDIA20_INDIA20_188.jpg,20,pypiahmad,CC BY 4.0,2dc7398d451fd4bf7543d0ffe64b63530299f947a13838b7dab3c6d6e00f075c,f67efea484ec6c60
pypiahmad_INDIA20_INDIA20_189.jpg,20,pypiahmad,CC BY 4.0,a28647f45a1144eddc1bbfc4fe3c68cc69ca87540913c1db3ac3cfd92d1170b7,e2868c2862cfcfdf
pypiahmad_INDIA20_INDIA20_190.jpg,20,pypiahmad,CC BY 4.0,4c8636840a54ca9f0b08057d848c3c910be124a0021642af6b006764f37fffec,24e45ab8c0c7dc52
pypiahmad_INDIA20_INDIA20_191.jpg,20,pypiahmad,CC BY 4.0,66ac5df49061ef897b18a50622a422fc3d44e4abf40f3355669f6c482d9d99ef,f0f0f0f0f0d8c8c8
pypiahmad_INDIA20_INDIA20_192.jpg,20,pypiahmad,CC BY 4.0,1b2038e5d35b035351f14ce6e5e3856566a007c3cc7989d73d96aa1c7479fb52,f0f0ccc8d0f0f8f8
pypiahmad_INDIA20_INDIA20_193.jpg,20,pypiahmad,CC BY 4.0,51226db032cd73700c261c63c5060f890c0e68d02f3939ccf9ae7e4baa97ecc7,e0e8f064acc0e8e8
pypiahmad_INDIA20_INDIA20_194.jpg,20,pypiahmad,CC BY 4.0,7b5acc9b645b834be8ec0a88d9b3a42935e1ac309b1d21832e4d0f806e83e8dd,f0f0e0b4ccfcf8f8
pypiahmad_INDIA20_INDIA20_195.jpg,20,pypiahmad,CC BY 4.0,c5e7df2607a158f43c57d1e1dcd67c215833bcd23944cbfd34605fe617c57891,e4e6d0e0e0e0c0e0
pypiahmad_INDIA20_INDIA20_196.jpg,20,pypiahmad,CC BY 4.0,0c31a0fea06e2b3ac28eafc2639a1193d026e355789e465ccd2ab2b9fb6716c5,f8d8f4e48898d0e0
pypiahmad_INDIA20_INDIA20_197.jpg,20,pypiahmad,CC BY 4.0,6fdc528527c763c91d5d69b4d9fff20ca2f2a55658759bfeecbbfef3b03b4a49,e04cc8c8c8c2e2e4
pypiahmad_INDIA20_INDIA20_198.jpg,20,pypiahmad,CC BY 4.0,f7e64e02702478e978afd24847925e8f63d6bf4f9475414b7c95c24ac390527d,e0cce4ec8cc8e8e8
pypiahmad_INDIA20_INDIA20_199.jpg,20,pypiahmad,CC BY 4.0,17de8f01ab58c9b97c0985dcacf86997ad4b3a5685c0bb674d8eca6aaf1fec18,f0f8bc8cc4c4e1d4
pypiahmad_INDIA20_INDIA20_200.jpg,20,pypiahmad,CC BY 4.0,517a05ec9e4955583df412deb95cdcebf3aeb59eb8377a1f7bbf0036546e86a8,f0e0e0e0c4cce1e2
pypiahmad_INDIA500_INDIA500_161.jpg,500,pypiahmad,CC BY 4.0,6b8433f6c8a1062bebed4f65dbc371cd63c96cc0af4a3a704ba3bb4f8f28d835,e043849ccef6cd92
pypiahmad_INDIA500_INDIA500_162.jpg,500,pypiahmad,CC BY 4.0,05046ea3a18df70a82f51aecd31d87ed5c0d3161da5e8014c055a32de4f973f4,e0e9cc828bd796d1
pypiahmad_INDIA500_INDIA500_163.jpg,500,pypiahmad,CC BY 4.0,b6bc9259a02a48816371d7fa0502e5ae744bda0bbfe6ae5678295da1d3565047,e9c4d4dcc8b0b8fc
pypiahmad_INDIA500_INDIA500_164.jpg,500,pypiahmad,CC BY 4.0,79e96a6f53f1a50343b343c8271836588220aaeee996bd8074becd26e28e8e90,61e0ecc4dce088dc
pypiahmad_INDIA500_INDIA500_165.jpg,500,pypiahmad,CC BY 4.0,e78eddabd4d623b9e61af52ad9fe1002bb37d61add287bf34d7b41e5a433644d,7ac59398cc6cb0db
pypiahmad_INDIA500_INDIA500_166.jpg,500,pypiahmad,CC BY 4.0,bf1fabf020f797e6ca447a225ba55bbe64559d5a68b201011c79c55b4599fe3c,e1dcbc64c8a9e264
pypiahmad_INDIA500_INDIA500_167.jpg,500,pypiahmad,CC BY 4.0,669bb111a03905a2d3d9d44353f4e8171a8b3d9532841d6920d42010aacd519d,e061c2868e55a5a2
pypiahmad_INDIA500_INDIA500_168.jpg,500,pypiahmad,CC BY 4.0,2ab2d63efd4d953fb5580b2655fb3b3208dfc38bf2bfb3aee5e8bd02c882beea,e0e1bc9ec695a5a2
pypiahmad_INDIA500_INDIA500_169.jpg,500,pypiahmad,CC BY 4.0,dfe0f5aceb496b24615075551145efbe1a8ab0e8d0e749d663790addb05cec91,79f1d8d8c8989cc8
pypiahmad_INDIA500_INDIA500_170.jpg,500,pypiahmad,CC BY 4.0,c2d5a888e40fc893ba1c82523384fcfce4388f2230af7f87172c7473b816f36d,e1e9c9e4c0c4c4dc
pypiahmad_INDIA500_INDIA500_171.jpg,500,pypiahmad,CC BY 4.0,921f73453d18e2fd7267f7b6ef42b0e864f7ec965aac44aca2e68b2af5ac0bfb,fac583d86c74b8db
pypiahmad_INDIA500_INDIA500_172.jpg,500,pypiahmad,CC BY 4.0,9c9ef41ce9d60f791d22e3377b56bea9cf407cedcc7d4b5bab372debdc752949,e1ccba74c0c1e264
pypiahmad_INDIA500_INDIA500_173.jpg,500,pypiahmad,CC BY 4.0,1168845eb8270c6af26f1f7ee57d615e49554a7fff9b3a600fc1de20483d97da,43dcd0f0d690a0e7
pypiahmad_INDIA500_INDIA500_174.jpg,500,pypiahmad,CC BY 4.0,f201fefcdece6aead60f27ec1f0a291dd33efa3eb8bc292a82caa848bd8e849d,9c8ca8b0bcdc5037
pypiahmad_INDIA500_INDIA500_175.jpg,500,pypiahmad,CC BY 4.0,4cf964b85e1f2990a1132b497fc64ce5f4cb987658f2b1723909fce7ef388730,e3ecc4c2d89843ac
pypiahmad_INDIA500_INDIA500_176.jpg,500,pypiahmad,CC BY 4.0,50cf1b67dd7507309ec377d3c1253b81836aeeef5febfa0156bd97aab72c069c,51fca882863a3907
pypiahmad_INDIA500_INDIA500_177.jpg,500,pypiahmad,CC BY 4.0,78f9f32a2a7f24a3847946e07a78b1a8e4b1541ec5801bfb1a47e63285f7c8d9,63ec889ab688106f
pypiahmad_INDIA500_INDIA500_178.jpg,500,pypiahmad,CC BY 4.0,ec5e68f82443a9b017d781bc5aaaee659673f71ae637a239476b1195adfcf19e,c1c88c9c9cc471a2
pypiahmad_INDIA500_INDIA500_179.jpg,500,pypiahmad,CC BY 4.0,493896d2e8effee370c685d0dde578888d36030e7b42483ac019127ca3326451,83f0e4e4f2c627a6
pypiahmad_INDIA500_INDIA500_180.jpg,500,pypiahmad,CC BY 4.0,249c1f0b8b3ad8ab340676b3c84578dac2777ed6cc9b80d6e73e2de65701d009,21f4f0a0b85c67b3
pypiahmad_INDIA500_INDIA500_181.jpg,500,pypiahmad,CC BY 4.0,7ddfd69d24957aed846bb65f1cfdd5852a6e9ac8fb7de73f435a4f62b7691d52,f0d0cacac8f5d0c0
pypiahmad_INDIA500_INDIA500_182.jpg,500,pypiahmad,CC BY 4.0,3b23e71eee42c849d0cebc049e4b6b139812454d12d13c0db8b3129eb88767ad,f0a4e48c98d4d0b1
pypiahmad_INDIA500_INDIA500_183.jpg,500,pypiahmad,CC BY 4.0,c964d09d16d0c2b8c775b09423e2bde5a515f7091eb0c974b971257e5cbbd919,f0e888cac4e070d0
pypiahmad_INDIA500_INDIA500_184.jpg,500,pypiahmad,CC BY 4.0,dd2d40d28b3dbf786168b48d40e3039e98ed67fae10879522eb7bb137a378fd8,f0f2e2a0a8c8d2d0
pypiahmad_INDIA500_INDIA500_185.jpg,500,pypiahmad,CC BY 4.0,16cbb161677bf9182fbd002d89b1a2899f545b7167bcfbacdfd678e058fc023e,be969cccc1c3c3d2
pypiahmad_INDIA500_INDIA500_186.jpg,500,pypiahmad,CC BY 4.0,05c55b154daf8a5b32b021fecbe83cf9d00e7a00104c416e50bc0c2c52ce033a,de92828ee0c3c3c2
pypiahmad_INDIA500_INDIA500_187.jpg,500,pypiahmad,CC BY 4.0,d5fd6240323e16f5e12af9987ba0dab0c502f58aa3ae0b07201c601c025bc650,c4e4acde84cfdf7c
pypiahmad_INDIA500_INDIA500_188.jpg,500,pypiahmad,CC BY 4.0,2dea1527f6948488ac080d9e9ef43ca7ebdabeb6c0b42102716eb640395bc7cc,e4cc8c0813c7cfdb
pypiahmad_INDIA500_INDIA500_189.jpg,500,pypiahmad,CC BY 4.0,6b304b5d13f4ab14d4701994dd5c93cdf830b22d23a1b1688018b4601d86fce5,e4ec8681c5879f7f
pypiahmad_INDIA500_INDIA500_190.jpg,500,pypiahmad,CC BY 4.0,a4c42c22f55e1cacf201f0cc4f5c84dd035063f79b53e3cd957d454ac9d90025,ecec8e00c3cfcfdd
pypiahmad_INDIA500_INDIA500_191.jpg,500,pypiahmad,CC BY 4.0,352b161708df9bacf81f4743990540d5d9ffd1b6cb770bca2ebedc7526a3e2bf,e8e8e8bcd8e8e8e8
pypiahmad_INDIA500_INDIA500_192.jpg,500,pypiahmad,CC BY 4.0,ec59e2657a32a29223f4b0bb26861997f805fedfbe2c06e4e9c19fbcbc0871a0,f0f0bcdcccf0f4f8
pypiahmad_INDIA500_INDIA500_193.jpg,500,pypiahmad,CC BY 4.0,08aa81314826d9353d7e92426b74daa3adab8df62c5676f8158bcf980f972cb1,e0e8d08080d0e8e8
pypiahmad_INDIA500_INDIA500_194.jpg,500,pypiahmad,CC BY 4.0,214990462415c0143e840d6f76116336b7da5ca046045e9a543e65e94aae13ea,f0f0c8c884f1f8f0
pypiahmad_INDIA500_INDIA500_195.jpg,500,pypiahmad,CC BY 4.0,44119b5b171ec8ff9c4bc73f57d216238e36e916daea130419c71e7a30acc909,d0e8c8d4acd0e0e0
pypiahmad_INDIA500_INDIA500_196.jpg,500,pypiahmad,CC BY 4.0,a3b50e0703eba618a623ed38c6d48c9bb733f3dcc0cacc86947dabfabf90aa68,c0e8f2e6c4c0f0d0
pypiahmad_INDIA500_INDIA500_197.jpg,500,pypiahmad,CC BY 4.0,9b7c751248fa3da5085dab48b9504b6df55b47fc53455a3dd1eb9efb19fd41bd,d0a094ccccc2c8c8
pypiahmad_INDIA500_INDIA500_198.jpg,500,pypiahmad,CC BY 4.0,b1b961063c7dafe40a5efdf2b3407ac5f0c32d39f747a6a78d7effe4dc9f7f4f,e08082ce8acac8c8
pypiahmad_INDIA500_INDIA500_199.jpg,500,pypiahmad,CC BY 4.0,923e426eb78d603973fd6116214f5baed1448f6a764357e7ec0f84c427ff08d6,f0e8e8e8ccc4e3a0
pypiahmad_INDIA500_INDIA500_200.jpg,500,pypiahmad,CC BY 4.0,25da7d8acbe6442254a86c05509b72b871475b70dbf307487d875f4f7bd9a283,f0f0e4e4ccd8d1a5
pypiahmad_INDIA50NEW_INDIA50NEW_161.jpg,50,pypiahmad,CC BY 4.0,0854a74e6e556803feb441d7bffaa030d5a00ecd871f73e389da39d64f423ab4,e043aa9c98eac3c4
pypiahmad_INDIA50NEW_INDIA50NEW_162.jpg,50,pypiahmad,CC BY 4.0,11abbe7dec666c20581b9b3d44fa373c9f831c5925981c8095a0235220218497,e0c3a6868acad664
pypiahmad_INDIA50NEW_INDIA50NEW_163.jpg,50,pypiahmad,CC BY 4.0,56bab7f4e82684dbb3d5c2fe2a113c53f0e525ed0588f23ac9281b97716bba97,6864dcccd4d4dcd8
pypiahmad_INDIA50NEW_INDIA50NEW_164.jpg,50,pypiahmad,CC BY 4.0,c8da67e8e4fa3335a9b410078cb2c9953960faf6ad81571916815376a20ce176,61e0e4c4c4f4cccc
pypiahmad_INDIA50NEW_INDIA50NEW_165.jpg,50,pypiahmad,CC BY 4.0,a3339014acf532eb6bb9a324c03d395b2b13f288cd8a1a572e8e2c3d650bf9f9,3cfcb2a2a0a68001
pypiahmad_INDIA50NEW_INDIA50NEW_166.jpg,50,pypiahmad,CC BY 4.0,a1e16e9f6055c0127fbfbaf81c17cde73defcef17bfe982df115509c4b4079e3,939cb0b0b49ce013
pypiahmad_INDIA50NEW_INDIA50NEW_167.jpg,50,pypiahmad,CC BY 4.0,d897017385542401dec8d82321765c2a99985fd9de3d7aa540cd6f1443c7b8a3,f0cc82d28288c093
pypiahmad_INDIA50NEW_INDIA50NEW_168.jpg,50,pypiahmad,CC BY 4.0,4e53065cf59d0ee8fac3cd4c01d393000b1fc275c7c0bcad1323a5f7968cac7f,e1c8a8aaa6363177
pypiahmad_INDIA50NEW_INDIA50NEW_169.jpg,50,pypiahmad,CC BY 4.0,e251cd1e15f2675206f7a1f4cf106ab82ede95916d3565ce3a45ca3106fd2397,83cc98b286868495
pypiahmad_INDIA50NEW_INDIA50NEW_170.jpg,50,pypiahmad,CC BY 4.0,084b6790fd0c684f031448e6502db555142a51642fc2c0b0f0c72fd825e6e684,9b9c969eb88cd4e0
pypiahmad_INDIA50NEW_INDIA50NEW_171.jpg,50,pypiahmad,CC BY 4.0,9c28f5d5988eb548b5bd4a554694ae09693e9eb03c8dab5f97e5fb57e9b1b919,25f0f2f2f29af28f
pypiahmad_INDIA50NEW_INDIA50NEW_172.jpg,50,pypiahmad,CC BY 4.0,1e4826b09e9736e86f1a65d268d719a392c95363c1a02af7e2d3d77ce4d192bd,13c0b0b0f0665919
pypiahmad_INDIA50NEW_INDIA50NEW_173.jpg,50,pypiahmad,CC BY 4.0,afb1f6e12f0e0dc6f61b7fcf4fe576239d0d5c520588f26f0469f6d01de1dc78,f0caa9e4c4d29031
pypiahmad_INDIA50NEW_INDIA50NEW_174.jpg,50,pypiahmad,CC BY 4.0,fe267054958151afb608042d6ef2cca4798b09390f93727de7d2e3d4fd097f43,f09484ac9cc4a064
pypiahmad_INDIA50NEW_INDIA50NEW_175.jpg,50,pypiahmad,CC BY 4.0,65ab76ca215129cb72f9819e87fb082326f7992cc4a807c1707e7d477e119701,f0c88cccd4e272d0
pypiahmad_INDIA50NEW_INDIA50NEW_176.jpg,50,pypiahmad,CC BY 4.0,41d05e7c36035b74c4ad58cf0788b2c9fdd75743d9cbf70bd9cdda83957cd6bc,70f0b0a4c4d0d0e0
pypiahmad_INDIA50NEW_INDIA50NEW_177.jpg,50,pypiahmad,CC BY 4.0,fbcb98135f17d41027c08f618e8fefb8d7dadc1c7649af2c0646ad8260eaf2fb,8e9c98cca0838582
pypiahmad_INDIA50NEW_INDIA50NEW_178.jpg,50,pypiahmad,CC BY 4.0,b840b7052249ba56865881f7af0d560b9beba719500dece118f1b5bff6610fca,9296c18eca030504
pypiahmad_INDIA50NEW_INDIA50NEW_179.jpg,50,pypiahmad,CC BY 4.0,2fe1b1585b595dc713d819b23dd5f3ac84ac51daa123f1803686eab473906c44,e1d0d6c28adbc212
pypiahmad_INDIA50NEW_INDIA50NEW_180.jpg,50,pypiahmad,CC BY 4.0,6402a8131490376bbbf9ed25daadf00c666667e53e93ac316940083a7dcdc2ec,e1e3bc9494cbdad2
pypiahmad_INDIA50NEW_INDIA50NEW_181.jpg,50,pypiahmad,CC BY 4.0,babb89c8a4b9fd9a772d5d02cc3f482ea06a405b367c77df357da78d220f2802,e1f9d9d8ccd8ccc4
pypiahmad_INDIA50NEW_INDIA50NEW_182.jpg,50,pypiahmad,CC BY 4.0,457ffe938d6ea7414af64c99677dcfc8491fdb6f7d146158b45054cc5c210670,e9c9c4c4d0d0c4c0
pypiahmad_INDIA50NEW_INDIA50NEW_183.jpg,50,pypiahmad,CC BY 4.0,1ad5557af1dd4511afac1fe7a5e5b85a8f46a18c13c3f9d75c1a9d644b34e761,cdc391cc66b4d96a
pypiahmad_INDIA50NEW_INDIA50NEW_184.jpg,50,pypiahmad,CC BY 4.0,c308085190b6caa990a76678cdbfcd39ad2c12948af455a33c8be0d7edc11edf,e9d832e4c081e266
pypiahmad_INDIA50NEW_INDIA50NEW_185.jpg,50,pypiahmad,CC BY 4.0,cd751a68c6ac8222c21ff3f255cd0f940f16274ff8eb6e22c7974a1b46797a31,e582d9fceab4d96a
pypiahmad_INDIA50NEW_INDIA50NEW_186.jpg,50,pypiahmad,CC BY 4.0,6d294022784142af7f85cef51e513985ecabef04d3915ffd60a5767e595abcad,e3d8b864cc91e266
pypiahmad_INDIA50NEW_INDIA50NEW_187.jpg,50,pypiahmad,CC BY 4.0,501be8729a5dc16111f2963ec5e37917b1f6123b7a489a67bff139fb6fe6b40e,26040c86828bdf5e
pypiahmad_INDIA50NEW_INDIA50NEW_188.jpg,50,pypiahmad,CC BY 4.0,ad457c7c4019f1769ed8aae2b023c65d1c5b1897d9d7c33f7f76532765dbd76a,22068ec4c0c3cfdd
pypiahmad_INDIA50NEW_INDIA50NEW_189.jpg,50,pypiahmad,CC BY 4.0,9e14bd1648c2c5f4c5634949a63674e4641834067dbb569f5c01bae8b33cdb98,e6c68c80c3cfcfbb
pypiahmad_INDIA50NEW_INDIA50NEW_190.jpg,50,pypiahmad,CC BY 4.0,c22f29238d2f5862404c442421705de5cc457a36c8ed622ab8d7fb51588dd0da,e6c636c2c3cf5239
pypiahmad_INDIA50NEW_INDIA50NEW_191.jpg,50,pypiahmad,CC BY 4.0,4ebb3f7dbcc491e71a1852cf80f33a2ccb4842c4090a679ef2486660c02b6d8d,e8e8e8b898d8e8e8
pypiahmad_INDIA50NEW_INDIA50NEW_192.jpg,50,pypiahmad,CC BY 4.0,ac2784038bd8e6b1a04edf97f43491d00027aab737cd5074518a9f05b1e28cec,f0e0f89cd8f0f8f8
pypiahmad_INDIA50NEW_INDIA50NEW_193.jpg,50,pypiahmad,CC BY 4.0,9f9fb879892500e465ef64fff0ec01f4380d455d1cea012d8e4e228d52072616,e8e8d2d6c1d0e8e8
pypiahmad_INDIA50NEW_INDIA50NEW_194.jpg,50,pypiahmad,CC BY 4.0,d4d2a54b300f2314753e0847b129b0c01024dee96ad6eaab88e72779f88214f8,f0f4c8d683f2f8fc
pypiahmad_INDIA50NEW_INDIA50NEW_195.jpg,50,pypiahmad,CC BY 4.0,f6952531239540f495343b2dbbb3ec7c4e3c9f25d8946d88512fc2e00bde06da,e0f0e8c484e0f0e0
pypiahmad_INDIA50NEW_INDIA50NEW_196.jpg,50,pypiahmad,CC BY 4.0,b7392f267aa5cc336f2fb40fb64e87fd7709459e434e7799fb8402ea3b6ebf4f,f0e2e2c4c4e0e0e0
pypiahmad_INDIA50NEW_INDIA50NEW_197.jpg,50,pypiahmad,CC BY 4.0,d6711694ca1165f44d0799236314451c32972b23efc4a6f9bb2e631ee83758f5,c0a8988cc8e8e8c8
pypiahmad_INDIA50NEW_INDIA50NEW_198.jpg,50,pypiahmad,CC BY 4.0,5010cf065744f00966e7184db7de4b52b097f214ea165a9cba3ba1691b9572ff,88d2c5c9c8a9ccc8
pypiahmad_INDIA50NEW_INDIA50NEW_199.jpg,50,pypiahmad,CC BY 4.0,329841127c5ddbd1e7bb6da44f185ad4986ec459acb5dfce8488c9e3945972c1,f0c8a0a0cce8d1d5
pypiahmad_INDIA50NEW_INDIA50NEW_200.jpg,50,pypiahmad,CC BY 4.0,20dc64e842eb665be9cd565f9f1f4623d747084ee82c5f3da682d2c17ae8c265,e0d094ac8cd4a2a2
pypiahmad_INDIA50OLD_INDIA50OLD_161.jpg,50,pypiahmad,CC BY 4.0,beacbba2697c9c0b23e5f1e4dfeafdcf1bba63bc90c665220f5eaba9102df42e,e3e6cc8a82786234
pypiahmad_INDIA50OLD_INDIA50OLD_162.jpg,50,pypiahmad,CC BY 4.0,796868eb3948a5a57d83b1e3c1b189acea6a53d5c239f7d07aa9ec6d911da417,f180bcac84ca6876
pypiahmad_INDIA50OLD_INDIA50OLD_163.jpg,50,pypiahmad,CC BY 4.0,e1079198be07eb1854dc5e86014ddefe897e9a3a0df519000c45cb677ccd3954,7170e0c8d8dcccec
pypiahmad_INDIA50OLD_INDIA50OLD_164.jpg,50,pypiahmad,CC BY 4.0,af996a5914acb44754075d86533d5a10f74ee350262f786460f37b1e94f0f71f,69e8e4ecf4d8f0f0
pypiahmad_INDIA50OLD_INDIA50OLD_165.jpg,50,pypiahmad,CC BY 4.0,46b2b05afd87baaa3588b65870ead943d563f598ce37ed45688662ea930961c4,edc2c1c866b8d8eb
pypiahmad_INDIA50OLD_INDIA50OLD_166.jpg,50,pypiahmad,CC BY 4.0,200c39e629b8fff24eb443bede62c2513c1617b85d2e27e487609c2a8e209091,e9d87ae4c1c2e46a
pypiahmad_INDIA50OLD_INDIA50OLD_167.jpg,50,pypiahmad,CC BY 4.0,2fc8bf187e5027eafe5331974cbfc9aae3a425ba82ff1c28ef216dc16e4b6ccf,e0c286ae369cd0e5
pypiahmad_INDIA50OLD_INDIA50OLD_168.jpg,50,pypiahmad,CC BY 4.0,af8e82ccd726ecf7308019a01948e9ba08923de55947ae48d97e5e07ddf3fe04,e0a0928a84ad94c5
pypiahmad_INDIA50OLD_INDIA50OLD_169.jpg,50,pypiahmad,CC BY 4.0,35ead0792c45af2231133e4bbd5893fc0effcbaa9b701b42f292bd359ba3d34a,61f8c8d8d0e0f8fc
pypiahmad_INDIA50OLD_INDIA50OLD_170.jpg,50,pypiahmad,CC BY 4.0,1e033d2b9ffbfde17a33298afcb7175f7c32085f89a50b1f27d732b7640a3bd3,4ac6a1d8ecbc98c9
pypiahmad_INDIA50OLD_INDIA50OLD_171.jpg,50,pypiahmad,CC BY 4.0,c053e6448b7df035fd283a8a5f385b4e0a2f37e996f6423eac9b95e8d6263617,e9dc7ce489d2e46c
pypiahmad_INDIA50OLD_INDIA50OLD_172.jpg,50,pypiahmad,CC BY 4.0,bab82b61eb3959ae74d5fd720db94fd95dd584a1106ef551ddc5cb7d944d8d2d,c2d2c2c48cebb0db
pypiahmad_INDIA50OLD_INDIA50OLD_173.jpg,50,pypiahmad,CC BY 4.0,2682c7b9fb481a6e931d7a917680444fa52079bbfd5b3325da54412920017da2,27c8d89ec6cef092
pypiahmad_INDIA50OLD_INDIA50OLD_174.jpg,50,pypiahmad,CC BY 4.0,2f42b366c30f432b2631e7d4ea50dbe61b06b4dd5227f4085e9c2a4dd3531468,f8f0f0f0e0ae1792
pypiahmad_INDIA50OLD_INDIA50OLD_175.jpg,50,pypiahmad,CC BY 4.0,7cc0303d79551dd1de58e10dc53252ef4526ca9b0e22bd58f85f84e79895dc6e,25f0f0e0b0990d75
pypiahmad_INDIA50OLD_INDIA50OLD_176.jpg,50,pypiahmad,CC BY 4.0,538d8c3f4a85cecc190f695bf69addfc595a86cd9966a75c6eac927c899e83a9,05d4d0b0b29ea02b
pypiahmad_INDIA50OLD_INDIA50OLD_177.jpg,50,pypiahmad,CC BY 4.0,1056e9a5d7571ef08f7dbbc174768bf87a389f2b508a083877983198cde2d1fc,37c8d8e0e8a8feb8
pypiahmad_INDIA50OLD_INDIA50OLD_178.jpg,50,pypiahmad,CC BY 4.0,5861bf62e8e5d297bbfa7713cbd5893dd147a21a28e9b7783a55ead5c4049d89,a5d0da928aae8ed9
pypiahmad_INDIA50OLD_INDIA50OLD_179.jpg,50,pypiahmad,CC BY 4.0,455c44fcc64fc143ad25e5c1a48e671292be1cd91ab1f6b14cb613840d438f57,01d0f09e989c3d36
pypiahmad_INDIA50OLD_INDIA50OLD_180.jpg,50,pypiahmad,CC BY 4.0,7fb34935643f9166d88f8fdf8a63edafbdbfc8b6e7e9b9f3afeb2a195661794b,f0acaca8c8ac2443
pypiahmad_INDIA50OLD_INDIA50OLD_181.jpg,50,pypiahmad,CC BY 4.0,ba4cfa6c04ac1090b41f529a83d416c6dd81d7baac68e1cd4bc786602ab85abd,e0e4c2e4ccc4c4c4
pypiahmad_INDIA50OLD_INDIA50OLD_182.jpg,50,pypiahmad,CC BY 4.0,84207d1d78a83c106b561311f89607f9247142c4ac51030f1fb2648c6090ebb1,f0e4c6e4c4e058d0
pypiahmad_INDIA50OLD_INDIA50OLD_183.jpg,50,pypiahmad,CC BY 4.0,5c65e42c21d2301c10c2262c412b490e0c01b1201cc5540f7db9bd8c2e8e8e28,f0c4bcb8c8d1b1a1
pypiahmad_INDIA50OLD_INDIA50OLD_184.jpg,50,pypiahmad,CC BY 4.0,615a5195dc9034ac52952ec5ea41c9896000fd5da7ae17e8fcc755da8a58e732,cec8cac8e3c3c3c2
pypiahmad_INDIA50OLD_INDIA50OLD_185.jpg,50,pypiahmad,CC BY 4.0,e291794bc3a403f2a637f027922cd1c8cab98185a89bc08306877c24092eda4a,cd4c0c0dc9a3c3c2
pypiahmad_INDIA50OLD_INDIA50OLD_186.jpg,50,pypiahmad,CC BY 4.0,f3d430cd9e0d9b07d5172f5db77b8d8890a087ba147ea539d10f720c178e7762,640c8a40c1c7dfbe
pypiahmad_INDIA50OLD_INDIA50OLD_187.jpg,50,pypiahmad,CC BY 4.0,f77eb061cb05a88ac5417e996f92bb343f820b7b3295efbb779a896410c21beb,fcecda00c7cfcf9c
pypiahmad_INDIA50OLD_INDIA50OLD_188.jpg,50,pypiahmad,CC BY 4.0,3f8a2a705e1640d663de614d95713f7b989ea914fff4d099b840057057b99a0e,02864cd6c6879b7f
pypiahmad_INDIA50OLD_INDIA50OLD_189.jpg,50,pypiahmad,CC BY 4.0,111449d7efb2224b8b839fa88d1b262503003a101d46bacf0c5e48948929fe84,f40c0c6c448fcfde
pypiahmad_INDIA50OLD_INDIA50OLD_190.jpg,50,pypiahmad,CC BY 4.0,3cf6c7198a5fd595163298cb137a8f62bb3c2355476c4e9d6f910d34b260decd,e9f0e4c4c4c4a8bc
pypiahmad_INDIA50OLD_INDIA50OLD_191.jpg,50,pypiahmad,CC BY 4.0,a17a8cd9f91a682b7a14c1edc3d9cb0235b71c59b501a02c287f1173d105f831,e0e8c0c8c8e0e8e8
pypiahmad_INDIA50OLD_INDIA50OLD_192.jpg,50,pypiahmad,CC BY 4.0,1750fc95da48f883886e6add675ac593d0ed60093857c332170ffef0891d4b80,f0f0ccc8d1f0f8f8
pypiahmad_INDIA50OLD_INDIA50OLD_193.jpg,50,pypiahmad,CC BY 4.0,3fdaee10951efedd3ed31c8547446aeff674ff4a359dab3dcabfa21dfd2a5147,e8e8d4fc7470e8e8
pypiahmad_INDIA50OLD_INDIA50OLD_194.jpg,50,pypiahmad,CC BY 4.0,5c1cdbed8670679cc828ea0a7352534fb48c431486e7c9c8a85519cc1a2ce1b9,f0f4e07cecf4f8fc
pypiahmad_INDIA50OLD_INDIA50OLD_195.jpg,50,pypiahmad,CC BY 4.0,058851ab546d028672ff3c7657aef88ec62d743874a9736fb57efd1ffcb679e4,e0e0d0e4e060c0e0
pypiahmad_INDIA50OLD_INDIA50OLD_196.jpg,50,pypiahmad,CC BY 4.0,86d2f5c4516eb309ebaf27fcb6d9a27b9aabd2c687bbd5cb0a0900100ba548e4,e8d8d0e4e8c8e0e0
pypiahmad_INDIA50OLD_INDIA50OLD_197.jpg,50,pypiahmad,CC BY 4.0,24e924e573d78e611a63f1d38a1dfb4462f4cc0d4ad202950b815053bdcff58d,c4ccc8caccc2cac8
pypiahmad_INDIA50OLD_INDIA50OLD_198.jpg,50,pypiahmad,CC BY 4.0,ad917ca14c7eb7b3bdc41af096a061a0a9e5225c8e01b39117e6eaacd0a5fb93,44c4cc4ccacae8c8
pypiahmad_INDIA50OLD_INDIA50OLD_199.jpg,50,pypiahmad,CC BY 4.0,ae16b357a011ae3cfaccbc8e8d0cf6dd68e8bf1e237684eb8ca815a9d356e9fa,f0b0acacccece1d0
pypiahmad_INDIA50OLD_INDIA50OLD_200.jpg,50,pypiahmad,CC BY 4.0,e5d4cbee83dfd314acbaa146f80b49b07fecbd92cf6eaa0290f58a69704133b3,e0e4f0f2cac8e1a4
vizwiz_negatives_background_VizWiz_train_00000010.jpg,background,vizwiz_negatives,CC BY 4.0,c676d54f35528f88216b231d17ae5a36d2a5325e9a16ca8fa3ff89afda0d8b97,7966ce4e4f466979
vizwiz_negatives_background_VizWiz_train_00000032.jpg,background,vizwiz_negatives,CC BY 4.0,0744d72cd6a2168e4e980093c6671566dea7d9f99e503910a9c9ec665646e0b3,1373f91cdb9adad8
vizwiz_negatives_background_VizWiz_train_00000063.jpg,background,vizwiz_negatives,CC BY 4.0,57579459ff7f3a6d992b59af3c5c60e8d6d0f21b892ea50131df9b640365189a,1313b3b39b1bb381
vizwiz_negatives_background_VizWiz_train_00000096.jpg,background,vizwiz_negatives,CC BY 4.0,af122eed1f90d901df9dd7628428fe20d47b0d5414cd37a0b1d40d8c17bf9744,66227111312c3454
vizwiz_negatives_background_VizWiz_train_00000304.jpg,background,vizwiz_negatives,CC BY 4.0,4655dd659a83077f5c54e546ea796b5d43308b20978e8d4b0563cf3d00762b74,9da567631b7b7f39
vizwiz_negatives_background_VizWiz_train_00000395.jpg,background,vizwiz_negatives,CC BY 4.0,536f82ea7860c0fae08adfd85bf2cf4689484ff130a0a86d8853335a557b2dbf,7e6c4b1b18496747
vizwiz_negatives_background_VizWiz_train_00000401.jpg,background,vizwiz_negatives,CC BY 4.0,720046a7cc10c8e07d8506481e072ffaf42132bd28c7c7fc6b477586b8a06ea0,45fcb42c6c1876e4
vizwiz_negatives_background_VizWiz_train_00000420.jpg,background,vizwiz_negatives,CC BY 4.0,73e48b00d63b351c99f0732645e3cd000200a13bd96460fef4e49d938cac6cfd,3fff939d779d332f
vizwiz_negatives_background_VizWiz_train_00000422.jpg,background,vizwiz_negatives,CC BY 4.0,ff31e907c9baea0108b8570609d40ca574014b2f36bd8f107dcdb692dbe9db6e,db383a9b7fffffff
vizwiz_negatives_background_VizWiz_train_00000460.jpg,background,vizwiz_negatives,CC BY 4.0,5ce8d7431509053e8dac9852736c20897ff3fd3ea9f0de7393cd893c180b2309,271ef0b031fcdcdc
vizwiz_negatives_background_VizWiz_train_00000510.jpg,background,vizwiz_negatives,CC BY 4.0,11722f1d54b6cbf2614c550890bf12a9ff67065635d21c21c1baafbed648b58f,003070b28f4b212c
vizwiz_negatives_background_VizWiz_train_00000550.jpg,background,vizwiz_negatives,CC BY 4.0,72c754ca400df22a51648aca3501975b23924ba05533f9d49aed81fc7c4bf805,f9784f7436fbff7c
vizwiz_negatives_background_VizWiz_train_00000583.jpg,background,vizwiz_negatives,CC BY 4.0,197b851710c63a89695b77ef71ec73308983c5621247a6bba2fe0000ba6a0ca6,7a3d3e371371f3c3
vizwiz_negatives_background_VizWiz_train_00000591.jpg,background,vizwiz_negatives,CC BY 4.0,197beef8b432a45d8cb8431fc166b65d61e4897800856aebfe7f2c559411cfcb,30f0f0f0f1f161b2
vizwiz_negatives_background_VizWiz_train_00000624.jpg,background,vizwiz_negatives,CC BY 4.0,a38dcada75fc005be02fc8581f1be8814f7f614234d7cc6a4b5c8657fe1bc87f,d9e3e4c1e7ec7e3f
vizwiz_negatives_background_VizWiz_train_00000680.jpg,background,vizwiz_negatives,CC BY 4.0,6b56d2947beed4f89e3281f40ba4494092363b8c250c86c010d94106f1ea045b,8e8e89cbdb6f6fff
vizwiz_negatives_background_VizWiz_train_00000691.jpg,background,vizwiz_negatives,CC BY 4.0,554411edb3efba8809664d11aff3b3ab7673e11cab62f5669987b5bb192e3bf2,3c1e0200000001ad
vizwiz_negatives_background_VizWiz_train_00000697.jpg,background,vizwiz_negatives,CC BY 4.0,cfa98b8d4696badeb708e6eb7d85fa9e9893174709f5b678c9250b0fcdfb27f5,e7bc60280b0b2340
vizwiz_negatives_background_VizWiz_train_00000713.jpg,background,vizwiz_negatives,CC BY 4.0,c6f468a50c0a7f8a66439b17e83201af810123551c52f886ea3028c0b8e44c9d,8385a58586c6ce0e
vizwiz_negatives_background_VizWiz_train_00000751.jpg,background,vizwiz_negatives,CC BY 4.0,8d0351017b6b5ec74fcb5c2bf35b90757f8fa32f7cb38720bf6def3a8bb472a4,35d9d86860727339
vizwiz_negatives_background_VizWiz_train_00000859.jpg,background,vizwiz_negatives,CC BY 4.0,c7ee90e9d8bbd6dadf8eaf0fe3bd75ffc8e28456f535f303ece68ebfa7ea3f29,0ed1f1c9ccc50786
vizwiz_negatives_background_VizWiz_train_00001023.jpg,background,vizwiz_negatives,CC BY 4.0,3d2e15e3f3d518d03cc2d374b91c7074189ef18584a6dbf0d7d302d2d4679e89,0684c603334284cc
vizwiz_negatives_background_VizWiz_train_00001123.jpg,background,vizwiz_negatives,CC BY 4.0,6648732d85cfc71c278421b06f989b2f6eec7ab271c406cf9fc1b6ba9593e0ed,b0f7f3181a383b1f
vizwiz_negatives_background_VizWiz_train_00001136.jpg,background,vizwiz_negatives,CC BY 4.0,033e059440dc718e9c5f20f6852b3bf8fe3990007b1d2caf73adf78c3939809f,d0f2d0941b2b0f0f
vizwiz_negatives_background_VizWiz_train_00001159.jpg,background,vizwiz_negatives,CC BY 4.0,1a9990fe1a8434010372607153e4f6c06727c325ea6e4be9cc8375941395762f,377fb1e6c4640415
vizwiz_negatives_background_VizWiz_train_00001208.jpg,background,vizwiz_negatives,CC BY 4.0,5d98f037ab9015d818a5db3f804c92dd22fc6227c7349c388537b880fc8af10e,8292828a17070f0f
vizwiz_negatives_background_VizWiz_train_00001242.jpg,background,vizwiz_negatives,CC BY 4.0,113dbca7b7e0df04d848265539fc4ccecd7f602deb7ba4546e7d6f9c0b1e6092,c0f87a1c94c41f5c
vizwiz_negatives_background_VizWiz_train_00001387.jpg,background,vizwiz_negatives,CC BY 4.0,e5e9bccbb780636e2803fcfbb917cbf281fd86a1a13b1d2711862b1121c3210e,88617412a525b1b2
vizwiz_negatives_background_VizWiz_train_00001391.jpg,background,vizwiz_negatives,CC BY 4.0,dba42da40d4b53e240c99ba11f4780a8f9d5ff9e32a556295fd4ea11b93a07e9,808a2d6cda4ccd0c
vizwiz_negatives_background_VizWiz_train_00001397.jpg,background,vizwiz_negatives,CC BY 4.0,abd9ad827bf117f10142b6d925c01c630d2e41469da308514c7ea39cc6c83331,f1e50a3d1c348c53
vizwiz_negatives_background_VizWiz_train_00001434.jpg,background,vizwiz_negatives,CC BY 4.0,7a20322aaec7989ed41283a991bd66a454639b84db979cf465d52e63a9a1b062,8e1d2e0e0f1e0e1d
vizwiz_negatives_background_VizWiz_train_00001464.jpg,background,vizwiz_negatives,CC BY 4.0,f05e2661a4a8daad1714d62d7aa4fd70553a3415b67abb008e16fc80c47665db,f4f8f9f3ebc2842c
vizwiz_negatives_background_VizWiz_train_00001505.jpg,background,vizwiz_negatives,CC BY 4.0,65216cebca248a0b667de1682a3a57d2299f242c96ad6672472351cd803d6127,d09461783303e0e5
vizwiz_negatives_background_VizWiz_train_00001534.jpg,background,vizwiz_negatives,CC BY 4.0,6c0c4699720a29fc495377b764f2a7c9e4dd9d27669bfdfe4a89375047b1e77c,7e361e1c4e4cd199
vizwiz_negatives_background_VizWiz_train_00001583.jpg,background,vizwiz_negatives,CC BY 4.0,dd5bae865f810db50377040cf9833d44804ace42cc36e90adbf2ae48a933dee9,b33f2e3cbec6f9bf
vizwiz_negatives_background_VizWiz_train_00001595.jpg,background,vizwiz_negatives,CC BY 4.0,d35b0160f621e7d7d428737367ddca89937ded2596d2f6ff086c36a1e72e2efb,31717838383d1efc
vizwiz_negatives_background_VizWiz_train_00001740.jpg,background,vizwiz_negatives,CC BY 4.0,8abe0ecc526543c783bd843c4f561d75b421b9c6e56b69d516795e1f7abc725c,0ad81088ade5c51d
vizwiz_negatives_background_VizWiz_train_00001781.jpg,background,vizwiz_negatives,CC BY 4.0,90ff80afdf863928ce3d24f07c401239166fce4593192b3fbb4def394d807d88,0b3f77821aedb9b9
vizwiz_negatives_background_VizWiz_train_00001843.jpg,background,vizwiz_negatives,CC BY 4.0,f3751efa2a77e4c9246c7970bbe10b9432325426bc06901fbab4fed75488d963,7cbc9cfc7d36ff78
vizwiz_negatives_background_VizWiz_train_00001873.jpg,background,vizwiz_negatives,CC BY 4.0,03144462b2fafbd899f0036b5358d77e9ce7b95b92567699cb0fba2012e70047,0071fcfe7fb3b77f
vizwiz_negatives_background_VizWiz_train_00001939.jpg,background,vizwiz_negatives,CC BY 4.0,cf4662aa6633a3bdd51e5199b2db8eeacb72a86555c579ed8f5208b922e4acd8,676f6f2f9fb7270f
vizwiz_negatives_background_VizWiz_train_00002005.jpg,background,vizwiz_negatives,CC BY 4.0,3d0706557d6d893bf04b78fe2370f226f2a43f9430ffb8a28cc4dbf2e7fd5fe4,7ffffede7fe7fc99
vizwiz_negatives_background_VizWiz_train_00002032.jpg,background,vizwiz_negatives,CC BY 4.0,8195270d19a82b6b1ff1f51448e69e2202a1fa3a7dbd45fb85a4eabe8d9b7579,2a4dcfc783873f9f
vizwiz_negatives_background_VizWiz_train_00002162.jpg,background,vizwiz_negatives,CC BY 4.0,44c4d76472a77c18de513dd8be67195596466043df615cac30b982b0cd169c94,f8f870f470e2faf0
vizwiz_negatives_background_VizWiz_train_00002169.jpg,background,vizwiz_negatives,CC BY 4.0,eb4b38a1ced2c3f66923808f1e16fe820a735050d16295d2c10a37d18e924e30,ffffdfe7e7ff7cfa
vizwiz_negatives_background_VizWiz_train_00002193.jpg,background,vizwiz_negatives,CC BY 4.0,a25e3c4c5576996b97cbd9d2eed24e29fb5efd7724018ed8897dd74f179001d1,e72f1f1f0f0f4f37
vizwiz_negatives_background_VizWiz_train_00002285.jpg,background,vizwiz_negatives,CC BY 4.0,359cca25c32b42b847b84eff79b566627b1e9002877a35bf94b23f4df163ebf0,401e1e361a0e3e1f
vizwiz_negatives_background_VizWiz_train_00002374.jpg,background,vizwiz_negatives,CC BY 4.0,97d94164c6c4b82c00f7b37da9dcf8bfcc4ec28df5e98e90eaddf1c0ee223fe4,079f8f0f0f1e1cfc
vizwiz_negatives_background_VizWiz_train_00002493.jpg,background,vizwiz_negatives,CC BY 4.0,10062c80c79b24b71b56fec5ea4f33f5e02feb7e8d5abebe4340d6271c1c832c,f8dc7f0c7cd86460
vizwiz_negatives_background_VizWiz_train_00002532.jpg,background,vizwiz_negatives,CC BY 4.0,1075a13cce5d7d39b11192e82093476215fc2b6fa663dcadc5be3a8e2b41f9a1,c50688d495d5c0be
vizwiz_negatives_background_VizWiz_train_00002546.jpg,background,vizwiz_negatives,CC BY 4.0,f91b0d63f1586a270024c09a7a6f0114b4cc922a8b850ad15003d185f282fcb3,32646460a1b01202
vizwiz_negatives_background_VizWiz_train_00002548.jpg,background,vizwiz_negatives,CC BY 4.0,69c126b40445838331aabc344e8a95a6b3af412e9790bbebdc317c426225f30e,1d60eeefb5ffffc7
vizwiz_negatives_background_VizWiz_train_00002618.jpg,background,vizwiz_negatives,CC BY 4.0,2e61bde27bffb6a921c734a9b8f0a73cffbe9c6c958b881f0b6cdf1cd31d024c,e4e2c2d597bedffe
vizwiz_negatives_background_VizWiz_train_00002622.jpg,background,vizwiz_negatives,CC BY 4.0,d0b618cdff1d1336515a4f0e4f8c8e57337b07a30f5e7235f0f978561494a4e9,381cd2c2c247c7c6
vizwiz_negatives_background_VizWiz_train_00002630.jpg,background,vizwiz_negatives,CC BY 4.0,91237cb545b42007f41d9c75168728ad5cffc7076680b5a6d2f2d58276f648aa,ff7f7ffefcc3e8bc
vizwiz_negatives_background_VizWiz_train_00002710.jpg,background,vizwiz_negatives,CC BY 4.0,7f78d60fb3d5924cb64017f93ec2810aa86247bd6056dc9de735e7eb1d1bdfe1,4467a3c7cfc6848d
vizwiz_negatives_background_VizWiz_train_00002725.jpg,background,vizwiz_negatives,CC BY 4.0,f85444f4e004b5466747184790f604e9f0b91fb28fec0e6168b6c907ef04693f,6438787cfc78fddc
vizwiz_negatives_background_VizWiz_train_00002758.jpg,background,vizwiz_negatives,CC BY 4.0,438de55bdc7559dd052497ab3a393c442938fd6897fae2798edfbd9158c8a40c,bf5f6f63f83931e0
vizwiz_negatives_background_VizWiz_train_00002837.jpg,background,vizwiz_negatives,CC BY 4.0,285eda343ce04994b3bd36a35eae2dba5d45a6d317e73e1579eda07afc5126ce,a89499cdc9c90991
vizwiz_negatives_background_VizWiz_train_00002846.jpg,background,vizwiz_negatives,CC BY 4.0,4c2f9ff6211525780be8a8fdd55f4526a7f7d72ddaafcaaf6f6e4dc08933bed7,e17e3efbdfcf8787
vizwiz_negatives_background_VizWiz_train_00002904.jpg,background,vizwiz_negatives,CC BY 4.0,7480dab237d3b46fbb295a961a36bed43c95d85baa154a5502a9587cfe1e799b,e7cf1c5c18b8bc39
vizwiz_negatives_background_VizWiz_train_00002971.jpg,background,vizwiz_negatives,CC BY 4.0,d9e4d89bf3bf554c3bfc414688f6e314cd7551f1851373bcec95c70ceb2bbf3c,3b3974fc3c3c3cfc
vizwiz_negatives_background_VizWiz_train_00003103.jpg,background,vizwiz_negatives,CC BY 4.0,13a2bafaf80374fbf70114fdbdbba35dcf2eb0e4797b29346070038d0d3295b0,cd89f373717373b3
vizwiz_negatives_background_VizWiz_train_00003108.jpg,background,vizwiz_negatives,CC BY 4.0,b5afbc8089f91fc73fa4f84e238fd9dbb7999f5079535052ce0474b56e55b540,a7a6a5be9e9b9a9f
vizwiz_negatives_background_VizWiz_train_00003132.jpg,background,vizwiz_negatives,CC BY 4.0,ef06f490525a8ab9a1675c2ba99eded46f587a9b448bddb6fb99bfdd3f5133a2,4d8545c989c8b8f0
vizwiz_negatives_background_VizWiz_train_00003281.jpg,background,vizwiz_negatives,CC BY 4.0,c60399ed683cda7532c72b0df37c38fedcb6c495549e6cf1600b15de398f16b2,d89a0c265b734ece
vizwiz_negatives_background_VizWiz_train_00003301.jpg,background,vizwiz_negatives,CC BY 4.0,af897ef537085213cfc15c66d32f20017021d890b061deedc770e7e210e3a2a2,3032203271640023
vizwiz_negatives_background_VizWiz_train_00003303.jpg,background,vizwiz_negatives,CC BY 4.0,87789b149b41e24ad625dfde7aceba4b8cc7ba9f9cf5c53ff2583e9eacd843fd,c3c9d0e86163e383
vizwiz_negatives_background_VizWiz_train_00003385.jpg,background,vizwiz_negatives,CC BY 4.0,75f01cb4007078e30361af8226f56ecb8ed83b52e09c2cbbb906eb7536c27aff,a0a0a2016cd0d0e6
vizwiz_negatives_background_VizWiz_train_00003400.jpg,background,vizwiz_negatives,CC BY 4.0,c9c29c03b637977f91410b863a4e8abf5f2642eadc500eedb696c19b39d42f4e,c26c6f3bffbf6f6b
vizwiz_negatives_background_VizWiz_train_00003488.jpg,background,vizwiz_negatives,CC BY 4.0,903328397f1c321471de0ce775b7c1c5194751e88cee1a766099cd3a3f5085f4,87878f8f8f8c8de4
vizwiz_negatives_background_VizWiz_train_00003524.jpg,background,vizwiz_negatives,CC BY 4.0,5aa02b7107f7d8c5753573a5c7533cf3a72e2aec5fa640cc95e57552d7917628,f90802d0b8382918
vizwiz_negatives_background_VizWiz_train_00003567.jpg,background,vizwiz_negatives,CC BY 4.0,a4e65a508e0c3ca4129f8551bc66ad87d92ebe6b55b044a99ec7306e0f0891fa,3cccb42e23b397eb
vizwiz_negatives_background_VizWiz_train_00003590.jpg,background,vizwiz_negatives,CC BY 4.0,cf96c488c4258de549453e29910a10bccd83427cf7859b1dd29abbbe9b2b0442,cf7eaa8ec6c6e7f9
vizwiz_negatives_background_VizWiz_train_00003633.jpg,background,vizwiz_negatives,CC BY 4.0,357a408ebcc9d9368371d8c25eef110023a42319a0704d7409f27846c5b6e938,fcf87878f8f9e9f8
vizwiz_negatives_background_VizWiz_train_00003644.jpg,background,vizwiz_negatives,CC BY 4.0,0d1025d227e7331ba67c0ebac2c42779cba01364eff923100044e9cbba213b93,b08432d0d91830d0
vizwiz_negatives_background_VizWiz_train_00003659.jpg,background,vizwiz_negatives,CC BY 4.0,46fcc62ed3fcefce0d8c609773a0df6f6af1f41638023f21d23aced48a32875f,0c0a1b991931246c
vizwiz_negatives_background_VizWiz_train_00003746.jpg,background,vizwiz_negatives,CC BY 4.0,9a17e40ffce50d323c6d2ba2cf1e848cfecd5324eab5070efdce192a90fb7f2f,d86071539696cecd
vizwiz_negatives_background_VizWiz_train_00003761.jpg,background,vizwiz_negatives,CC BY 4.0,3dfcd571702449e263d5467d9916fde5436a13d4182e045d46885d1e878dab61,6d1fdbb6466a727a
vizwiz_negatives_background_VizWiz_train_00003968.jpg,background,vizwiz_negatives,CC BY 4.0,45966df8b11b028215d4c46c9326bc10136b406b0c38eca6ad9824d7068c0577,c0c08080c0c0c0c0
vizwiz_negatives_background_VizWiz_train_00003972.jpg,background,vizwiz_negatives,CC BY 4.0,42a622d91439c5967366eaaeaede64075ab9976cfe8a71d48ac57f2a8e84b9c7,defffffbfff8fcfe
vizwiz_negatives_background_VizWiz_train_00003982.jpg,background,vizwiz_negatives,CC BY 4.0,ed0b454e6e1d29c7cc26e9d40d84422192777dcae2224c94b5e5aedf0e6bf736,e0a8d9b9b8b48151
vizwiz_negatives_background_VizWiz_train_00004001.jpg,background,vizwiz_negatives,CC BY 4.0,9654688d44ec752d38945c23642dc26fe9d5e101d63e2f0298ad175c9d081a75,8f93a3e3c3dbbfbd
vizwiz_negatives_background_VizWiz_train_00004014.jpg,background,vizwiz_negatives,CC BY 4.0,0f539bf3e18207d03e3537a41af7547cdf1fa04bb9fcb8bf77e429a28058a43a,4e6c6b73673f7ec0
vizwiz_negatives_background_VizWiz_train_00004020.jpg,background,vizwiz_negatives,CC BY 4.0,7dbc114c0b89454a4567cb6869341503ca1a96ae3a3795d7ac283dbd7c39d9e0,989898c4840e2e1c
vizwiz_negatives_background_VizWiz_train_00004033.jpg,background,vizwiz_negatives,CC BY 4.0,154bdd6588e691147f3f6d8aeefff52a52b6a990832097845bc9549455990a41,86c3808092930320
vizwiz_negatives_background_VizWiz_train_00004143.jpg,background,vizwiz_negatives,CC BY 4.0,0cca15e6eee0a1a9838f14a63f8a0a679701cd904cc561d04527fa010517f5f3,3a73eccf9384231e
vizwiz_negatives_background_VizWiz_train_00004253.jpg,background,vizwiz_negatives,CC BY 4.0,5dd2a70401e89df721c3b129be271673407d4205897ff21fce57d85fef66bc8d,03c0e0e0e0e02008
vizwiz_negatives_background_VizWiz_train_00004330.jpg,background,vizwiz_negatives,CC BY 4.0,4fb4616a579feefd1725a3d417b7fce430d6031dc05a4dcd51edb74f71be632b,27678595b35d5525
vizwiz_negatives_background_VizWiz_train_00004375.jpg,background,vizwiz_negatives,CC BY 4.0,d00f39630b380bea66fac44d7c57574334fd483c6ad2138542c2c9346fd38c81,0dcc3062425ed830
vizwiz_negatives_background_VizWiz_train_00004417.jpg,background,vizwiz_negatives,CC BY 4.0,94b9ea8c9cb869620f825e3abe11559dd7743985ffc6628a40525eed1a19c10a,d6ff535894b6e3d8
vizwiz_negatives_background_VizWiz_train_00004419.jpg,background,vizwiz_negatives,CC BY 4.0,e23d7876a6123f5f00819f7fab0c870cc23610ffc1490e6299bfb8c2d34819f6,e6cad8f8f8f8cef8
vizwiz_negatives_background_VizWiz_train_00004438.jpg,background,vizwiz_negatives,CC BY 4.0,edfaa20a75b734b32cc0a6371e386afbf03de693b2f8e0a423df9c7669b6fb16,000018b234b873e6
vizwiz_negatives_background_VizWiz_train_00004548.jpg,background,vizwiz_negatives,CC BY 4.0,8b20ae7d1349b6d8e138d4ad1576530075e59cfa6a4f01cea5f79e134ec851d8,50d0f0f4e4e5e0e8
vizwiz_negatives_background_VizWiz_train_00004553.jpg,background,vizwiz_negatives,CC BY 4.0,bccfe8596da77fc223b0c99e906d6a0d1596ded63e3641c174db29b7a7a54263,0e1607031b1fbf07
vizwiz_negatives_background_VizWiz_train_00004577.jpg,background,vizwiz_negatives,CC BY 4.0,e6c330459c46f97b1b8604dd69e6cebc17fcbc8753e728ab967afd4b1cd14df0,c9f8f0f8e9e0f4f0
vizwiz_negatives_background_VizWiz_train_00004589.jpg,background,vizwiz_negatives,CC BY 4.0,cc88ce254e24e327508d8235340ee3d284fb25be9bdecec60c0f5329c87dad7b,f4c7773f3f3f0f06
vizwiz_negatives_background_VizWiz_train_00004626.jpg,background,vizwiz_negatives,CC BY 4.0,8143b93d9409607f47286548bfc98ec388af9a42f8b893ca97660474050348ee,21090a8203919e06
vizwiz_negatives_background_VizWiz_train_00004644.jpg,background,vizwiz_negatives,CC BY 4.0,8f9236c8cb9316cd5a74b0540f85439defb27666b23bc6d06c503ef68518a477,0d4dff424c4e4abf
vizwiz_negatives_background_VizWiz_train_00004669.jpg,background,vizwiz_negatives,CC BY 4.0,901ac5f2b6f87b2c9099939a4ee6a25a7dffba86e5465e67734f07ea7ee57020,0706030301000000
vizwiz_negatives_background_VizWiz_train_00004729.jpg,background,vizwiz_negatives,CC BY 4.0,b2d9343ae1e91526f907e2ab6a5473c743c25a8eb6d54699f35cf8301bc58654,b218c9c8e0e8ca92
vizwiz_negatives_background_VizWiz_train_00004739.jpg,background,vizwiz_negatives,CC BY 4.0,8b1bc9e5419615911fa72abf9ad6ae45d78530ba8425972bffb7d1c192ad268d,b3f9f971d9f97ffc
vizwiz_negatives_background_VizWiz_train_00004759.jpg,background,vizwiz_negatives,CC BY 4.0,f96d423bb3b4e8ff96297cc2b458584efa8500f488039160306234e129950855,e4f189c128298a92
vizwiz_negatives_background_VizWiz_train_00004776.jpg,background,vizwiz_negatives,CC BY 4.0,92a88fac333da8055c1fc725dcaf9366b3419d2ff048140ba7e60accf5c3f764,e3ebf3b3f3379ffb
vizwiz_negatives_background_VizWiz_train_00004799.jpg,background,vizwiz_negatives,CC BY 4.0,abcc4d30575ac5d1696e61babf4a300806ed8cd06755e2124dcb15f888a19aba,e8fcfcf0a1381e0e
vizwiz_negatives_background_VizWiz_train_00004804.jpg,background,vizwiz_negatives,CC BY 4.0,a580e49e3d72abda675d481835efe278d07edb0c8443eda4e641956cbf35c420,d8d8f8fcecd8bbb9
vizwiz_negatives_background_VizWiz_train_00004822.jpg,background,vizwiz_negatives,CC BY 4.0,756befe36d4ae75601a70dcbce002bd26ab657d174273211b648b2893d7de1a5,b9bdbc73f3873370
vizwiz_negatives_background_VizWiz_train_00004825.jpg,background,vizwiz_negatives,CC BY 4.0,de338daeb8118ecd8fdcf173ef5b9546e81bd04d8b1af426a67df5e49542b46c,244040faeb3ba7f7
vizwiz_negatives_background_VizWiz_train_00004887.jpg,background,vizwiz_negatives,CC BY 4.0,418457154b4d23b5e7b834057964ec27774218377043b9984f75ac8e39e221a0,fdfdfd7d7dfdfd3c
vizwiz_negatives_background_VizWiz_train_00004897.jpg,background,vizwiz_negatives,CC BY 4.0,f7f80f85d572ddef54be4c40eb26d30b90487e46ed572a77bd2fa8be1148a24b,0932520d09c303ca
vizwiz_negatives_background_VizWiz_train_00004929.jpg,background,vizwiz_negatives,CC BY 4.0,931e934b857e926115eaef836b449d341d3dd7075ae6c942b02ce7d06d6e4e21,ecfcf6dc48d19391
vizwiz_negatives_background_VizWiz_train_00004950.jpg,background,vizwiz_negatives,CC BY 4.0,10cbda6eb8f043e00b30ec659391fd198072097c51b9eb5d19da7cd9d9383f08,a1d8e0e16135c4e1
vizwiz_negatives_background_VizWiz_train_00004969.jpg,background,vizwiz_negatives,CC BY 4.0,7407b525db9fd8534e2ddcffee09d9b222f7aa56f94e8d6d237b5ef77f23da61,c9c69ef465f879ec
vizwiz_negatives_background_VizWiz_train_00005086.jpg,background,vizwiz_negatives,CC BY 4.0,ee46dd9a3c2067926466f0c24902e3ae66846dd5fd49ae02ea344a853c07db55,e6b2b1f2728cf095
vizwiz_negatives_background_VizWiz_train_00005126.jpg,background,vizwiz_negatives,CC BY 4.0,61188295a3dcee0f06c767537b7524c63b628ce895a5b24c9eb27915bac3db00,40400080a060c090
vizwiz_negatives_background_VizWiz_train_00005197.jpg,background,vizwiz_negatives,CC BY 4.0,99d8289e1343dd6c446bc6595792dfa90496ee6d39b940a5f971eebd3df6ec2d,993060c0871e310f
vizwiz_negatives_background_VizWiz_train_00005208.jpg,background,vizwiz_negatives,CC BY 4.0,033e946be1fe3eeba2b6dece3958fb41ed42e2371203c14bc568a7dc9d4bf3ba,2a5594dedf9d8d8c
vizwiz_negatives_background_VizWiz_train_00005221.jpg,background,vizwiz_negatives,CC BY 4.0,9cedb2d825dd1fc14d994bc80b4d99c6bd6503903d296443366525b02a0879ee,2319f87169b8b281
vizwiz_negatives_background_VizWiz_train_00005243.jpg,background,vizwiz_negatives,CC BY 4.0,f683a3d1f77887a6007206f849e9512856579f5f33211daf96a5a7e5d481b893,fdf0e4d8e44e5e96
vizwiz_negatives_background_VizWiz_train_00005252.jpg,background,vizwiz_negatives,CC BY 4.0,0464eac90f7bac6722e3778569dcf60a42d039d38febb4586b63141b74c9e1dd,f3e1a5a5adcdcff3
vizwiz_negatives_background_VizWiz_train_00005286.jpg,background,vizwiz_negatives,CC BY 4.0,e0f8f65b24bec4e7e1864dd500b3276a1a01c73b7f853c2336cd2ab08b775c54,21e1d3db96c65f33
vizwiz_negatives_background_VizWiz_train_00005297.jpg,background,vizwiz_negatives,CC BY 4.0,3da3c2c85f70b3551ea8656e5dfca7f7725c683942825d198a75a85ebaa3a905,021c8158fcb46878
vizwiz_negatives_background_VizWiz_train_00005340.jpg,background,vizwiz_negatives,CC BY 4.0,0f1fd3b39342f7de71211944a181801c778d8ec211750ecb433a4739e44740c4,f0f8f0e0f0f0f0e0
vizwiz_negatives_background_VizWiz_train_00005409.jpg,background,vizwiz_negatives,CC BY 4.0,7eaa8c819b611f2fd5e2f494967c464c57561646e7621bb1fcf3e94d3b8b800a,f0f0f0e6e6e6f0f0
vizwiz_negatives_background_VizWiz_train_00005462.jpg,background,vizwiz_negatives,CC BY 4.0,d8aa7e650fb7cb081129ef67d79f788dbc2d75390051bbbcd8a3216b670ebba8,eed0e0c0c0088090
vizwiz_negatives_background_VizWiz_train_00005496.jpg,background,vizwiz_negatives,CC BY 4.0,f11296ca174d0df9ac988c0bf15a9113aacf9426d72e1ce05e2686098721ee0a,63848cb0b0b02e6e
vizwiz_negatives_background_VizWiz_train_00005497.jpg,background,vizwiz_negatives,CC BY 4.0,fb5fe1129cdad071b661a99982df5312d62f26bfe4ed07b43ce56a35ddb4c564,f8fcf83131feffff
vizwiz_negatives_background_VizWiz_train_00005506.jpg,background,vizwiz_negatives,CC BY 4.0,217661cb42003ccbf5820ea8f864a44106e433dc92c137c37f1ea0a0e30cc8d2,72706060e888a0c4
vizwiz_negatives_background_VizWiz_train_00005537.jpg,background,vizwiz_negatives,CC BY 4.0,6b5b50cecf981b443b2db61716a16b93ccf9ea50681fe26c2c25a8a0bed7d067,d9d151767c4ef33f
vizwiz_negatives_background_VizWiz_train_00005657.jpg,background,vizwiz_negatives,CC BY 4.0,47a1600b303362d618f1227161db1722a67132df69b9a4668d41553268c311e7,c8000c040381c1c3
vizwiz_negatives_background_VizWiz_train_00005759.jpg,background,vizwiz_negatives,CC BY 4.0,a73351daee8a639bd071739dbc544ed679aaa42c83578a5a758a9551e13d3c08,a687c3b2b6722e2e
vizwiz_negatives_background_VizWiz_train_00005803.jpg,background,vizwiz_negatives,CC BY 4.0,99a724b299d60015056a1a03147a8423422b3e3c19c8925967a2fddfd841c769,9c78e18141810101
vizwiz_negatives_background_VizWiz_train_00005806.jpg,background,vizwiz_negatives,CC BY 4.0,94f026c98a9d5f65da4c7075261ab75cbe57da1f899b3176bbfe8537c4556f69,c471f8c0c31b1b1e
vizwiz_negatives_background_VizWiz_train_00005813.jpg,background,vizwiz_negatives,CC BY 4.0,95205197afe2b31a1e56e921e2964342fb1997f8f2d9e68ad9499e5226f7ccfd,9cac647e6a9bb7b3
vizwiz_negatives_background_VizWiz_train_00005879.jpg,background,vizwiz_negatives,CC BY 4.0,7a44f74c3089ca3296a47b52b4a795b96e963b7c47856bc4a58f761c4686c80c,c1000515067e79fe
vizwiz_negatives_background_VizWiz_train_00005887.jpg,background,vizwiz_negatives,CC BY 4.0,020c2468079d81204fe989129d642c63594edca8f882b1948fb450ce32b379b6,5954d6d4ffb0e4ad
vizwiz_negatives_background_VizWiz_train_00005896.jpg,background,vizwiz_negatives,CC BY 4.0,60e4bfc2db5c1608347070c6292dcb06e31d5b0dbe96575f56ebfde8698c3eef,d2b07478bcda7119
vizwiz_negatives_background_VizWiz_train_00005958.jpg,background,vizwiz_negatives,CC BY 4.0,2c891dcc765e0767ac102dd994c70caacba94b7724761f3d34449cb7e279658d,260cbc383060e4c0
vizwiz_negatives_background_VizWiz_train_00005981.jpg,background,vizwiz_negatives,CC BY 4.0,de6ab3dddc91579663517f8446b53e0b5cd53cadee9eba7a5d2b28d3fdb964a3,c5d5d5ccc0d8dc58
vizwiz_negatives_background_VizWiz_train_00006092.jpg,background,vizwiz_negatives,CC BY 4.0,ee3ac00f6807422f051907331960d216d1020614628655f31231f4e7252e99dc,766666e00c181349
vizwiz_negatives_background_VizWiz_train_00006124.jpg,background,vizwiz_negatives,CC BY 4.0,cf44ac4c283e7a2dd647f441c172bb58625b1d3b397e4c329c6afacc5b3f8676,bbf35c6db67078f0
vizwiz_negatives_background_VizWiz_train_00006134.jpg,background,vizwiz_negatives,CC BY 4.0,9bb1b7e113f79c9aacf3a4b2e7fa9fe66f18a6de80c7b18e92537c01d62aba9c,c0f1a20690951303
vizwiz_negatives_background_VizWiz_train_00006143.jpg,background,vizwiz_negatives,CC BY 4.0,b99c8b98971176e495a6d8be43287a11a86be71b22455e97fe691209595c900b,347d9988083939b9
vizwiz_negatives_background_VizWiz_train_00006144.jpg,background,vizwiz_negatives,CC BY 4.0,b58561f2af92085ad36c8c7474f33a9bcd3351d2d1d1e177bcd1885d213115b5,e898928a86c6071a
vizwiz_negatives_background_VizWiz_train_00006233.jpg,background,vizwiz_negatives,CC BY 4.0,fa6f4de321db06f10bde5fa008fe16c8c6455d8b81a02af6fd2d840eff3fcc2c,1091c0fce080f8f0
vizwiz_negatives_background_VizWiz_train_00006249.jpg,background,vizwiz_negatives,CC BY 4.0,78e98efb4bedef461191c5759832002ebad0ecfd1c4b4b3139cc457e60597eae,27f880eccc8c4de9
vizwiz_negatives_background_VizWiz_train_00006270.jpg,background,vizwiz_negatives,CC BY 4.0,e58d06b560e3ed66541fab388278f6cc7f633b4f53261691b19340011ee9b405,d53a746c6e303030
vizwiz_negatives_background_VizWiz_train_00006285.jpg,background,vizwiz_negatives,CC BY 4.0,7a905e806b14333e148b311627f7a5a0e0ac3bd504eb71e4b09990093fa5e43a,c1e1c1c1e1c12181
vizwiz_negatives_background_VizWiz_train_00006335.jpg,background,vizwiz_negatives,CC BY 4.0,a856ecb23f251d64392a7d282f697834ca0e8c063a7595bb45a8cb6928a98629,1ed03f3eefe8b3b3
vizwiz_negatives_background_VizWiz_train_00006399.jpg,background,vizwiz_negatives,CC BY 4.0,5f64d0953cb45416cf721e6e1c450bfa04eadc579ac10da4cc8cfb1cc9800db0,fc7c24c42e8f9f1e
vizwiz_negatives_background_VizWiz_train_00006446.jpg,background,vizwiz_negatives,CC BY 4.0,45b5683cba41f5ae243043a64aec044684d7c82f5bc7e24c7b4b6f6174baa2d8,5c6c6c5c7c7c6e2c
vizwiz_negatives_background_VizWiz_train_00006467.jpg,background,vizwiz_negatives,CC BY 4.0,04c5e43b1a07069eb39c4c41fcc4d3ddd40af904d2dc26ea2438640b7ef4f95c,ccad65c5859cbeb6
vizwiz_negatives_background_VizWiz_train_00006480.jpg,background,vizwiz_negatives,CC BY 4.0,982145c78327b8ec3bd2f618f7cad4d5cdb6dd1ce0fb6e0dd553fe1f69cb5b70,ecec4cc0c6c6c180
vizwiz_negatives_background_VizWiz_train_00006622.jpg,background,vizwiz_negatives,CC BY 4.0,17750835d4a131e9e022deeb0894931687573a287752966a29cfe9a189f9f44c,d9a929898d033024
vizwiz_negatives_background_VizWiz_train_00006680.jpg,background,vizwiz_negatives,CC BY 4.0,4182a2923ef3d039997dae5e7489ab5c1f3f77e82e84e368ad74c6de0644ddb2,3260626360b43e23
vizwiz_negatives_background_VizWiz_train_00006710.jpg,background,vizwiz_negatives,CC BY 4.0,a91a837501151ba92c2cc7514f189f173e20364ceb1ed9c1e709925ff4068685,002102468c9b1c07
vizwiz_negatives_background_VizWiz_train_00006789.jpg,background,vizwiz_negatives,CC BY 4.0,24ed47be22bd5db3f366f5e3120cb09413506678a8f443a59af78cf2b4f60144,1d9da163f1e1e4c0
vizwiz_negatives_background_VizWiz_train_00006815.jpg,background,vizwiz_negatives,CC BY 4.0,7e57a39de4ac598325384470b46739a501d6ab820bdb9fb971c3afed9716c7b0,67278c82c0890e46
vizwiz_negatives_background_VizWiz_train_00006826.jpg,background,vizwiz_negatives,CC BY 4.0,bb4e01b3306675bcb141b48a2f8be1a827180fd6768b7192db27dcb678c87269,f4fedccccab8f8e8
vizwiz_negatives_background_VizWiz_train_00006840.jpg,background,vizwiz_negatives,CC BY 4.0,6b415deda0f01f8fcc3959ac8686b485b388311ea8215b246fed632adca592c8,0b23270707270581
vizwiz_negatives_background_VizWiz_train_00006856.jpg,background,vizwiz_negatives,CC BY 4.0,d753c0ce52dd7b1fdb71bcc21bc2bcd8c7694db1087ef3f0331abe718ec62419,2525256545652525
vizwiz_negatives_background_VizWiz_train_00006947.jpg,background,vizwiz_negatives,CC BY 4.0,01a642896a2a1a7dee757a65cf11e372faddf86eaa4fab976124a3832c278098,df7fdede9c9cc1b3
vizwiz_negatives_background_VizWiz_train_00006988.jpg,background,vizwiz_negatives,CC BY 4.0,12e2044cbc41940155dd5df0cd87b525f94d9493b1f66d50712bae48043db1ef,0382c08082c0e086
vizwiz_negatives_background_VizWiz_train_00006998.jpg,background,vizwiz_negatives,CC BY 4.0,662cbabfcf0d240c542734b2682c6430d3d3eb2cc89019b3e356b2d5bf0cd576,ca96256579dbd4f6
vizwiz_negatives_background_VizWiz_train_00007014.jpg,background,vizwiz_negatives,CC BY 4.0,92e25b5aeca22d9ac7fb277eca25c88b74fcb021191ed71b2f9e4d27062a9934,6d67672626366763
vizwiz_negatives_background_VizWiz_train_00007144.jpg,background,vizwiz_negatives,CC BY 4.0,f10a33e1e48a3804720d38f8ef923a3ffc4f2080c75a6029d1688988ca7e444f,6068f0f0f4f4f8f8
vizwiz_negatives_background_VizWiz_train_00007177.jpg,background,vizwiz_negatives,CC BY 4.0,a9e56ef29a0cb3732b6eae0284e70f22a2b3957166fbda2cd3863dde9f2f0f1c,eceee280c10b37e6
vizwiz_negatives_background_VizWiz_train_00007275.jpg,background,vizwiz_negatives,CC BY 4.0,7b39ade85c8bcc9fe1001efe4e41d29e9134955590df75d7ba3f40c40c2a8f85,1c2c6464242c2c1c
vizwiz_negatives_background_VizWiz_train_00007307.jpg,background,vizwiz_negatives,CC BY 4.0,dda3030ed1986379c044ca957ce15d5cb687ef8d4ef730dfc09e24a91e3a8dad,ec88802003030000
vizwiz_negatives_background_VizWiz_train_00007413.jpg,background,vizwiz_negatives,CC BY 4.0,8b35fc869ef125ff34656641a6a92d986b8a31227bb2df40d31af7300edc3926,00c0a4901050c0c0
vizwiz_negatives_background_VizWiz_train_00007480.jpg,background,vizwiz_negatives,CC BY 4.0,ceb45b308faa979c27519a98c7f1d1a10cd71f88e9aee2ea7f539e557bd27aef,d9d8f8f8f8fb7a76
vizwiz_negatives_background_VizWiz_train_00007514.jpg,background,vizwiz_negatives,CC BY 4.0,8b80347ecda94dd0770399298650110af4341b96b567b0ed5506a910c81843f2,24ce880088084e08
vizwiz_negatives_background_VizWiz_train_00007596.jpg,background,vizwiz_negatives,CC BY 4.0,065245feb2c4478df3c31f32266211fcce7f8cdafd63b25ad35db0c073bc02ae,60626303261e3414
vizwiz_negatives_background_VizWiz_train_00007600.jpg,background,vizwiz_negatives,CC BY 4.0,c4735f0f6d7e9f00b1cc1b56c465c2f9f63c4b2d21211cc99b337c5570f391d1,cccccccccccc9919
vizwiz_negatives_background_VizWiz_train_00007675.jpg,background,vizwiz_negatives,CC BY 4.0,ce9627705aef03243e20ac2eb4d6b55f75f02619bda285f56c4698d62f630f28,e0f2f060f0f0f24c
vizwiz_negatives_background_VizWiz_train_00007682.jpg,background,vizwiz_negatives,CC BY 4.0,f1709e3c981f7d6de9bf69a5cadeeecb4e90f9761a45c29e8b151106325229e2,fc0616160e83f036
vizwiz_negatives_background_VizWiz_train_00007690.jpg,background,vizwiz_negatives,CC BY 4.0,3610e50721526ba121f6ac18edb8579ae35e2aa25aad66479eea928a84819333,e464e09010528242
vizwiz_negatives_background_VizWiz_train_00007694.jpg,background,vizwiz_negatives,CC BY 4.0,0edfbef4cf8107550ab7587888a840d1a7ff4e44689a8438949d3315bdf1cdb0,c8c0c38181878f8b
vizwiz_negatives_background_VizWiz_train_00007701.jpg,background,vizwiz_negatives,CC BY 4.0,efe2a2a392e078d2a4f2d1f2f1c52e721b0a35a148ae3c51803ea8e38854d1da,1f3c7878602131b2
vizwiz_negatives_background_VizWiz_train_00007848.jpg,background,vizwiz_negatives,CC BY 4.0,86ad884be091cb37e6734079af90cef16b613729bd666b7760e26c0a20c65aa6,06a6868606861e19
vizwiz_negatives_background_VizWiz_train_00007865.jpg,background,vizwiz_negatives,CC BY 4.0,108137e48da099213adabc88489140caa51a6b537135d975b2e94068c953bce8,1cfc54e7271f9df1
vizwiz_negatives_background_VizWiz_train_00007874.jpg,background,vizwiz_negatives,CC BY 4.0,2d5b8d402b8dbc28fd8057eb9ab349cf4043e7f7659885ab81c67a4164aef91e,80c080a060583c64
vizwiz_negatives_background_VizWiz_train_00007891.jpg,background,vizwiz_negatives,CC BY 4.0,a79ae3a8b12680dff21439628570c1f86984627dfbbd7246486aad2192cf8087,0082ecc80b0f83c1
vizwiz_negatives_background_VizWiz_train_00007892.jpg,background,vizwiz_negatives,CC BY 4.0,40eb0d85060ad0d1fd17d4449c2ed11a483e8e9ec93e7779e6d15bc5b2aad243,fcffff7f7f1f0f0e
vizwiz_negatives_background_VizWiz_train_00007942.jpg,background,vizwiz_negatives,CC BY 4.0,3ed8e4e05f84fe605cf0c976a1453e089fd5acf60c59a53472b9b7528a1fbaaf,cc9c6cc9c2c6c6e4
vizwiz_negatives_background_VizWiz_train_00007943.jpg,background,vizwiz_negatives,CC BY 4.0,5404ea54cd6c3fc5d4664b2fed542280e1721baf14871914f224b15b5e29222c,de5c6c6cbabcf8f9
vizwiz_negatives_background_VizWiz_train_00007970.jpg,background,vizwiz_negatives,CC BY 4.0,7bb06a5632696173d5e1e14f213d6916888a54132beadac8ec00b5f0c3df0921,397979796973f3bf
vizwiz_negatives_background_VizWiz_train_00007979.jpg,background,vizwiz_negatives,CC BY 4.0,ae0583435e83a6decf553b1d01514c7c122ddec220999785f4e68a44b7a89dfc,b81c193c36feefed
vizwiz_negatives_background_VizWiz_train_00008017.jpg,background,vizwiz_negatives,CC BY 4.0,71f77ed2cd050013133f118972d6bfe2491fff1b36a897813811e52bf470356b,f0d3e3e687ec381f
vizwiz_negatives_background_VizWiz_train_00008136.jpg,background,vizwiz_negatives,CC BY 4.0,1303e7b84dd00f3ce67a5516dd4b431818e194628c1b011c9660074cd25c00d4,e49899989684e1fe
vizwiz_negatives_background_VizWiz_train_00008153.jpg,background,vizwiz_negatives,CC BY 4.0,bac1cd4b53fd3b706a5d093aa4fe52c15e861689fdf1408802fe77a6512c78d8,676b7e7c3907f071
vizwiz_negatives_background_VizWiz_train_00008165.jpg,background,vizwiz_negatives,CC BY 4.0,0b26c0fb84994dadc8ae8fb2490bce7551e84c21b8127b67be1c4d697e80915d,b40564bcb08d0241
vizwiz_negatives_background_VizWiz_train_00008186.jpg,background,vizwiz_negatives,CC BY 4.0,f7b8880da5a61c5bed43c0271494e7b745ade702347076eace00d5cc09d23e7d,39d1d3d3e3e37b2f
vizwiz_negatives_background_VizWiz_train_00008244.jpg,background,vizwiz_negatives,CC BY 4.0,bbb507c2dd912aca4f9decd5d138badd771aed113a209ddc2604e7ff76f38db8,a0c048508040c040
vizwiz_negatives_background_VizWiz_train_00008311.jpg,background,vizwiz_negatives,CC BY 4.0,a15cc08820627cef9540bcea5ef230ebc79ae9313486af8d36ef7a883ce8aa96,636333d3fb63cfcc
vizwiz_negatives_background_VizWiz_train_00008331.jpg,background,vizwiz_negatives,CC BY 4.0,ff7f4b334aa7be32bb8d6101655ce8de57c3a58e21b0571ce2b0ec42ea9a8fa2,b167263b4343e777
vizwiz_negatives_background_VizWiz_train_00008370.jpg,background,vizwiz_negatives,CC BY 4.0,da4f8a15e39ac9d2562197648b7296a181fc8a3aa8db46936b5c2a48981571a0,3469631907e27f38
vizwiz_negatives_background_VizWiz_train_00008377.jpg,background,vizwiz_negatives,CC BY 4.0,5da1903ba4389e35bf73be52bf6229d17649ebf2fd235540c506a2562f6bb7cc,87d3f37313333337
vizwiz_negatives_background_VizWiz_train_00008397.jpg,background,vizwiz_negatives,CC BY 4.0,593a5e2677fe0527f095470d8214ac1be35d0220d48c991ed7270e4e354702a2,43c990840d090e86
vizwiz_negatives_background_VizWiz_train_00008414.jpg,background,vizwiz_negatives,CC BY 4.0,ff9ffe1b2abf2420e8bbeeb60176ca03cc865e29f3bb16b49dd6490d155dc9da,f8fcf8f8f8f0e078
vizwiz_negatives_background_VizWiz_train_00008434.jpg,background,vizwiz_negatives,CC BY 4.0,40b19fdfd6aac48e05bd1ac213d1dafb1e65894a5b8f8d549fe67b8fa251a3e9,73676fcbcfcbca9a
vizwiz_negatives_background_VizWiz_train_00008495.jpg,background,vizwiz_negatives,CC BY 4.0,030dad39b7c49619accadcf6273fee7bac2d6f5ea18a942df6a4aa01a9836d62,7b7f7e797a783a7a
vizwiz_negatives_background_VizWiz_train_00008502.jpg,background,vizwiz_negatives,CC BY 4.0,0f648612d030cf8b7f2badc2b8e64a7ac6f12b1930f50e45f3167c3da93a0dff,e0f0f870f080f0f0
vizwiz_negatives_background_VizWiz_train_00008513.jpg,background,vizwiz_negatives,CC BY 4.0,599c22c6f20574f24c20dc92a4734ed79e7bbbccb0ddf8c7d8c21ffcee81cfd7,6020202000000727
vizwiz_negatives_background_VizWiz_train_00008540.jpg,background,vizwiz_negatives,CC BY 4.0,519445d2fbce50a72914edccd1ca98b9217aa6ef42b307d980b3945c8752d8ff,6feeffdfbcf9c383
vizwiz_negatives_background_VizWiz_train_00008578.jpg,background,vizwiz_negatives,CC BY 4.0,36ed2dac8a4a210706f11c58abe1bdde9a728aa04ea7f9f4c30eefd2d9cdcd31,efe718182c80fefb
vizwiz_negatives_background_VizWiz_train_00008625.jpg,background,vizwiz_negatives,CC BY 4.0,180d7bd5bd4a38d5a074e6210331c8064f9d188b332f3e6c7f3996fef09cdf75,0040631118d8a060
vizwiz_negatives_background_VizWiz_train_00008631.jpg,background,vizwiz_negatives,CC BY 4.0,e5e05e04905dce7bb3048f5e1f3e9c90159e3c73b9768a9ceb302bb07385276d,fa2f657575722321
vizwiz_negatives_background_VizWiz_train_00008648.jpg,background,vizwiz_negatives,CC BY 4.0,f782f3a41c3138e6345ff7fa5c0f792474103021bd1d95c69d2f5bce63f08447,8e169002011b0701
vizwiz_negatives_background_VizWiz_train_00008763.jpg,background,vizwiz_negatives,CC BY 4.0,b27fd6bc50e014b0461187b6f70cc884f4d79301e6bdaca11181d6dc414eaacc,9809094d103018be
vizwiz_negatives_background_VizWiz_train_00008820.jpg,background,vizwiz_negatives,CC BY 4.0,d080e00e3771c993eb319cb5589d461344f69e42a138b95107cd6c827d1efc4b,8b8936fff3fffefc
vizwiz_negatives_background_VizWiz_train_00008838.jpg,background,vizwiz_negatives,CC BY 4.0,e4705fe60f0065726f70b0020104a6a311ea33f89cc70ea917f12939360f8539,6cec9c7e1ff36377
vizwiz_negatives_background_VizWiz_train_00008853.jpg,background,vizwiz_negatives,CC BY 4.0,83075f1b6819b977715138444c1cc247e41a311718a312f56868ba69563be757,32c6c01f3f667ef6
vizwiz_negatives_background_VizWiz_train_00008854.jpg,background,vizwiz_negatives,CC BY 4.0,c2178aaffbdf23992f2d692902b1452eafaed7b7c437a8ff98752ca6680e0b29,70d0d85c38b80e00
vizwiz_negatives_background_VizWiz_train_00008950.jpg,background,vizwiz_negatives,CC BY 4.0,4396fa30598b2e87e1d0bcd40adc076ba56507d1f08906f29f2254e52ea0b4f0,84a70747e7a39383
vizwiz_negatives_background_VizWiz_train_00008991.jpg,background,vizwiz_negatives,CC BY 4.0,705560a4cd75ce4947154adb1fc8c16ffeeec21155110b8121975d48817cc179,8c9a808081c3878f
vizwiz_negatives_background_VizWiz_train_00009014.jpg,background,vizwiz_negatives,CC BY 4.0,fc702c23a0144762bf5d925a9849c6111cb67dc27c3ff70c92b4dc4a55ba1be4,3a130f722061727e
vizwiz_negatives_background_VizWiz_train_00009048.jpg,background,vizwiz_negatives,CC BY 4.0,90e84f66b97feb0976c248fa30dc7a0171f1548c7e037a19c018f7c62435ba9c,e3defe97b6efe7ef
vizwiz_negatives_background_VizWiz_train_00009112.jpg,background,vizwiz_negatives,CC BY 4.0,b0a33d889b283cc0ecd372cd3f04a3d25091189aeb5e58665f0fed4437420808,24001490e8e0c0e0
vizwiz_negatives_background_VizWiz_train_00009114.jpg,background,vizwiz_negatives,CC BY 4.0,fd27115ffd2e4a14d79a086d280cf4988742b8ef169870fca6b9275217e4adeb,8090e0801276fcf8
vizwiz_negatives_background_VizWiz_train_00009136.jpg,background,vizwiz_negatives,CC BY 4.0,ce76f84a145db82ae302d5860efbf7eb6f10a98242a45e2de11d9db8ee1e30ff,843f2f69e971cfbd
vizwiz_negatives_background_VizWiz_train_00009197.jpg,background,vizwiz_negatives,CC BY 4.0,f248479c7b9920a7a6784daea76bb08a297c14bf991c080999bd7119d09f9d52,587a6065ff0020f9
vizwiz_negatives_background_VizWiz_train_00009299.jpg,background,vizwiz_negatives,CC BY 4.0,42ac975e5f50134edcdbbc70729d2e8514f0973bb4430894a806f9d32cd870a4,4307051434246280
vizwiz_negatives_background_VizWiz_train_00009370.jpg,background,vizwiz_negatives,CC BY 4.0,290c436a29722f592669a4c3ab94b660b023a5df04883a1ef441c181686cfa7f,4e0f0f0f00e0cb0f
vizwiz_negatives_background_VizWiz_train_00009392.jpg,background,vizwiz_negatives,CC BY 4.0,21a509ddd0f0a600ce94fd28331c2a99f25cdff068d91d47b7ddb860f0b902ca,c0e060e0e0e0e7e7
vizwiz_negatives_background_VizWiz_train_00009409.jpg,background,vizwiz_negatives,CC BY 4.0,d94ffdd9413a4acebc6ae0d80ef61510e06b4a0d043cc3ed82d366ca9714866d,18196ded6d1f9400
vizwiz_negatives_background_VizWiz_train_00009413.jpg,background,vizwiz_negatives,CC BY 4.0,011244daf5b82e528368c38df7421b40e50ca95d8c483f18b3aef290e15cffaa,8c9e9e1e7eecfc78
vizwiz_negatives_background_VizWiz_train_00009429.jpg,background,vizwiz_negatives,CC BY 4.0,2278beac91a8dc5f266864220154e8236119ac49c25739f65a933e965ec3c19c,f4d4c4f4f40a0402
vizwiz_negatives_background_VizWiz_train_00009478.jpg,background,vizwiz_negatives,CC BY 4.0,92de83ef371d61aaf6a626210f293b3ecdb9c2da341ef6771f20df118c37f9a8,0081d99c8c9cd8ca
vizwiz_negatives_background_VizWiz_train_00009491.jpg,background,vizwiz_negatives,CC BY 4.0,d7428b89ed48a9a57a859322c7559f6c764ab34f47f95e0ed7342f5968c66b22,1c2c242622060c00
vizwiz_negatives_background_VizWiz_train_00009546.jpg,background,vizwiz_negatives,CC BY 4.0,4aebc51f3ef071406aa0f1f3bfe225c5d6d7937877cfdc084edf36dbd69a88fa,70e5e4f1fcfc3cfe
vizwiz_negatives_background_VizWiz_train_00009577.jpg,background,vizwiz_negatives,CC BY 4.0,6341ce0d9cbfc6464d9d5419b4223e4f812e5ecb2750406ed29d94e882c40a9b,9090840002024100
vizwiz_negatives_background_VizWiz_train_00009607.jpg,background,vizwiz_negatives,CC BY 4.0,fde9f6a655ac1572730a19ff4310d637afc6f73c4c0bb0bf790b6a024cbcd92b,00000010103070c4
vizwiz_negatives_background_VizWiz_train_00009649.jpg,background,vizwiz_negatives,CC BY 4.0,996095447a5f62bfb42bd0e0dc990378f3c3024246c5bbaba2fb8c9bfe42b71d,171fffd808c9c040
vizwiz_negatives_background_VizWiz_train_00009654.jpg,background,vizwiz_negatives,CC BY 4.0,e814a412a623b0e3904a67b73c8d201cde925a4e2ec41b4b6455a216188c8769,fffb7d6efeffffff
vizwiz_negatives_background_VizWiz_train_00009666.jpg,background,vizwiz_negatives,CC BY 4.0,dc6b63519c14b8891d481f2f7f7faa194c24ee2d35457b7e420104fa81a5db8e,327a6179b74c1481
vizwiz_negatives_background_VizWiz_train_00009690.jpg,background,vizwiz_negatives,CC BY 4.0,09fded135ad0959ef6ac948c1cddf93fde614923c35db56271bb5cf1e28084dd,783c767f3f2fb9d0
vizwiz_negatives_background_VizWiz_train_00009738.jpg,background,vizwiz_negatives,CC BY 4.0,2163d25361d68762cc51a4c19941ce7d8085b59f76481880101428a918f8c813,0f0f63e0e0e0e03c
vizwiz_negatives_background_VizWiz_train_00009763.jpg,background,vizwiz_negatives,CC BY 4.0,275dcc1830f51fe6f806bcf9d76a5805db1ac35119bda1c609b61551314a8806,e8e0a4e4e4849fa6
vizwiz_negatives_background_VizWiz_train_00009779.jpg,background,vizwiz_negatives,CC BY 4.0,b6ed1d8bfce2e3c13f3a2ffb54b4c23064ad81a48e3b944978672fe587b9c027,a765e548c0f0c9c9
vizwiz_negatives_background_VizWiz_train_00009815.jpg,background,vizwiz_negatives,CC BY 4.0,90fb08c97d71a277f73d4bf3c61dbb316d15f9825973714e268f0e19088347b8,0109050303050103
vizwiz_negatives_background_VizWiz_train_00009896.jpg,background,vizwiz_negatives,CC BY 4.0,de6da8732070db2f5b17fcfcc5e68d53d77926ee4bb0e440ea448be1c0cc91d1,f0c2999c0f0363fe
vizwiz_negatives_background_VizWiz_train_00009943.jpg,background,vizwiz_negatives,CC BY 4.0,619ac3fdc33b0eb9d84ffd50f182289fa538c4206f97c9f60b7d5ae6839a7710,5ecb9fb73e3e3e3c
vizwiz_negatives_background_VizWiz_train_00009992.jpg,background,vizwiz_negatives,CC BY 4.0,a8228c090f50469b4939ee66437fd1771d7a2a8e7a2d8340f3257bcc02805f9d,24f0e0e0e0f0c0f0
vizwiz_negatives_background_VizWiz_train_00009995.jpg,background,vizwiz_negatives,CC BY 4.0,1464edc99c0fce8b3b0e599ff38d608e78c1c695d8f8a19a07f2b80b8953300b,fae6f0f8fef4e8e0
vizwiz_negatives_background_VizWiz_train_00010010.jpg,background,vizwiz_negatives,CC BY 4.0,ee4a08638d46d079465380c1a00ac4ad8c766bb4027c481bfa46cb79add259a7,6878f0ccdc7c3efe
vizwiz_negatives_background_VizWiz_train_00010098.jpg,background,vizwiz_negatives,CC BY 4.0,12c12b3e9f7a3e38403eaddc1d3299b4ef235e268858c5f8dea22b22d3cac21d,a767706c3430d838
vizwiz_negatives_background_VizWiz_train_00010109.jpg,background,vizwiz_negatives,CC BY 4.0,747a48aeee148eaeb590d0d950b3fcc564f8f9b87ba1560bbd42a71fd0e5bdd5,4646869b838b8b8a
vizwiz_negatives_background_VizWiz_train_00010118.jpg,background,vizwiz_negatives,CC BY 4.0,d01917197813ff0564e5df4e511d1f736fac3c23e698bfd8bda3f597319aa09f,cecec6cfff7f1fff
vizwiz_negatives_background_VizWiz_train_00010151.jpg,background,vizwiz_negatives,CC BY 4.0,088eef1c8698c935fe40f544ae80e2c5e755cb848a2092a441cad92a78a8402c,1ee6c2dad3cbcbce
vizwiz_negatives_background_VizWiz_train_00010189.jpg,background,vizwiz_negatives,CC BY 4.0,99242238a0410aff9117404ef9eaf72bde43a10926907adf2d15a5821be619cf,ffe787cf884c6c36
vizwiz_negatives_background_VizWiz_train_00010190.jpg,background,vizwiz_negatives,CC BY 4.0,8e4f41ca5040b3aeaccfaa6e59b5c93b90c142536e7eae79525bdc42980ff14f,cfcec989c8ebe9ac
vizwiz_negatives_background_VizWiz_train_00010200.jpg,background,vizwiz_negatives,CC BY 4.0,8214fe55dfe7b686a7a64009a5bd39129c1a840274611b932e5548a907b82196,40c4800880808040
vizwiz_negatives_background_VizWiz_train_00010299.jpg,background,vizwiz_negatives,CC BY 4.0,8630e13e9279b83de9f42045416778a0f73dc8f2e3a623567cd821e2ad811ad1,edec99b7ce900f07
vizwiz_negatives_background_VizWiz_train_00010303.jpg,background,vizwiz_negatives,CC BY 4.0,16497661234f4b1c4fa6cd8e1f97e25084e5a4880d9e068207b8b281eef93866,b1b0b4f0a32020c0
vizwiz_negatives_background_VizWiz_train_00010320.jpg,background,vizwiz_negatives,CC BY 4.0,490ba930c34fc543bb73dfdc334158c6c569078701a71c8daabf419fd5ef4322,58eba734b7b66c3c
vizwiz_negatives_background_VizWiz_train_00010338.jpg,background,vizwiz_negatives,CC BY 4.0,89920129bb8915bf6fa7299262f78c8c14295cbdb79f4209db12ddad9a88e74d,a4ce0f2dd8d81bee
vizwiz_negatives_background_VizWiz_train_00010358.jpg,background,vizwiz_negatives,CC BY 4.0,e1c294093cb4cef0eda46ceb1bd438eb3b174260610ef4317689bbea5af7ed77,348050f800801101
vizwiz_negatives_background_VizWiz_train_00010375.jpg,background,vizwiz_negatives,CC BY 4.0,00cf7ddc012f6f940f12c611b4afc625a2574b90cdddaac5e2ba6ea598d03275,9a9cd8d8d8d8dfdf
vizwiz_negatives_background_VizWiz_train_00010439.jpg,background,vizwiz_negatives,CC BY 4.0,3295bc46358b1602a7d157cd8cd62a0a7c1873b2f6d8a46aba9832ba8af987c8,0eb269e0c0c0c080
vizwiz_negatives_background_VizWiz_train_00010442.jpg,background,vizwiz_negatives,CC BY 4.0,9792855387422c0b7cd6c86fef4ef456b67b40477e9755bff5f71d0ca6ac7ba2,c9f90b7ddc1c1a80
vizwiz_negatives_background_VizWiz_train_00010449.jpg,background,vizwiz_negatives,CC BY 4.0,bbb8b3b798753d8f86348e4f81472c595a81702fda8135f22c5a442c721baef7,8787838f40f0ffff
vizwiz_negatives_background_VizWiz_train_00010468.jpg,background,vizwiz_negatives,CC BY 4.0,fb86a8ea08abaf9dd39c644d18929d9387873bfc45a445864001f7bc4d4887b5,9bffcecfd8d82eb4
vizwiz_negatives_background_VizWiz_train_00010474.jpg,background,vizwiz_negatives,CC BY 4.0,c8b4b46637dec15817fe53287c5146b04dd5482651b26a4bf546a1c795a641cb,00fea2a68684acac
vizwiz_negatives_background_VizWiz_train_00010611.jpg,background,vizwiz_negatives,CC BY 4.0,cfe3b3447f121544877ca2aedf52025a0578a3aa94c463dcf0bc43a709b842d9,f0b0e2e646d3c2c2
vizwiz_negatives_background_VizWiz_train_00010615.jpg,background,vizwiz_negatives,CC BY 4.0,0601586b5051027bb5133aaa4c169844fa8a776ba1b40e48cfde43f2845f52ad,62e2626060c382a2
vizwiz_negatives_background_VizWiz_train_00010642.jpg,background,vizwiz_negatives,CC BY 4.0,bd3eaad360a3c2b921b970e2f939666111ba718ee112008c56ae4893ae1d7c3f,fc3cee78de61168c
vizwiz_negatives_background_VizWiz_train_00010652.jpg,background,vizwiz_negatives,CC BY 4.0,e8594951d703b616872b6d38bfe5d1dbf3ef7b551153dab8782c1f65df68fcb4,4c98db91638ef878
vizwiz_negatives_background_VizWiz_train_00010722.jpg,background,vizwiz_negatives,CC BY 4.0,4ccbef9b4cff287d8bc4fa2cb71959362ad7bd67ee7ad9a907e1063a87b58735,6cac4d591959dbb7
vizwiz_negatives_background_VizWiz_train_00010751.jpg,background,vizwiz_negatives,CC BY 4.0,3371888640ef01cf4b414e3cacbd786876514943a83dc97037b0c51e806ecc7a,6c4d11111911110b
vizwiz_negatives_background_VizWiz_train_00010833.jpg,background,vizwiz_negatives,CC BY 4.0,eef3dcc5ccc2bf5d99f94098fef78059c5c211da7961dfbaa0ae1d92e9edb302,1f07a42c6c186662
vizwiz_negatives_background_VizWiz_train_00010888.jpg,background,vizwiz_negatives,CC BY 4.0,2224a7500dc623be731250f213f3b8f827cfb19722cba28860993c49d8a80576,8aa8a06069d8c884
vizwiz_negatives_background_VizWiz_train_00010892.jpg,background,vizwiz_negatives,CC BY 4.0,8ab1bdee86fc35e262c7bad8cfe31b742162b6a6e5417c3d4dfb19b09f9ac771,768e96969d1f4d0d
vizwiz_negatives_background_VizWiz_train_00010893.jpg,background,vizwiz_negatives,CC BY 4.0,e3d594a77f79f6d874f612eaee2fe051d04af38a46de7e6d21d2090cbef7daab,7ecc983c6cceeb33
vizwiz_negatives_background_VizWiz_train_00010947.jpg,background,vizwiz_negatives,CC BY 4.0,40af6afb3ae3e8afdadaf71137cf948955fb32751c93a730e1bc0f78be293918,3cf4c9d9d2828cac
vizwiz_negatives_background_VizWiz_train_00010952.jpg,background,vizwiz_negatives,CC BY 4.0,764e5e96416aadddb86b29d6c46c194d6700272a6eefa9ec3de542867724128c,f7e6cfbeb6ac7ece
vizwiz_negatives_background_VizWiz_train_00010964.jpg,background,vizwiz_negatives,CC BY 4.0,a747cc3d18de7cc9e254b5b29c028b95af1e99e02172ce87bc5072a45f82b794,ecb9e8e46a6cb7df
vizwiz_negatives_background_VizWiz_train_00011068.jpg,background,vizwiz_negatives,CC BY 4.0,2fdf3b6a83b08a69585b686268348444ba9c501fe450c13e337427c5eed99781,0e8e0e0f05070700
vizwiz_negatives_background_VizWiz_train_00011093.jpg,background,vizwiz_negatives,CC BY 4.0,e5b31ac859aeeb97d132fe0f6efbebe3d720dd2fab5ca02db5ac7646275ea7e6,9080808181818080
vizwiz_negatives_background_VizWiz_train_00011101.jpg,background,vizwiz_negatives,CC BY 4.0,4c573d771c8c4db263df2223f6a78c2b919316cd35b0cfd308d4197bc10c408c,cecf97171e179f3e
vizwiz_negatives_background_VizWiz_train_00011167.jpg,background,vizwiz_negatives,CC BY 4.0,38fea30df157d45b346fd65e3a52a81b21ddf80524c319086467a0cfa52acad7,e3e3c28ede7eb749
vizwiz_negatives_background_VizWiz_train_00011188.jpg,background,vizwiz_negatives,CC BY 4.0,e368b49e406fb4273855bbfbc5e99d28bbebb5faa060422ae3a5b6cd17b0257b,d1f01d409899cb8b
vizwiz_negatives_background_VizWiz_train_00011299.jpg,background,vizwiz_negatives,CC BY 4.0,375f51beb84b9dd889ba873bfa4a203d63d229bc471d3e4ff7cdc76cba07548b,f6de8a76fadb1ffe
vizwiz_negatives_background_VizWiz_train_00011310.jpg,background,vizwiz_negatives,CC BY 4.0,55cb04e1eb76116d39d41c3e9b37120288ede0ae5f75558f551725cbc8e95688,934667edcb86cecb
vizwiz_negatives_background_VizWiz_train_00011343.jpg,background,vizwiz_negatives,CC BY 4.0,14cde46b6494b3d5735cb7de6cbd372bc7e0c393f8cf6e64bf30d7fbf8a48259,0f3ce103592db3e7
vizwiz_negatives_background_VizWiz_train_00011520.jpg,background,vizwiz_negatives,CC BY 4.0,542f431842a85a397aeeecc3c1d39aea7ea2f74c58c4e4dfe4c219c5431b2b51,f6f7e7eb1bcb8fbf
vizwiz_negatives_background_VizWiz_train_00011605.jpg,background,vizwiz_negatives,CC BY 4.0,7fe8e39cf9ec8f72d6b46c7e463888ffe105200e85848614563bb433711716eb,dcf2ecec74525aa4
vizwiz_negatives_background_VizWiz_train_00011628.jpg,background,vizwiz_negatives,CC BY 4.0,5159c7bc9bcb963d6ebd1754d3bd17bb03d61a398911113e81a45cc4d952773d,6dedc643d3ed5ebf
vizwiz_negatives_background_VizWiz_train_00011641.jpg,background,vizwiz_negatives,CC BY 4.0,7a04929e7459bea6082923e6b770f5534b0dbc0078203651e11ea04aa82c0d2f,27b0c0c040e8e0e4
vizwiz_negatives_background_VizWiz_train_00011657.jpg,background,vizwiz_negatives,CC BY 4.0,86eb78f549c284e0711a6f705840e9e306d9a1a524f847f0dc896c8b0dab9bad,e108f9f1b1c96213
vizwiz_negatives_background_VizWiz_train_00011673.jpg,background,vizwiz_negatives,CC BY 4.0,38984056e19a4baacbd0e3946ba6d202257be0472efbd75412c8a3de22c7a560,b0b0f0f0b030b0b0
vizwiz_negatives_background_VizWiz_train_00011722.jpg,background,vizwiz_negatives,CC BY 4.0,64900043af4d49d169ce4237a1b53126e92a609be04a8f5ad76cb610152348f0,e0f0f0f0ec8444a4
vizwiz_negatives_background_VizWiz_train_00011819.jpg,background,vizwiz_negatives,CC BY 4.0,2d4baef3bfeea8b1432846f818771bc31fb4b06fb69fc4ca3e54bdf21935b73f,7c7db4363430909c
vizwiz_negatives_background_VizWiz_train_00011885.jpg,background,vizwiz_negatives,CC BY 4.0,832f9029cddae53cc776f9bb3ffdc7c6620734d7f6fd34dd67fd15aea3a05fe2,0a05890101090103
vizwiz_negatives_background_VizWiz_train_00011944.jpg,background,vizwiz_negatives,CC BY 4.0,eeec8ff8e157040bebf0e853a72b73886337e2283f120811322145bfd7f7b9e9,c0e580a28efc81a6
vizwiz_negatives_background_VizWiz_train_00011954.jpg,background,vizwiz_negatives,CC BY 4.0,721266d765f108f1673af6a47b140a9b6ed66f6dcd460de056738ddf321eaaa6,d8fcf87878f8f0f0
vizwiz_negatives_background_VizWiz_train_00012162.jpg,background,vizwiz_negatives,CC BY 4.0,45914a17fd99448773b02eb38b34692bba4d8649d242c9a01492abb67e6658cf,66fe5e4ce8fae4ff
vizwiz_negatives_background_VizWiz_train_00012229.jpg,background,vizwiz_negatives,CC BY 4.0,c9b5747088e88f51888011a96546640d9ca8052c6b9dc6d8273853dd0af2ee04,e0f0e0e0e0d0b0e0
vizwiz_negatives_background_VizWiz_train_00012309.jpg,background,vizwiz_negatives,CC BY 4.0,ee29335060447d808a3b73bbf7e2c8d653283a085890b1e23def4c78cb335425,fb97b7feff0b5b86
vizwiz_negatives_background_VizWiz_train_00012408.jpg,background,vizwiz_negatives,CC BY 4.0,13484dc087ef148e514059187716a4abb6889e728f0b5cde95c415430d6f3bc5,c060c08872e48890
vizwiz_negatives_background_VizWiz_train_00012409.jpg,background,vizwiz_negatives,CC BY 4.0,84d93f9ac5a77e68fdcfd2884043508c4a194dbe2379ae44b59c7af4f1ef1e35,d826969c484971c0
vizwiz_negatives_background_VizWiz_train_00012411.jpg,background,vizwiz_negatives,CC BY 4.0,4d8ddd841379a6fb465ee9ce28b79cebaa9e78b0f5b45c975d2725c98e027dee,789e1a3a7c190b02
vizwiz_negatives_background_VizWiz_train_00012445.jpg,background,vizwiz_negatives,CC BY 4.0,913d4ed648f22abddf1719fc18713d49730688bda86df561efa3dc6da4a1bddf,4f4f66e63c5c1a8c
vizwiz_negatives_background_VizWiz_train_00012465.jpg,background,vizwiz_negatives,CC BY 4.0,8fc7423dbfb44a6da58b3405e2a3221bcb0b3e66b624292a9e11f8f23a21f4eb,20f0d3d2a220d0d8
vizwiz_negatives_background_VizWiz_train_00012539.jpg,background,vizwiz_negatives,CC BY 4.0,cf365a59950b70905c8e4321c92cad4949fc4d40dc88fa91546e1e35bc7ac196,480808880080884f
vizwiz_negatives_background_VizWiz_train_00012545.jpg,background,vizwiz_negatives,CC BY 4.0,bfd5f75580c432f2f9e1d6a2a47f88ed98408d43a87d0a3c3ff4f7b949c7712d,f8e0f8e0e0f0e9f0
vizwiz_negatives_background_VizWiz_train_00012547.jpg,background,vizwiz_negatives,CC BY 4.0,5b6a543cfdc425dd3512d50cb48e63f59a4f78da6ad904d131aea3196a65cd60,cac6e4a4c4c0d0b0
vizwiz_negatives_background_VizWiz_train_00012594.jpg,background,vizwiz_negatives,CC BY 4.0,4ac1fe46bb2602c7d94aadddf37aac39981249da331e878b6c4983d87ec7dbca,a6c0f8f8e0a0b234
vizwiz_negatives_background_VizWiz_train_00012667.jpg,background,vizwiz_negatives,CC BY 4.0,41bb0ba9ea3c7c90feae7d00afa5e79f03406c730635430290d9729c98df1692,1080210382c58707
vizwiz_negatives_background_VizWiz_train_00012677.jpg,background,vizwiz_negatives,CC BY 4.0,064a5a6bc3eba4b758e65475e2412914c61d0281d6d36764f3a6efa216c77f30,b3b1fddadaccccc0
vizwiz_negatives_background_VizWiz_train_00012682.jpg,background,vizwiz_negatives,CC BY 4.0,64efc660dd1808d61dfb258a26bd5e7e4aa9254068f860693cc8801f521afad2,5f632236323b1998
vizwiz_negatives_background_VizWiz_train_00012744.jpg,background,vizwiz_negatives,CC BY 4.0,ada827ae6c07405ec5c46dca8ec0da61823a53c95c1190c28881dac7b459e9bd,39e1f2f27a3e7df5
vizwiz_negatives_background_VizWiz_train_00012790.jpg,background,vizwiz_negatives,CC BY 4.0,91c5647daa9fd1d563e99d91856c3ddcb0c31a71a712fe728f74cd31be1cfd29,c080c0c3ca837339
vizwiz_negatives_background_VizWiz_train_00012848.jpg,background,vizwiz_negatives,CC BY 4.0,75a70f37ba20e89b314d2df27caa1189f9bbe4dfac06670f94fbaf2e9eaf2520,00c03637373c8016
vizwiz_negatives_background_VizWiz_train_00012910.jpg,background,vizwiz_negatives,CC BY 4.0,879b592b6839287adf9df0aba64d104fd23bb447f7b8502e1513f4d3d13efab1,20a0c8c8888d8d8d
vizwiz_negatives_background_VizWiz_train_00012939.jpg,background,vizwiz_negatives,CC BY 4.0,41d7a994a5a6fee864792c87d1ac889e1ab8c7f899dacc3c76c364090f97553d,c4cdd98cf2ae88d9
vizwiz_negatives_background_VizWiz_train_00012950.jpg,background,vizwiz_negatives,CC BY 4.0,4f57bee2d37a2a91ac5e4366803a4ae9e6519d82839e81db50a5252a82bddd89,d0f9f9f9f91f4f61
vizwiz_negatives_background_VizWiz_train_00013008.jpg,background,vizwiz_negatives,CC BY 4.0,b5c2605ab3d39a150ade1a98125dcb0ec4a2aac1edc65ab04d532d4456a0c98f,2d2fafafefefec2c
vizwiz_negatives_background_VizWiz_train_00013035.jpg,background,vizwiz_negatives,CC BY 4.0,11a8d78e9c002d675a676835573ba0034601365b6eaf8a5eea739a3e2170c781,f3f47e585c1c0cc7
vizwiz_negatives_background_VizWiz_train_00013040.jpg,background,vizwiz_negatives,CC BY 4.0,7e2cd38fd07e4143106062ea78b20c6a55d0c3fc5380f4bfcaba3ce802e0cff1,073b73793939a9a9
vizwiz_negatives_background_VizWiz_train_00013113.jpg,background,vizwiz_negatives,CC BY 4.0,f7f7f042c3d0c4ceaf5bfb772169cb28b8cc74879816e4ddcf68153b2e5f05b7,e8e8d090e0c28840
vizwiz_negatives_background_VizWiz_train_00013157.jpg,background,vizwiz_negatives,CC BY 4.0,862fbb0515f6a75b4f2a461c96b1709256e63f78689bf84c2630ef647c6a29ea,3c979b879bd08207
vizwiz_negatives_background_VizWiz_train_00013224.jpg,background,vizwiz_negatives,CC BY 4.0,049baa4e7142dd9954ac3d366708591d199fd8251a71fcb50a16527f70b47a5f,6dec8ece4e8f0f2f
vizwiz_negatives_background_VizWiz_train_00013231.jpg,background,vizwiz_negatives,CC BY 4.0,61e631d4d3274a272bafcb8f805c751d7474b81e09ffcc307e18b266c7551ece,90903090b0e0e0c4
vizwiz_negatives_background_VizWiz_train_00013288.jpg,background,vizwiz_negatives,CC BY 4.0,f3a6d9a0b9ca3870f23dcde590fef626f23d8a1b1d039e76f7f2baefcdbeaec1,fefce0f0f0f0f0e0
vizwiz_negatives_background_VizWiz_train_00013289.jpg,background,vizwiz_negatives,CC BY 4.0,f00443146e8bc4b94a49c894b299e9dca6e20de6d7793686127ab405e38ebfe7,a4ac2c2d0c1c1c08
vizwiz_negatives_background_VizWiz_train_00013367.jpg,background,vizwiz_negatives,CC BY 4.0,2aa83075c5072b0884e24659ba6ae494566782e5e4fbddbad5ed501e502972d6,bffc273f391f1fbf
vizwiz_negatives_background_VizWiz_train_00013403.jpg,background,vizwiz_negatives,CC BY 4.0,72235e74ae4ea72533e97223be363cfb8f1be083e3948c56578ffdd8f798bd06,fcf8e0e0e077e0f0
vizwiz_negatives_background_VizWiz_train_00013571.jpg,background,vizwiz_negatives,CC BY 4.0,af5ee5b0dd937c6c3f00b081dbfc6f28b3cf61c5686c48fae5c348cd8a82855c,4c4c4cc6e4f2d2e2
vizwiz_negatives_background_VizWiz_train_00013587.jpg,background,vizwiz_negatives,CC BY 4.0,dd8b370ec807cc7d41bf6ac2bef6deca4791578369c98bcd80bacbe3e87365a0,f9f92dcae0c0c080
vizwiz_negatives_background_VizWiz_train_00013684.jpg,background,vizwiz_negatives,CC BY 4.0,584547f86d2412a8c67d5a9dacdc471f260d2d8d13bad74b951f918acce2567e,0b8fc3c1819a0202
vizwiz_negatives_background_VizWiz_train_00013703.jpg,background,vizwiz_negatives,CC BY 4.0,b9f4fbf3ff2ddb31a29e153adab5299aa68e05b647eb95d9785ec086e31a920a,89f07eeff91e8db9
vizwiz_negatives_background_VizWiz_train_00013715.jpg,background,vizwiz_negatives,CC BY 4.0,a0331c10574ddab75f5303a74fdbc53279d4ae2833fd2acec27e3473237f107b,e9993fffffffb9f3
vizwiz_negatives_background_VizWiz_train_00013735.jpg,background,vizwiz_negatives,CC BY 4.0,cdce1ed49cbea47f7c4669c41f878655b7358e363af67c93fcd468842f00cd2f,c6cac8ccb0e0e0ac
vizwiz_negatives_background_VizWiz_train_00013901.jpg,background,vizwiz_negatives,CC BY 4.0,376626b33d1ace20fcf47fd56a0233a394ffed7fe4376b0744224aadabaf44ec,0e07452b33550f06
vizwiz_negatives_background_VizWiz_train_00013929.jpg,background,vizwiz_negatives,CC BY 4.0,66dd613443e84f99a1236e47688a648deb66c3581a92d327d1e01922347ececc,31b7adc51121355e
vizwiz_negatives_background_VizWiz_train_00013960.jpg,background,vizwiz_negatives,CC BY 4.0,3d8154cabd55c804bb4e13afa550c8a68470c0ec06f9e72ac2b99ddf18378fa7,c1e5e16149c9e963
vizwiz_negatives_background_VizWiz_train_00013961.jpg,background,vizwiz_negatives,CC BY 4.0,d0e8fbedf6c339bf6b8d4d20375b9151ec48f63e5df7fc565f1c955a33ae1d06,f0f062f3f8c970f1
vizwiz_negatives_background_VizWiz_train_00014068.jpg,background,vizwiz_negatives,CC BY 4.0,13408db6bca7eae8b9366c6c76ab0f239ef573f93372177cd487eb797f2654d1,cb476170797369c0
vizwiz_negatives_background_VizWiz_train_00014075.jpg,background,vizwiz_negatives,CC BY 4.0,12a3e6134d89065ecc87f35c8b8b2e8d5accd2223c3168663e56f2b68ff0d6c5,10c8f0a4c8d1b26c
vizwiz_negatives_background_VizWiz_train_00014097.jpg,background,vizwiz_negatives,CC BY 4.0,b7602dde9d51464ca0ed61fdb8b8fae50382bf799ab9758b3a6d6e1fb82a4b07,30b89e2398100082
vizwiz_negatives_background_VizWiz_train_00014248.jpg,background,vizwiz_negatives,CC BY 4.0,eeac4c612097f1735edde6414afaca8f7c9c029919414bb71a165c64d44221be,9080919184dcbc8f
vizwiz_negatives_background_VizWiz_train_00014266.jpg,background,vizwiz_negatives,CC BY 4.0,279cb6b18584f59be014e04112a134fab4604a3ce5d171d7123f292aa0459d53,ae0cade39bbc3a07
vizwiz_negatives_background_VizWiz_train_00014281.jpg,background,vizwiz_negatives,CC BY 4.0,955a09359f1180404b1bdee1fb8cf89df0c7e3ed22ae9e7bbb54cfe69aeab4ca,f8a8346f03034800
vizwiz_negatives_background_VizWiz_train_00014283.jpg,background,vizwiz_negatives,CC BY 4.0,24cd2831219a88a91f827475c62e1f0994d2a00ab11da752f955cb390c8745c9,e4189c858c92989c
vizwiz_negatives_background_VizWiz_train_00014328.jpg,background,vizwiz_negatives,CC BY 4.0,020f8d00a7e579e6d993d6aa1455e315bae47d4e8f9635e16675524e9a6882ee,cc1c36726666369e
vizwiz_negatives_background_VizWiz_train_00014330.jpg,background,vizwiz_negatives,CC BY 4.0,2eb56dffec568bafdc5a3130e981f2fce2e5eb5f94c4c2ebd03fbad8a6b73769,f9396c38f0f0a9f0
vizwiz_negatives_background_VizWiz_train_00014332.jpg,background,vizwiz_negatives,CC BY 4.0,02d07ac93d11b79254506f2ba71d3accce7e8c0ad5aeaf00ce2f9e8113f2b3ae,6c68e8d86c3643ce
vizwiz_negatives_background_VizWiz_train_00014345.jpg,background,vizwiz_negatives,CC BY 4.0,7aadf70276cf9c611a04d2164e5a710f02ec6b9aa71a18bdb2b4a17af4d3b812,fef2fcf8f8babcae
vizwiz_negatives_background_VizWiz_train_00014431.jpg,background,vizwiz_negatives,CC BY 4.0,3f735138f295eeb9185a866e33f9808082e5002688e36fa57576c9b3ebba3dd3,e0c0c0e0c0c0f0f0
vizwiz_negatives_background_VizWiz_train_00014457.jpg,background,vizwiz_negatives,CC BY 4.0,f45173b29b70344dbb5203e4569124fee8d07573dfdf6e6626d53c3312ae696a,b4dadc6ebcfc7a38
vizwiz_negatives_background_VizWiz_train_00014497.jpg,background,vizwiz_negatives,CC BY 4.0,9979f1b995cb5fa651ec5334dabf0659703166bec060764192c98aa4d3a34cf8,f0d7c8b0b0e0c4c9
vizwiz_negatives_background_VizWiz_train_00014548.jpg,background,vizwiz_negatives,CC BY 4.0,f365a281978779d2cca4b7f75d8d0f2ab03d0f90eb25b307746188e182429562,28805456a4a7e964
vizwiz_negatives_background_VizWiz_train_00014581.jpg,background,vizwiz_negatives,CC BY 4.0,70b9fdcbcd947f6cc8b233239e30cb773dabdc48e00ca208f4e66db321f33864,fcffed6dfe7c9b22
vizwiz_negatives_background_VizWiz_train_00014617.jpg,background,vizwiz_negatives,CC BY 4.0,0f7e617fabe95bf68beb74ab0695138f4c4d4363ad29492a2aa3615017865198,9093b32163030000
vizwiz_negatives_background_VizWiz_train_00014647.jpg,background,vizwiz_negatives,CC BY 4.0,621fc38703db919abe28c392d72e797fa4ea1de6701ad12f8d307aa02197e44d,c3d3fd5b37774f1d
vizwiz_negatives_background_VizWiz_train_00014650.jpg,background,vizwiz_negatives,CC BY 4.0,d02a5b12c2f4013e3401ad06a56b5c7e67832be83b683beb23777d870d0520b7,f8f8dcd868dad1f0
vizwiz_negatives_background_VizWiz_train_00014669.jpg,background,vizwiz_negatives,CC BY 4.0,da948e03c5c06de1522b4725cd234601f608b674b7a2affe08f7b0a59837fd8e,ce93935373b28e0f
vizwiz_negatives_background_VizWiz_train_00014696.jpg,background,vizwiz_negatives,CC BY 4.0,e28c991f2abd09ef6f8b59e71e0ce62b2085424add657774bbc0cac3b91e4710,03209478fbd3c3e3
vizwiz_negatives_background_VizWiz_train_00014828.jpg,background,vizwiz_negatives,CC BY 4.0,5b490b144007f16d4881d95c06e3c70d3b0dbe0fcbf5677ae60ccbb0c9e4611f,80f0f8f9b8b9f9e9
vizwiz_negatives_background_VizWiz_train_00014836.jpg,background,vizwiz_negatives,CC BY 4.0,f235bed1e7ad7f9aa9c075611782388edf62e9c7ad52bddbe71680b92748eb84,b2e0f0f0f060e0c3
vizwiz_negatives_background_VizWiz_train_00015000.jpg,background,vizwiz_negatives,CC BY 4.0,bd6b658db99e3cb3b0158919196dcbedb710c6b2a93403bd5d1dc41c1b6765b4,87e278706d64f1fb
vizwiz_negatives_background_VizWiz_train_00015008.jpg,background,vizwiz_negatives,CC BY 4.0,70a609de51eeaf02144057173f15447d0c9dd3ff4e71925f88a35c3441f9bf4d,8637370309424b09
vizwiz_negatives_background_VizWiz_train_00015012.jpg,background,vizwiz_negatives,CC BY 4.0,bfa5dbebc850ba3378affc81ba10dd83290aa24de428af763bbd2f597dfe2059,274353e3e1c04000
vizwiz_negatives_background_VizWiz_train_00015079.jpg,background,vizwiz_negatives,CC BY 4.0,1fa5fe6b07e1ed44d7ead9f172edbf3beba74654b4ae8f6101c40f473fd2738f,0705012323230393
vizwiz_negatives_background_VizWiz_train_00015090.jpg,background,vizwiz_negatives,CC BY 4.0,88ef1a255b7760d490451bb1019370d8abd1602d2629a2e177d0e60015253873,1ca0d1c3d1f3c7a2
vizwiz_negatives_background_VizWiz_train_00015156.jpg,background,vizwiz_negatives,CC BY 4.0,d1c116ed3423c6f3c8efd305b4b1f830de93d299c212e739e88db4f102d63478,fffefefeffffffff
vizwiz_negatives_background_VizWiz_train_00015161.jpg,background,vizwiz_negatives,CC BY 4.0,0825e3a39bf422ae2ec1cf1d5c8aa539c21547a51605449d33f76db7a6ee869e,f1e1e1e1e1e1e1e0
vizwiz_negatives_background_VizWiz_train_00015181.jpg,background,vizwiz_negatives,CC BY 4.0,bff4af61cadea7666dcd2301a000dea990af1f4a83dc242d9932d81cf108450f,f0f0e1818307363f
vizwiz_negatives_background_VizWiz_train_00015275.jpg,background,vizwiz_negatives,CC BY 4.0,32145dee661815155df23297a094621e33b36743cbdc3f49f7a3de0b54402710,f0e0f060e0e0e0e0
vizwiz_negatives_background_VizWiz_train_00015335.jpg,background,vizwiz_negatives,CC BY 4.0,fab42fba60b7a4994e80444e6d99d22d2f0b944af60c11bc3940780eccd4dd11,cfc53031b79e9a9b
vizwiz_negatives_background_VizWiz_train_00015336.jpg,background,vizwiz_negatives,CC BY 4.0,1c2f3805c590eaefe3e72043e93566870c07d42b1c7f9b7ba3d7514af969869c,4f7ce0d0e8b0180f
vizwiz_negatives_background_VizWiz_train_00015371.jpg,background,vizwiz_negatives,CC BY 4.0,9f85e826497a93bf5ed846085b83b7613c9563a65f442963f8acd51c4f6fada7,fc98909e6e4ecece
vizwiz_negatives_background_VizWiz_train_00015381.jpg,background,vizwiz_negatives,CC BY 4.0,1e29f4c254d3951113b02d7b2312048471363ec24a6507817a25db8b15f5edb2,ace7e1c427236e6e
vizwiz_negatives_background_VizWiz_train_00015404.jpg,background,vizwiz_negatives,CC BY 4.0,0249c01cdfa1067c09dd7e3dff2037d0d59d37762acc470a7411b1d3078b44ab,ba5974e6c1c1c1e9
vizwiz_negatives_background_VizWiz_train_00015421.jpg,background,vizwiz_negatives,CC BY 4.0,c0368871faf3035299c42c440f32829566d1bb443acd1e196be3616d38985474,f69ebcc6c68e7e7f
vizwiz_negatives_background_VizWiz_train_00015427.jpg,background,vizwiz_negatives,CC BY 4.0,3ad237e5b32623094cc3d5e2678eaa20a47b275d2e367fd1e6e538d97785e25c,c099b9c0c9cacce0
vizwiz_negatives_background_VizWiz_train_00015450.jpg,background,vizwiz_negatives,CC BY 4.0,ed6dbb3d8730c51b642187d194e2b6047b4065b20b9321c06f318ad81fa52b28,20b0888e814b0b49
vizwiz_negatives_background_VizWiz_train_00015487.jpg,background,vizwiz_negatives,CC BY 4.0,7f9d15efe7f553de39ee0fbb4a83585c2789ca83c00aed4a63ddc68cd70965a8,8fcf8fcfc7c55515
vizwiz_negatives_background_VizWiz_train_00015521.jpg,background,vizwiz_negatives,CC BY 4.0,99fb524129a57a091cd9aae4d6e559e76f30fb576f7cc0c954a40e28eae19b94,c4000c0c08101810
vizwiz_negatives_background_VizWiz_train_00015718.jpg,background,vizwiz_negatives,CC BY 4.0,c6baeb4f5a92baecdace7c5c683b934863e4634312b4bcdc725853a44edecfb8,65703cf8dc3ebcfd
vizwiz_negatives_background_VizWiz_train_00015739.jpg,background,vizwiz_negatives,CC BY 4.0,fa2e24bd84dd15a08c40e5230fc022274cc1fd62be1ea6bec369a08aab88b6b6,0e4e0e2c9d1f1b1d
vizwiz_negatives_background_VizWiz_train_00015804.jpg,background,vizwiz_negatives,CC BY 4.0,53bf631c146aefee3a21706b38834b87c5cc3bb37003307ba43ea732d35c4d22,5080c19908c0d088
vizwiz_negatives_background_VizWiz_train_00015813.jpg,background,vizwiz_negatives,CC BY 4.0,9201c6747ce2dc20d5e87f29607d5874a0fccee6698823bcd71b7a28bbb79ebd,3f2f3f8f2d8f8e8b
vizwiz_negatives_background_VizWiz_train_00015846.jpg,background,vizwiz_negatives,CC BY 4.0,87036c732bb4dcdfb4905668c7409d14a6c36ea23b540612289e6b302d7b514e,f3f3f3f3f3fbf9fd
vizwiz_negatives_background_VizWiz_train_00015955.jpg,background,vizwiz_negatives,CC BY 4.0,78e398e25418060eed3a349dd54b13435e747cae5f17f6f9056d28aa87791b8b,4a78e06272e0c010
vizwiz_negatives_background_VizWiz_train_00015995.jpg,background,vizwiz_negatives,CC BY 4.0,eab357f914f7101c14cfa546989b21a3007c1c38c95fe5b412da6998e767ec1a,4c8c96c64e68500c
vizwiz_negatives_background_VizWiz_train_00016040.jpg,background,vizwiz_negatives,CC BY 4.0,432cb6c3c36b1531d7fc2880e62066cb6bf0bb390e181910de8de1ade29bf867,3c40a32b2b183900
vizwiz_negatives_background_VizWiz_train_00016176.jpg,background,vizwiz_negatives,CC BY 4.0,530e223e7ffe3f0d7c287341804c53e3dfe1fbeb38802827bea0cd1a42e1697f,d494bcfc7c1c0000
vizwiz_negatives_background_VizWiz_train_00016195.jpg,background,vizwiz_negatives,CC BY 4.0,0a656561644b5153310259be4db52be7ae8a45f8dc47ac3e5b8cac66a768a8c9,3640980295af4b9f
vizwiz_negatives_background_VizWiz_train_00016196.jpg,background,vizwiz_negatives,CC BY 4.0,1a6bf340c9b3f0ff69182441bb95a65ef66592f9333e230124f992bdf93a944e,08195959a1310000
vizwiz_negatives_background_VizWiz_train_00016207.jpg,background,vizwiz_negatives,CC BY 4.0,b7c91d110aceac24f0cfe91b08e6ce48de121f7b91097dbd3890306cb9047437,806131784bf2fe00
vizwiz_negatives_background_VizWiz_train_00016219.jpg,background,vizwiz_negatives,CC BY 4.0,f3c312810818e37d8926c146af1813e279920146cfbdcc9317c0b84e4ad7305c,91e808012f3e400c
vizwiz_negatives_background_VizWiz_train_00016304.jpg,background,vizwiz_negatives,CC BY 4.0,f8efc5bbadf7e9a8ad977af70c5e2e500f7c5bdfceb09af3495fef9273b4d9a9,b99f87e3c0808046
vizwiz_negatives_background_VizWiz_train_00016356.jpg,background,vizwiz_negatives,CC BY 4.0,a2a711ef29e8ec3b1d70a857870582472fcb3553010cdcf62cb33278967cfaba,1c1c16064048c0c0
vizwiz_negatives_background_VizWiz_train_00016371.jpg,background,vizwiz_negatives,CC BY 4.0,5f7c5dcb26192ae3dcfb289cf6448b0487244432b7117fb1639757a38b954ec7,9018383030606266
vizwiz_negatives_background_VizWiz_train_00016428.jpg,background,vizwiz_negatives,CC BY 4.0,8ef2359cd9427a5bd2bd758d8d4f8a74ee93aac21622185e108d24024c637051,933333b3f3cddcfa
vizwiz_negatives_background_VizWiz_train_00016523.jpg,background,vizwiz_negatives,CC BY 4.0,1123f7e3a6b7e422c315fde74a80ebd1cdc4133d5fc3f4858823feb505af5926,00e0682cdcfcbc5e
vizwiz_negatives_background_VizWiz_train_00016541.jpg,background,vizwiz_negatives,CC BY 4.0,ca22fda10b75dffb9114530ee968102edd400ff0ce9a5d9f48fe542b227bb081,25240717160f0797
vizwiz_negatives_background_VizWiz_train_00016565.jpg,background,vizwiz_negatives,CC BY 4.0,451cc89538fe8ea49db372d6c7f2fc546cf2bea7c5f32232e63a1d6a815f2add,f8fefffffff7f0f8
vizwiz_negatives_background_VizWiz_train_00016626.jpg,background,vizwiz_negatives,CC BY 4.0,14ce56aad45ae452ea54e7ef7292f94634797134695b4ba234385dd7438d887a,f0f0f061e6b6b571
vizwiz_negatives_background_VizWiz_train_00016661.jpg,background,vizwiz_negatives,CC BY 4.0,bc2bbf4889a9285ed38dd6dd46d1d15bbffbee38c417010fed86cb660447549f,f0f8d0d080a80916
vizwiz_negatives_background_VizWiz_train_00016693.jpg,background,vizwiz_negatives,CC BY 4.0,34604357d1f51ba427f1d1ca526bc996a6ad6785b950441e96b55ea2d31f0ef0,103060e0c8c8cac0
vizwiz_negatives_background_VizWiz_train_00016787.jpg,background,vizwiz_negatives,CC BY 4.0,ea504f45e7b62d32840e5770f4ff18d3fbb1979c0cee3e4cc864f217d89de464,b72deffff1fcdefe
vizwiz_negatives_background_VizWiz_train_00016860.jpg,background,vizwiz_negatives,CC BY 4.0,288cc098fee01c75fb76a349c8570ae8412346c170fffc3dee244c7a36709a68,8f8f97060b1b1b13
vizwiz_negatives_background_VizWiz_train_00016903.jpg,background,vizwiz_negatives,CC BY 4.0,2d6618577b0dc060728ec2dde35fdaceaa12b1f0b347043e8a22ebf602cbe84e,9187a91c4c2c2e0d
vizwiz_negatives_background_VizWiz_train_00016964.jpg,background,vizwiz_negatives,CC BY 4.0,216519db21712c84e7e7b416ceb180b10592809dd33092631241cb1f8f765d31,08071199171f1f5f
vizwiz_negatives_background_VizWiz_train_00017044.jpg,background,vizwiz_negatives,CC BY 4.0,3c615aea3d5b92e5d1dae076327c0afbc251d1dc2e73ee21a0977bb2a1c2be79,210c1cfc61607171
vizwiz_negatives_background_VizWiz_train_00017085.jpg,background,vizwiz_negatives,CC BY 4.0,0b28599c5b5c0b4e35f432608f4f6cf1989e716cfedb49d49aa07776f444e004,26388d0c0a0cc1c1
vizwiz_negatives_background_VizWiz_train_00017093.jpg,background,vizwiz_negatives,CC BY 4.0,e59692e7da835eb9615a42c4b710b8b90e83b4a77612ff82c4bdc74dcf1738ad,919173798f27df47
vizwiz_negatives_background_VizWiz_train_00017273.jpg,background,vizwiz_negatives,CC BY 4.0,049cd4192d6e62ff2df5ec7106b38adeff2b8d646b0f4f9a623506a4a6ac4c0b,f8ff6372f0301f0f
vizwiz_negatives_background_VizWiz_train_00017292.jpg,background,vizwiz_negatives,CC BY 4.0,d5f04c60b4b67ce8d88bbc3c4ce07c4210ece87e2f4db3d7e897a0c934758ac3,00000001000283c0
vizwiz_negatives_background_VizWiz_train_00017300.jpg,background,vizwiz_negatives,CC BY 4.0,750c47a626d360b105efa7a3a6e951bec570aa8a64244ae20e309bbf0a58dbae,e5f8e7a7b5b7b5b6
vizwiz_negatives_background_VizWiz_train_00017314.jpg,background,vizwiz_negatives,CC BY 4.0,8149c328188660f372c123fc307bd3eb8fc0f9603a254e65cdefea60936efe34,bf9f9fbeeeefb358
vizwiz_negatives_background_VizWiz_train_00017334.jpg,background,vizwiz_negatives,CC BY 4.0,d44ce332fdff7f188c8bd2a2abce7441d0e7061f8e3e11ef54d041e5bc19b7fc,8cccccdd3cddbce4
vizwiz_negatives_background_VizWiz_train_00017340.jpg,background,vizwiz_negatives,CC BY 4.0,e7fe68bc3b97e40b14ba1c7f676c7489963627a41c18b7ecedf7fb3f96f6dd71,70b0584b43070405
vizwiz_negatives_background_VizWiz_train_00017343.jpg,background,vizwiz_negatives,CC BY 4.0,98f337050abb6f5447dfcb3ecf9a3038a11d10cb8211d47cc4a372fcfb2c6fa0,24c0e0e4e4f0f038
vizwiz_negatives_background_VizWiz_train_00017430.jpg,background,vizwiz_negatives,CC BY 4.0,df64b73847eabf64d31ba574b9b8a0a2168cf4fcd23c02727fb423c3fecf6863,b3e30e3a2a76fe69
vizwiz_negatives_background_VizWiz_train_00017463.jpg,background,vizwiz_negatives,CC BY 4.0,56031f39df7d237df3646cb0763b721f0fd4a6d04646fc8bb73fe578677c80ce,23733d7b7b69cb4b
vizwiz_negatives_background_VizWiz_train_00017485.jpg,background,vizwiz_negatives,CC BY 4.0,52da3b25a9df29aa953ff5f1088c0c40f9ed9341ca456fe372b6c6771104ad78,00806060c8d818f0
vizwiz_negatives_background_VizWiz_train_00017511.jpg,background,vizwiz_negatives,CC BY 4.0,2a4c462c638e682f836aaf4e685d2594a025252052a0a4f6fb62a29701e77f18,5d394f3ff0c0c8e0
vizwiz_negatives_background_VizWiz_train_00017532.jpg,background,vizwiz_negatives,CC BY 4.0,30822d3adf7d5424781dfe231b618ee5a909d99cb5028b508ff5e69c49494075,c8e0f9fdf7771d81
vizwiz_negatives_background_VizWiz_train_00017569.jpg,background,vizwiz_negatives,CC BY 4.0,01437db2c95f8239b0e9c7e9b59c3bf009e6908c58417009a92793f28afebb51,dad8daffffff0584
vizwiz_negatives_background_VizWiz_train_00017638.jpg,background,vizwiz_negatives,CC BY 4.0,bfb9d634e83b9cb4512ceae45011d4c7ed1729b9034720a29b9f129a477c3599,0880c0c880008088
vizwiz_negatives_background_VizWiz_train_00017675.jpg,background,vizwiz_negatives,CC BY 4.0,3b3c7ab96ab8212a6a8a4d294929ae54bdedf3e6972d7e2bf44e4c732e85cfa1,c32325a4a4e828b4
vizwiz_negatives_background_VizWiz_train_00017905.jpg,background,vizwiz_negatives,CC BY 4.0,718ae1cee3d43a8081d0e661c31219b1f1854211d36197cab92f8df75bd5c762,e0847ec7a5f797f7
vizwiz_negatives_background_VizWiz_train_00017974.jpg,background,vizwiz_negatives,CC BY 4.0,42144ad7064674e3afc64594720ca1f598d723654ef66be8a297bb5835a196e8,c6c8cd0496806140
vizwiz_negatives_background_VizWiz_train_00018080.jpg,background,vizwiz_negatives,CC BY 4.0,b6f4b44acb5a9663c6f673d6ec289f7aba536759f2202a6e7f6576361d110ceb,efeefb6bebeb6b6f
vizwiz_negatives_background_VizWiz_train_00018120.jpg,background,vizwiz_negatives,CC BY 4.0,d00db42569e240a9d54a5bdd2823c247e6a16fc0ea53b322680767b4c041e387,4c4f33b95d1f1fff
vizwiz_negatives_background_VizWiz_train_00018174.jpg,background,vizwiz_negatives,CC BY 4.0,0fd458c1b47e15f7e7ca6d984e2143f67979361b33287ad0b00f5b8f9d92f9b9,fb4ffc7f797e0301
vizwiz_negatives_background_VizWiz_train_00018210.jpg,background,vizwiz_negatives,CC BY 4.0,b95b48bd34e714a1de75a05be6e27f6c1e969536f2a25f46e26407ba8f9ca0ef,f0f8d8bcb8fcfefb
vizwiz_negatives_background_VizWiz_train_00018273.jpg,background,vizwiz_negatives,CC BY 4.0,0cfc51a9b63d7f82bbbe1bceee02859be80edbc2400c77fd9c22d41f2eeeb066,3d2f0f0f0f0f1e26
vizwiz_negatives_background_VizWiz_train_00018300.jpg,background,vizwiz_negatives,CC BY 4.0,2569af09075f401bc38980962a22cd74198f986673829cbb46b8f74a09738337,8e9effd6e4ef6ac0
vizwiz_negatives_background_VizWiz_train_00018361.jpg,background,vizwiz_negatives,CC BY 4.0,d07785834c38320ec5e18d7ce919f705c5ec54df4cdb13740ab441fe04092d45,9919d93999490909
vizwiz_negatives_background_VizWiz_train_00018411.jpg,background,vizwiz_negatives,CC BY 4.0,d68809d1e7875fa47b87aca8399ea9fc23d420d06f449699d95e82aacea9be7b,4161c1c2400000e0
vizwiz_negatives_background_VizWiz_train_00018428.jpg,background,vizwiz_negatives,CC BY 4.0,006e1cabeeb0139082e8074aa75f5496c2173ae0e0a753e3223cdbaca465bef1,579393c493a2ca4e
vizwiz_negatives_background_VizWiz_train_00018435.jpg,background,vizwiz_negatives,CC BY 4.0,2831e8c2b3ad9af3a1dc87ad5b7a1434012483fc44c2d6521de1c4eeea456bb5,070e2f6e6f0f4567
vizwiz_negatives_background_VizWiz_train_00018520.jpg,background,vizwiz_negatives,CC BY 4.0,a56ce2f7093a4f70a1545687fa8ba9c05f40160743405682d19e9e53cdd034a8,ecccdeda9a969e9c
vizwiz_negatives_background_VizWiz_train_00018545.jpg,background,vizwiz_negatives,CC BY 4.0,b4219462801dccc1730f6505e6a5cd942f89336af4031a3a527ea23370e34eba,e089b082a174b0da
vizwiz_negatives_background_VizWiz_train_00018551.jpg,background,vizwiz_negatives,CC BY 4.0,62be06c97e8881865e7a21690d13c289a7fb57c057f0c89c9d55f094dfe3cc5f,8446d0587cf4b8df
vizwiz_negatives_background_VizWiz_train_00018610.jpg,background,vizwiz_negatives,CC BY 4.0,f16fe2c27b4428c713b60da3590e895c9af3ec627def4835a934d6317685506c,0c73734949cf33f3
vizwiz_negatives_background_VizWiz_train_00018691.jpg,background,vizwiz_negatives,CC BY 4.0,bf603c0b34ada397baa62005b1ba2fab4e7bf486a5c7456706d607229d877f1c,cd4d131baf251fb7
vizwiz_negatives_background_VizWiz_train_00018767.jpg,background,vizwiz_negatives,CC BY 4.0,75507a9f8989bc73892531550122ac5e42bc62ae57e57cebcd2a837adefcd356,0060816068fefcfe
vizwiz_negatives_background_VizWiz_train_00018771.jpg,background,vizwiz_negatives,CC BY 4.0,9dcb1229926bce9e5e598349995491b543fe0916bbd1d3f1b8fe1bab4216b7a0,61218000000901c1
vizwiz_negatives_background_VizWiz_train_00018772.jpg,background,vizwiz_negatives,CC BY 4.0,d20b4990a4dcbfbc924e5dee4901eb40d5753d7534ccb2c3e77465db61ee841a,59f4f6fcdedee078
vizwiz_negatives_background_VizWiz_train_00018787.jpg,background,vizwiz_negatives,CC BY 4.0,a776652dc1ba0049f99ce91e8773880afe342cf97ec84b7ead6be60f93e8e1be,8ccdf0f8f8f0f8fc
vizwiz_negatives_background_VizWiz_train_00018801.jpg,background,vizwiz_negatives,CC BY 4.0,b2586de58ab2e1486a70ec77cf13a4f7a2528fd51753ca600e7e212b16accb23,f0f8e8e8e0b03023
vizwiz_negatives_background_VizWiz_train_00018880.jpg,background,vizwiz_negatives,CC BY 4.0,aec3fc47b4b6b85306d5d5084c1d77da2599619cea410d43dd8a4bde97033927,4eb4b4b499b9b838
vizwiz_negatives_background_VizWiz_train_00018948.jpg,background,vizwiz_negatives,CC BY 4.0,436c14f32da3468f20525697d7d95debadaabecd8fbfc0f3cad866d05234b721,1cfcf0f0f0f0f0f0
vizwiz_negatives_background_VizWiz_train_00018972.jpg,background,vizwiz_negatives,CC BY 4.0,9c635f87c0fad78fce59ffaab725684e63bbd14ad8f70a642d03147106da9c3d,c6c6969693933323
vizwiz_negatives_background_VizWiz_train_00019085.jpg,background,vizwiz_negatives,CC BY 4.0,eac16dfd546235b988a00131d2aef0ed2919ebb887370b78303e8fb149e2be9e,167b733f6727bf3f
vizwiz_negatives_background_VizWiz_train_00019195.jpg,background,vizwiz_negatives,CC BY 4.0,881aafa7ce1c4b6b769f5dac0108507ce0d7230a3d8048a9d2876c1f8fb4b71e,1ed6cad6c6e6e66c
vizwiz_negatives_background_VizWiz_train_00019287.jpg,background,vizwiz_negatives,CC BY 4.0,47998ff167924bab657b40945adf93b9c98501f34f305d3547670a4bf2a76afe,4fe4c5c702030100
vizwiz_negatives_background_VizWiz_train_00019321.jpg,background,vizwiz_negatives,CC BY 4.0,f54fd8b6d13a437eb7dbaaeb0388309fde8a3413d2da0acd00980ed3620dbc97,c190240000480800
vizwiz_negatives_background_VizWiz_train_00019340.jpg,background,vizwiz_negatives,CC BY 4.0,ab4dd287659106622d0d770316add99aadb898c553f2d9adddce2420dcfd6d6a,eea02c06c3c3033f
vizwiz_negatives_background_VizWiz_train_00019342.jpg,background,vizwiz_negatives,CC BY 4.0,dc1d2e5694115228710da579a991e85cdbdf567bb7a5bb2929e92b5259e1f70d,f4f0f8def2f0f0f0
vizwiz_negatives_background_VizWiz_train_00019344.jpg,background,vizwiz_negatives,CC BY 4.0,ffef609606bbf30cd2145a4c04a7835fd758c30d312e0539cf9a4438cd8b1faa,c4b4b6717c4ed687
vizwiz_negatives_background_VizWiz_train_00019383.jpg,background,vizwiz_negatives,CC BY 4.0,6bf7c67e04ef5fd5f5943f316cd0fb7e3f763b642363bafe745d2db70e65e4f6,08f4c2e060f0c0c0
vizwiz_negatives_background_VizWiz_train_00019414.jpg,background,vizwiz_negatives,CC BY 4.0,720167240a39410b8f4ab0636f61bd085dc0f10fe7298b3cf2ce719637baccec,0000000600788638
vizwiz_negatives_background_VizWiz_train_00019500.jpg,background,vizwiz_negatives,CC BY 4.0,c63aa8ce4ca1fb5266d4a64a15374dd54dce2aa7d042b20036fe8f7b44085fb8,c0c0808080301000
vizwiz_negatives_background_VizWiz_train_00019572.jpg,background,vizwiz_negatives,CC BY 4.0,465dd66499bdbe205c0bea173d82357698a1359287267016963f237f4daa9a48,00081e9692c34c60
vizwiz_negatives_background_VizWiz_train_00019592.jpg,background,vizwiz_negatives,CC BY 4.0,da53361596ec51a0bdb5a787c823fe64cba3fddf36968a272918892ee80655b0,143081616044c505
vizwiz_negatives_background_VizWiz_train_00019594.jpg,background,vizwiz_negatives,CC BY 4.0,ff1e2bdb30203a78a8ecd3f2765ab5449e27c75a3006349d3fff4ac281cdeda7,acc90192d252d141
vizwiz_negatives_background_VizWiz_train_00019623.jpg,background,vizwiz_negatives,CC BY 4.0,4dec26edc32b0fc50747cc1c46e6af817e109fecd452a984a3f10d7b2d4f7c15,98816171f1001688
vizwiz_negatives_background_VizWiz_train_00019723.jpg,background,vizwiz_negatives,CC BY 4.0,16e26b3ac2ea4a592a300b1ce4d42849c7e16b108ca173acaf75b566019a95e6,e0dac3919181e105
vizwiz_negatives_background_VizWiz_train_00019766.jpg,background,vizwiz_negatives,CC BY 4.0,94c882b1cdb85ca9d6cf7b27f417371bfebc7ce4aa3575a5e9efd6a6e0df43ee,67279f4070371011
vizwiz_negatives_background_VizWiz_train_00019799.jpg,background,vizwiz_negatives,CC BY 4.0,f79e08b53211d0e9ee273dd4cb02f593b953ed7062221a07da56476e44024c7c,61d0a6e162650bc6
vizwiz_negatives_background_VizWiz_train_00019815.jpg,background,vizwiz_negatives,CC BY 4.0,92eb62a82e0edc9859e5b7e0514af0dcc74a8ee4319c4d5c353b1916388e5551,0e0f3f49dec43973
vizwiz_negatives_background_VizWiz_train_00019816.jpg,background,vizwiz_negatives,CC BY 4.0,0da570d2a4da90e9efd6e6125d2087e0065680f705f8db84318731296ebd8ae1,0101808c8c064642
vizwiz_negatives_background_VizWiz_train_00019870.jpg,background,vizwiz_negatives,CC BY 4.0,cb0ea8389791f312874f7a212b2c40e3600d72e444cf58e0a3a52df77636ce58,20c68c8cce4c93d3
vizwiz_negatives_background_VizWiz_train_00019883.jpg,background,vizwiz_negatives,CC BY 4.0,b13c6a8f09875bb12e58e6967a84897b7792ebaf3e0542941f010087118eea2e,603c36267ffc1e1b
vizwiz_negatives_background_VizWiz_train_00019916.jpg,background,vizwiz_negatives,CC BY 4.0,d722659b7e736e88ce96161a1ad9f3d0ef359f02079b490d2f194f77c8e3e3aa,f07cde3e5e6c25b2
vizwiz_negatives_background_VizWiz_train_00019977.jpg,background,vizwiz_negatives,CC BY 4.0,1d95bd2bbb9086297471a98550cf86aa33f1229dba046fc073820ca69878442b,2d319a8b80804280
vizwiz_negatives_background_VizWiz_train_00023435.jpg,background,vizwiz_negatives,CC BY 4.0,9f748ec4f379b35ab42f2a1858ed7a466da2fea83e540ee840d53cca048523ac,0d31706260213133
vizwiz_negatives_background_VizWiz_train_00023458.jpg,background,vizwiz_negatives,CC BY 4.0,df5a6c0b8275f18bd3b7181dbdb15346400782df9d58c14cd3b754663fd812ab,0a8e8c0c5420e0c9
vizwiz_negatives_background_VizWiz_train_00023468.jpg,background,vizwiz_negatives,CC BY 4.0,7aabd115f50d3a1e2ab82f5a19e21126932a6cda3480d9442027807f3e1ee24d,30008586c9728a67
vizwiz_negatives_background_VizWiz_train_00023599.jpg,background,vizwiz_negatives,CC BY 4.0,390923088748c68f37d7e7188a72348dd4f7d367abbcd8a713dc3925f2cd73b0,8cc0d0d87d2f0504
vizwiz_negatives_background_VizWiz_train_00023624.jpg,background,vizwiz_negatives,CC BY 4.0,60f54c8dd396aca5629eaaa6468d96d37cc0d7d10f4d601a5a5fe062c456881b,932f0fcf3fa0b232
vizwiz_negatives_background_VizWiz_train_00023701.jpg,background,vizwiz_negatives,CC BY 4.0,ecb23139947eb1fcb1ad09be4b70c6085819191bb575c46933ee9dc1c34a8c8d,991918c0b0f06945
vizwiz_negatives_background_VizWiz_train_00023766.jpg,background,vizwiz_negatives,CC BY 4.0,3ca141e919a444e3a7d8f687296b946cc0c04648a140d06db9d2cee5e159d9b1,36efe6e6b35e9020
vizwiz_negatives_background_VizWiz_train_00023774.jpg,background,vizwiz_negatives,CC BY 4.0,656445624f6a8282a7b915a0c00744f0cb311c873a9381cfa0f77c325f0fa2be,87a51d0715153434
vizwiz_negatives_background_VizWiz_train_00023777.jpg,background,vizwiz_negatives,CC BY 4.0,41449618f43d143f58628bb075512eea8cbec73840b5b17410d7dbb774e20931,33f879bf396092b6
vizwiz_negatives_background_VizWiz_train_00023779.jpg,background,vizwiz_negatives,CC BY 4.0,61f4dbb7b6c15d4bf1140063c6bad2d7b4e3df96eccbc9a15a66f5b6ee64ef7c,42acf1fbfefffffc
vizwiz_negatives_background_VizWiz_train_00023806.jpg,background,vizwiz_negatives,CC BY 4.0,a90784ba22096f42e5d472d4d1a100e3b0c5124b512c6d137b480187cbb134b6,430b8b86968606a3
vizwiz_negatives_background_VizWiz_train_00023864.jpg,background,vizwiz_negatives,CC BY 4.0,0f23b475274b877964684927b42a9dbdd6e9020dbbcd0246ab246ae6f2231d2e,8099199998d9d8f8
